source,block_index,k_index,round_index,client_id,actual_noise,categorical_emd_01,lid,sample_count,inferred_target_noise,inferred_emd_base
legacy,0,0,0,100,0.0,0.0,2.833264790691509,200,0.0,0.0
legacy,0,0,0,101,0.0,0.0,2.015884575908101,200,0.0,0.0
legacy,0,0,0,102,0.0,0.0,2.9085358262482317,200,0.0,0.0
legacy,0,0,0,103,0.0,0.0,1.7949806621340045,200,0.0,0.0
legacy,0,0,0,104,0.0,0.0,1.9428078732678522,200,0.0,0.0
legacy,0,0,0,105,0.0,0.01,1.525809340649455,200,0.0,0.0
legacy,0,0,0,106,0.0,0.01,2.5006290607817707,200,0.0,0.0
legacy,0,0,0,107,0.0,0.01,2.882552990315455,200,0.0,0.0
legacy,0,0,0,108,0.0,0.01,2.2435266643490928,200,0.0,0.0
legacy,0,0,0,109,0.0,0.01,2.04889065927429,200,0.0,0.0
legacy,0,0,0,110,0.0,0.02,1.608173731458291,200,0.0,0.0
legacy,0,0,0,111,0.0,0.02,1.9319375152686564,200,0.0,0.0
legacy,0,0,0,112,0.0,0.02,2.5487193573045266,200,0.0,0.0
legacy,0,0,0,113,0.0,0.02,2.8893881734316516,200,0.0,0.0
legacy,0,0,0,114,0.0,0.02,1.8971507142420314,200,0.0,0.0
legacy,0,0,0,115,0.0,0.03,2.4534488944569013,200,0.0,0.0
legacy,0,0,0,116,0.0,0.03,1.8121112220310807,200,0.0,0.0
legacy,0,0,0,117,0.0,0.03,1.7815085941787276,200,0.0,0.0
legacy,0,0,0,118,0.0,0.03,2.843122070446326,200,0.0,0.0
legacy,0,0,0,119,0.0,0.03,2.399594245076347,200,0.0,0.0
legacy,0,0,0,120,0.0,0.04,3.1011490165369024,200,0.0,0.0
legacy,0,0,0,121,0.0,0.04,2.7263148180724226,200,0.0,0.0
legacy,0,0,0,122,0.0,0.04,2.330003140481634,200,0.0,0.0
legacy,0,0,0,123,0.0,0.04,2.472530018094046,200,0.0,0.0
legacy,0,0,0,124,0.0,0.04,2.3203950214382565,200,0.0,0.0
legacy,1,0,1,100,0.0,0.05,3.0082961853945345,200,0.0,0.05
legacy,1,0,1,101,0.0,0.05,2.310286563165384,200,0.0,0.05
legacy,1,0,1,102,0.0,0.05,3.125142228967712,200,0.0,0.05
legacy,1,0,1,103,0.0,0.05,2.0832354740691357,200,0.0,0.05
legacy,1,0,1,104,0.0,0.05,1.9891930206744015,200,0.0,0.05
legacy,1,0,1,105,0.0,0.06,1.7607074584611553,200,0.0,0.05
legacy,1,0,1,106,0.0,0.06,2.8610406512832354,200,0.0,0.05
legacy,1,0,1,107,0.0,0.06,2.9923450588317677,200,0.0,0.05
legacy,1,0,1,108,0.0,0.06,1.8408862357181952,200,0.0,0.05
legacy,1,0,1,109,0.0,0.06,2.0368183072856394,200,0.0,0.05
legacy,1,0,1,110,0.0,0.07,1.7767975421632374,200,0.0,0.05
legacy,1,0,1,111,0.0,0.07,2.0416417582891597,200,0.0,0.05
legacy,1,0,1,112,0.0,0.07,2.7507618878249733,200,0.0,0.05
legacy,1,0,1,113,0.0,0.07,2.932090263503503,200,0.0,0.05
legacy,1,0,1,114,0.0,0.07,1.9165323691473606,200,0.0,0.05
legacy,1,0,1,115,0.0,0.08,2.440677229352037,200,0.0,0.05
legacy,1,0,1,116,0.0,0.08,2.0191111582152796,200,0.0,0.05
legacy,1,0,1,117,0.0,0.08,1.6177979821455823,200,0.0,0.05
legacy,1,0,1,118,0.0,0.08,3.0176029960734727,200,0.0,0.05
legacy,1,0,1,119,0.0,0.08,2.284554257516226,200,0.0,0.05
legacy,1,0,1,120,0.0,0.09,2.807911072512095,200,0.0,0.05
legacy,1,0,1,121,0.0,0.09,2.5283971777019847,200,0.0,0.05
legacy,1,0,1,122,0.0,0.09,2.5408241648492447,200,0.0,0.05
legacy,1,0,1,123,0.0,0.09,2.246089408353725,200,0.0,0.05
legacy,1,0,1,124,0.0,0.09,2.083521786483853,200,0.0,0.05
legacy,2,0,2,100,0.0,0.1,2.884367865366743,200,0.0,0.1
legacy,2,0,2,101,0.0,0.1,2.3194932600707547,200,0.0,0.1
legacy,2,0,2,102,0.0,0.1,2.626350381376249,200,0.0,0.1
legacy,2,0,2,103,0.0,0.1,2.1399378990265574,200,0.0,0.1
legacy,2,0,2,104,0.0,0.1,2.0985634967732483,200,0.0,0.1
legacy,2,0,2,105,0.0,0.11,1.959051239049532,200,0.0,0.1
legacy,2,0,2,106,0.0,0.11,2.575908004931006,200,0.0,0.1
legacy,2,0,2,107,0.0,0.11,3.1057031060685296,200,0.0,0.1
legacy,2,0,2,108,0.0,0.11,2.3606449648847723,200,0.0,0.1
legacy,2,0,2,109,0.0,0.11,2.206856088095336,200,0.0,0.1
legacy,2,0,2,110,0.0,0.12,1.9108748609405808,200,0.0,0.1
legacy,2,0,2,111,0.0,0.12,2.128075163312523,200,0.0,0.1
legacy,2,0,2,112,0.0,0.12,2.287397829030458,200,0.0,0.1
legacy,2,0,2,113,0.0,0.12,2.701715577963888,200,0.0,0.1
legacy,2,0,2,114,0.0,0.12,2.1706701737180008,200,0.0,0.1
legacy,2,0,2,115,0.0,0.13,2.5032440470195967,200,0.0,0.1
legacy,2,0,2,116,0.0,0.13,1.825018530960842,200,0.0,0.1
legacy,2,0,2,117,0.0,0.13,1.7999968411525438,200,0.0,0.1
legacy,2,0,2,118,0.0,0.13,2.7069575543559887,200,0.0,0.1
legacy,2,0,2,119,0.0,0.13,2.1876670516184316,200,0.0,0.1
legacy,2,0,2,120,0.0,0.14,2.6786922623153946,200,0.0,0.1
legacy,2,0,2,121,0.0,0.14,2.322310063802576,200,0.0,0.1
legacy,2,0,2,122,0.0,0.14,2.5112216877715796,200,0.0,0.1
legacy,2,0,2,123,0.0,0.14,2.4873047953692997,200,0.0,0.1
legacy,2,0,2,124,0.0,0.14,2.299735105188442,200,0.0,0.1
legacy,3,0,3,100,0.0,0.15,2.6714704172733574,200,0.0,0.15000000000000002
legacy,3,0,3,101,0.0,0.15,2.557838167456919,200,0.0,0.15000000000000002
legacy,3,0,3,102,0.0,0.15,2.742278966100863,200,0.0,0.15000000000000002
legacy,3,0,3,103,0.0,0.15,2.0625018642923574,200,0.0,0.15000000000000002
legacy,3,0,3,104,0.0,0.15,2.4554403575152195,200,0.0,0.15000000000000002
legacy,3,0,3,105,0.0,0.16,2.1349283305420754,200,0.0,0.15000000000000002
legacy,3,0,3,106,0.0,0.16,2.9130179532108884,200,0.0,0.15000000000000002
legacy,3,0,3,107,0.0,0.16,2.7165354936227506,200,0.0,0.15000000000000002
legacy,3,0,3,108,0.0,0.16,2.1443180676399707,200,0.0,0.15000000000000002
legacy,3,0,3,109,0.0,0.16,2.7303151114428794,200,0.0,0.15000000000000002
legacy,3,0,3,110,0.0,0.17,2.336296609816068,200,0.0,0.15000000000000002
legacy,3,0,3,111,0.0,0.17,2.0972970387963645,200,0.0,0.15000000000000002
legacy,3,0,3,112,0.0,0.17,2.449081286873359,200,0.0,0.15000000000000002
legacy,3,0,3,113,0.0,0.17,2.8304553943673425,200,0.0,0.15000000000000002
legacy,3,0,3,114,0.0,0.17,2.2880825078072666,200,0.0,0.15000000000000002
legacy,3,0,3,115,0.0,0.18,2.4306482700663703,200,0.0,0.15000000000000002
legacy,3,0,3,116,0.0,0.18,2.1107991963917585,200,0.0,0.15000000000000002
legacy,3,0,3,117,0.0,0.18,2.154835247993648,200,0.0,0.15000000000000002
legacy,3,0,3,118,0.0,0.18,2.7069610464168528,200,0.0,0.15000000000000002
legacy,3,0,3,119,0.0,0.18,2.2674004508989425,200,0.0,0.15000000000000002
legacy,3,0,3,120,0.0,0.19,2.775526274673589,200,0.0,0.15000000000000002
legacy,3,0,3,121,0.0,0.19,2.594996063925927,200,0.0,0.15000000000000002
legacy,3,0,3,122,0.0,0.19,2.4451356494125425,200,0.0,0.15000000000000002
legacy,3,0,3,123,0.0,0.19,2.589170110108967,200,0.0,0.15000000000000002
legacy,3,0,3,124,0.0,0.19,2.3997523082604384,200,0.0,0.15000000000000002
legacy,4,0,4,100,0.0,0.2,2.1489578329318584,200,0.0,0.2
legacy,4,0,4,101,0.0,0.2,2.7709097556589426,200,0.0,0.2
legacy,4,0,4,102,0.0,0.2,3.0720875971785215,200,0.0,0.2
legacy,4,0,4,103,0.0,0.2,2.2695567300415003,200,0.0,0.2
legacy,4,0,4,104,0.0,0.2,2.2284815922978165,200,0.0,0.2
legacy,4,0,4,105,0.0,0.21,2.1179819791188867,200,0.0,0.2
legacy,4,0,4,106,0.0,0.21,2.4167475546032375,200,0.0,0.2
legacy,4,0,4,107,0.0,0.21,2.9689790617411296,200,0.0,0.2
legacy,4,0,4,108,0.0,0.21,2.6442995578739565,200,0.0,0.2
legacy,4,0,4,109,0.0,0.21,2.563987196662071,200,0.0,0.2
legacy,4,0,4,110,0.0,0.22,2.1823159137328974,200,0.0,0.2
legacy,4,0,4,111,0.0,0.22,2.0440257333396796,200,0.0,0.2
legacy,4,0,4,112,0.0,0.22,2.6426423172858273,200,0.0,0.2
legacy,4,0,4,113,0.0,0.22,2.6237504542951853,200,0.0,0.2
legacy,4,0,4,114,0.0,0.22,2.6238235695443652,200,0.0,0.2
legacy,4,0,4,115,0.0,0.23,2.57520979558064,200,0.0,0.2
legacy,4,0,4,116,0.0,0.23,2.2928418247844395,200,0.0,0.2
legacy,4,0,4,117,0.0,0.23,2.5597378120626164,200,0.0,0.2
legacy,4,0,4,118,0.0,0.23,2.6995789793283453,200,0.0,0.2
legacy,4,0,4,119,0.0,0.23,2.2866639126703245,200,0.0,0.2
legacy,4,0,4,120,0.0,0.24,2.6552016247007977,200,0.0,0.2
legacy,4,0,4,121,0.0,0.24,2.7361142979278976,200,0.0,0.2
legacy,4,0,4,122,0.0,0.24,2.471008233484146,200,0.0,0.2
legacy,4,0,4,123,0.0,0.24,2.429755126509063,200,0.0,0.2
legacy,4,0,4,124,0.0,0.24,2.3645333237463584,200,0.0,0.2
legacy,5,0,5,100,0.0,0.25,2.1203377970131116,200,0.0,0.25
legacy,5,0,5,101,0.0,0.25,2.6342896492519485,200,0.0,0.25
legacy,5,0,5,102,0.0,0.25,2.816981807372016,200,0.0,0.25
legacy,5,0,5,103,0.0,0.25,2.4036176719646143,200,0.0,0.25
legacy,5,0,5,104,0.0,0.25,2.5111572917319602,200,0.0,0.25
legacy,5,0,5,105,0.0,0.26,2.2855365386315145,200,0.0,0.25
legacy,5,0,5,106,0.0,0.26,3.1479008653462808,200,0.0,0.25
legacy,5,0,5,107,0.0,0.26,2.4703003864996167,200,0.0,0.25
legacy,5,0,5,108,0.0,0.26,2.408396753355799,200,0.0,0.25
legacy,5,0,5,109,0.0,0.26,2.782172498446166,200,0.0,0.25
legacy,5,0,5,110,0.0,0.27,2.5909264657410427,200,0.0,0.25
legacy,5,0,5,111,0.0,0.27,2.524536402010365,200,0.0,0.25
legacy,5,0,5,112,0.0,0.27,2.338228146116398,200,0.0,0.25
legacy,5,0,5,113,0.0,0.27,2.6754568106034884,200,0.0,0.25
legacy,5,0,5,114,0.0,0.27,2.3346141124227606,200,0.0,0.25
legacy,5,0,5,115,0.0,0.28,2.615403322570428,200,0.0,0.25
legacy,5,0,5,116,0.0,0.28,2.4173351203394757,200,0.0,0.25
legacy,5,0,5,117,0.0,0.28,2.162379685334753,200,0.0,0.25
legacy,5,0,5,118,0.0,0.28,2.719934385401061,200,0.0,0.25
legacy,5,0,5,119,0.0,0.28,2.556826658953949,200,0.0,0.25
legacy,5,0,5,120,0.0,0.29,2.3456964419248267,200,0.0,0.25
legacy,5,0,5,121,0.0,0.29,2.5012526586195163,200,0.0,0.25
legacy,5,0,5,122,0.0,0.29,2.693948283855895,200,0.0,0.25
legacy,5,0,5,123,0.0,0.29,2.6129324538055947,200,0.0,0.25
legacy,5,0,5,124,0.0,0.29,2.580787051321003,200,0.0,0.25
legacy,6,0,6,100,0.0,0.3,2.2563908333570524,200,0.0,0.30000000000000004
legacy,6,0,6,101,0.0,0.3,2.5331178278860818,200,0.0,0.30000000000000004
legacy,6,0,6,102,0.0,0.3,2.5547885093511082,200,0.0,0.30000000000000004
legacy,6,0,6,103,0.0,0.3,2.408578146211124,200,0.0,0.30000000000000004
legacy,6,0,6,104,0.0,0.3,2.32623902382006,200,0.0,0.30000000000000004
legacy,6,0,6,105,0.0,0.31,2.44109330412982,200,0.0,0.30000000000000004
legacy,6,0,6,106,0.0,0.31,2.6845707177479223,200,0.0,0.30000000000000004
legacy,6,0,6,107,0.0,0.31,2.537370240477961,200,0.0,0.30000000000000004
legacy,6,0,6,108,0.0,0.31,2.526765312537012,200,0.0,0.30000000000000004
legacy,6,0,6,109,0.0,0.31,2.3727780786916464,200,0.0,0.30000000000000004
legacy,6,0,6,110,0.0,0.32,2.5381162057805695,200,0.0,0.30000000000000004
legacy,6,0,6,111,0.0,0.32,2.588595840643242,200,0.0,0.30000000000000004
legacy,6,0,6,112,0.0,0.32,2.7275910210799386,200,0.0,0.30000000000000004
legacy,6,0,6,113,0.0,0.32,2.5253213804300985,200,0.0,0.30000000000000004
legacy,6,0,6,114,0.0,0.32,2.2928114163813467,200,0.0,0.30000000000000004
legacy,6,0,6,115,0.0,0.33,2.5605718283490844,200,0.0,0.30000000000000004
legacy,6,0,6,116,0.0,0.33,2.5573729835173005,200,0.0,0.30000000000000004
legacy,6,0,6,117,0.0,0.33,2.4744207297947374,200,0.0,0.30000000000000004
legacy,6,0,6,118,0.0,0.33,2.3963119805293176,200,0.0,0.30000000000000004
legacy,6,0,6,119,0.0,0.33,2.4081523498998383,200,0.0,0.30000000000000004
legacy,6,0,6,120,0.0,0.34,2.7985973089317038,200,0.0,0.30000000000000004
legacy,6,0,6,121,0.0,0.34,2.5695539877843725,200,0.0,0.30000000000000004
legacy,6,0,6,122,0.0,0.34,2.4955369755627963,200,0.0,0.30000000000000004
legacy,6,0,6,123,0.0,0.34,2.5278030623330503,200,0.0,0.30000000000000004
legacy,6,0,6,124,0.0,0.34,2.6562971242504854,200,0.0,0.30000000000000004
legacy,7,0,7,100,0.0,0.35,2.651775125971872,200,0.0,0.35000000000000003
legacy,7,0,7,101,0.0,0.35,2.700162415655716,200,0.0,0.35000000000000003
legacy,7,0,7,102,0.0,0.35,2.292796905838985,200,0.0,0.35000000000000003
legacy,7,0,7,103,0.0,0.35,2.711010817006071,200,0.0,0.35000000000000003
legacy,7,0,7,104,0.0,0.35,2.407823332771347,200,0.0,0.35000000000000003
legacy,7,0,7,105,0.0,0.36,2.432249824687804,200,0.0,0.35000000000000003
legacy,7,0,7,106,0.0,0.36,2.5208847628063493,200,0.0,0.35000000000000003
legacy,7,0,7,107,0.0,0.36,2.35953053768245,200,0.0,0.35000000000000003
legacy,7,0,7,108,0.0,0.36,2.4036381765249764,200,0.0,0.35000000000000003
legacy,7,0,7,109,0.0,0.36,2.4728260704860734,200,0.0,0.35000000000000003
legacy,7,0,7,110,0.0,0.37,2.4736441434753327,200,0.0,0.35000000000000003
legacy,7,0,7,111,0.0,0.37,2.602777859652101,200,0.0,0.35000000000000003
legacy,7,0,7,112,0.0,0.37,2.730339280486762,200,0.0,0.35000000000000003
legacy,7,0,7,113,0.0,0.37,2.3717611981691733,200,0.0,0.35000000000000003
legacy,7,0,7,114,0.0,0.37,2.6077915399650773,200,0.0,0.35000000000000003
legacy,7,0,7,115,0.0,0.38,2.5107564551571095,200,0.0,0.35000000000000003
legacy,7,0,7,116,0.0,0.38,2.0049257792900157,200,0.0,0.35000000000000003
legacy,7,0,7,117,0.0,0.38,2.3591033088771054,200,0.0,0.35000000000000003
legacy,7,0,7,118,0.0,0.38,2.101415616257461,200,0.0,0.35000000000000003
legacy,7,0,7,119,0.0,0.38,2.7084373479671164,200,0.0,0.35000000000000003
legacy,7,0,7,120,0.0,0.39,2.2553231892919077,200,0.0,0.35000000000000003
legacy,7,0,7,121,0.0,0.39,2.7144803946723313,200,0.0,0.35000000000000003
legacy,7,0,7,122,0.0,0.39,2.9323714099103904,200,0.0,0.35000000000000003
legacy,7,0,7,123,0.0,0.39,2.653888393269119,200,0.0,0.35000000000000003
legacy,7,0,7,124,0.0,0.39,2.3941903720483726,200,0.0,0.35000000000000003
legacy,8,0,8,100,0.0,0.4,2.5215062674504827,200,0.0,0.4
legacy,8,0,8,101,0.0,0.4,2.5390992337042673,200,0.0,0.4
legacy,8,0,8,102,0.0,0.4,2.4386120434894183,200,0.0,0.4
legacy,8,0,8,103,0.0,0.4,2.252319574375228,200,0.0,0.4
legacy,8,0,8,104,0.0,0.4,2.385187039753893,200,0.0,0.4
legacy,8,0,8,105,0.0,0.41,2.4494875196596677,200,0.0,0.4
legacy,8,0,8,106,0.0,0.41,2.494636380881319,200,0.0,0.4
legacy,8,0,8,107,0.0,0.41,2.435801073326067,200,0.0,0.4
legacy,8,0,8,108,0.0,0.41,2.371913073918883,200,0.0,0.4
legacy,8,0,8,109,0.0,0.41,2.3079659635577876,200,0.0,0.4
legacy,8,0,8,110,0.0,0.42,2.49372906107651,200,0.0,0.4
legacy,8,0,8,111,0.0,0.42,2.5160611545824882,200,0.0,0.4
legacy,8,0,8,112,0.0,0.42,2.5486728673183032,200,0.0,0.4
legacy,8,0,8,113,0.0,0.42,2.368076920262664,200,0.0,0.4
legacy,8,0,8,114,0.0,0.42,2.405946099426472,200,0.0,0.4
legacy,8,0,8,115,0.0,0.43,2.433350017780698,200,0.0,0.4
legacy,8,0,8,116,0.0,0.43,2.662171290931941,200,0.0,0.4
legacy,8,0,8,117,0.0,0.43,2.7825632429447773,200,0.0,0.4
legacy,8,0,8,118,0.0,0.43,2.219525402630053,200,0.0,0.4
legacy,8,0,8,119,0.0,0.43,2.7450775883386327,200,0.0,0.4
legacy,8,0,8,120,0.0,0.44,2.1385477941115925,200,0.0,0.4
legacy,8,0,8,121,0.0,0.44,2.5959333231176362,200,0.0,0.4
legacy,8,0,8,122,0.0,0.44,2.5492297635842296,200,0.0,0.4
legacy,8,0,8,123,0.0,0.44,2.498599265209379,200,0.0,0.4
legacy,8,0,8,124,0.0,0.44,2.558820806744943,200,0.0,0.4
legacy,9,0,9,100,0.0,0.45,2.2109057427901853,200,0.0,0.45
legacy,9,0,9,101,0.0,0.45,2.3977342683933234,200,0.0,0.45
legacy,9,0,9,102,0.0,0.45,2.297904601390919,200,0.0,0.45
legacy,9,0,9,103,0.0,0.45,2.6027007593929543,200,0.0,0.45
legacy,9,0,9,104,0.0,0.45,2.472498329505538,200,0.0,0.45
legacy,9,0,9,105,0.0,0.46,2.7263754673969682,200,0.0,0.45
legacy,9,0,9,106,0.0,0.46,2.4132472546276507,200,0.0,0.45
legacy,9,0,9,107,0.0,0.46,2.213217872472413,200,0.0,0.45
legacy,9,0,9,108,0.0,0.46,2.5040056803576722,200,0.0,0.45
legacy,9,0,9,109,0.0,0.46,2.5806795940625453,200,0.0,0.45
legacy,9,0,9,110,0.0,0.47,2.571700790561709,200,0.0,0.45
legacy,9,0,9,111,0.0,0.47,2.796080103470351,200,0.0,0.45
legacy,9,0,9,112,0.0,0.47,2.5434080598802336,200,0.0,0.45
legacy,9,0,9,113,0.0,0.47,2.3388742542914773,200,0.0,0.45
legacy,9,0,9,114,0.0,0.47,2.518830275188246,200,0.0,0.45
legacy,9,0,9,115,0.0,0.48,2.5675582148310565,200,0.0,0.45
legacy,9,0,9,116,0.0,0.48,2.8189361109011966,200,0.0,0.45
legacy,9,0,9,117,0.0,0.48,2.571240434015424,200,0.0,0.45
legacy,9,0,9,118,0.0,0.48,2.434153603375268,200,0.0,0.45
legacy,9,0,9,119,0.0,0.48,2.5897718041370013,200,0.0,0.45
legacy,9,0,9,120,0.0,0.49,2.1203771192009366,200,0.0,0.45
legacy,9,0,9,121,0.0,0.49,2.494298235655978,200,0.0,0.45
legacy,9,0,9,122,0.0,0.49,2.7157777213814707,200,0.0,0.45
legacy,9,0,9,123,0.0,0.49,2.34314200484145,200,0.0,0.45
legacy,9,0,9,124,0.0,0.49,2.710038090631118,200,0.0,0.45
legacy,10,0,10,100,0.0,0.5,2.240794826484733,200,0.0,0.5
legacy,10,0,10,101,0.0,0.5,2.588279618056479,200,0.0,0.5
legacy,10,0,10,102,0.0,0.5,2.388246417868042,200,0.0,0.5
legacy,10,0,10,103,0.0,0.5,2.5206063582657157,200,0.0,0.5
legacy,10,0,10,104,0.0,0.5,2.293606010544348,200,0.0,0.5
legacy,10,0,10,105,0.0,0.51,2.5862019905871865,200,0.0,0.5
legacy,10,0,10,106,0.0,0.51,2.6095959043730463,200,0.0,0.5
legacy,10,0,10,107,0.0,0.51,2.1300540969179833,200,0.0,0.5
legacy,10,0,10,108,0.0,0.51,2.435067653846234,200,0.0,0.5
legacy,10,0,10,109,0.0,0.51,2.4422343719156534,200,0.0,0.5
legacy,10,0,10,110,0.0,0.52,2.6349140325235667,200,0.0,0.5
legacy,10,0,10,111,0.0,0.52,2.3017466389593864,200,0.0,0.5
legacy,10,0,10,112,0.0,0.52,2.465476622666126,200,0.0,0.5
legacy,10,0,10,113,0.0,0.52,1.8717289541106361,200,0.0,0.5
legacy,10,0,10,114,0.0,0.52,2.400614814032693,200,0.0,0.5
legacy,10,0,10,115,0.0,0.53,2.484215998328336,200,0.0,0.5
legacy,10,0,10,116,0.0,0.53,2.368352937796305,200,0.0,0.5
legacy,10,0,10,117,0.0,0.53,2.6105242013532894,200,0.0,0.5
legacy,10,0,10,118,0.0,0.53,2.2110282914511443,200,0.0,0.5
legacy,10,0,10,119,0.0,0.53,2.4987212704563238,200,0.0,0.5
legacy,10,0,10,120,0.0,0.54,2.1353262088178395,200,0.0,0.5
legacy,10,0,10,121,0.0,0.54,2.735092541207016,200,0.0,0.5
legacy,10,0,10,122,0.0,0.54,2.3813631379224525,200,0.0,0.5
legacy,10,0,10,123,0.0,0.54,2.516897308408103,200,0.0,0.5
legacy,10,0,10,124,0.0,0.54,2.712271364374981,200,0.0,0.5
legacy,11,0,11,100,0.0,0.55,2.0839487410034634,200,0.0,0.55
legacy,11,0,11,101,0.0,0.55,2.503939400548744,200,0.0,0.55
legacy,11,0,11,102,0.0,0.55,2.3004873953989877,200,0.0,0.55
legacy,11,0,11,103,0.0,0.55,2.3079946940343783,200,0.0,0.55
legacy,11,0,11,104,0.0,0.55,2.6905097227283803,200,0.0,0.55
legacy,11,0,11,105,0.0,0.56,2.3871973358676115,200,0.0,0.55
legacy,11,0,11,106,0.0,0.56,1.9877668677499427,200,0.0,0.55
legacy,11,0,11,107,0.0,0.56,2.3049488621484664,200,0.0,0.55
legacy,11,0,11,108,0.0,0.56,2.764295025784421,200,0.0,0.55
legacy,11,0,11,109,0.0,0.56,2.260547077949324,200,0.0,0.55
legacy,11,0,11,110,0.0,0.57,2.672798429988416,200,0.0,0.55
legacy,11,0,11,111,0.0,0.57,2.686611478634974,200,0.0,0.55
legacy,11,0,11,112,0.0,0.57,2.304986363447956,200,0.0,0.55
legacy,11,0,11,113,0.0,0.57,2.322470033097425,200,0.0,0.55
legacy,11,0,11,114,0.0,0.57,2.270364123487721,200,0.0,0.55
legacy,11,0,11,115,0.0,0.58,2.4186559645168053,200,0.0,0.55
legacy,11,0,11,116,0.0,0.58,2.351090908269014,200,0.0,0.55
legacy,11,0,11,117,0.0,0.58,2.6204029397212647,200,0.0,0.55
legacy,11,0,11,118,0.0,0.58,2.0167264341798603,200,0.0,0.55
legacy,11,0,11,119,0.0,0.58,2.8747232804923715,200,0.0,0.55
legacy,11,0,11,120,0.0,0.59,2.1662794534256173,200,0.0,0.55
legacy,11,0,11,121,0.0,0.59,2.5406230098624256,200,0.0,0.55
legacy,11,0,11,122,0.0,0.59,2.007194732929869,200,0.0,0.55
legacy,11,0,11,123,0.0,0.59,1.9898292356117906,200,0.0,0.55
legacy,11,0,11,124,0.0,0.59,2.8030976067527957,200,0.0,0.55
legacy,12,0,12,100,0.0,0.6,2.170138328247819,200,0.0,0.6000000000000001
legacy,12,0,12,101,0.0,0.6,2.5146940693532907,200,0.0,0.6000000000000001
legacy,12,0,12,102,0.0,0.6,2.348923957896255,200,0.0,0.6000000000000001
legacy,12,0,12,103,0.0,0.6,2.521298727219523,200,0.0,0.6000000000000001
legacy,12,0,12,104,0.0,0.6,2.351605970968052,200,0.0,0.6000000000000001
legacy,12,0,12,105,0.0,0.61,2.558126274748146,200,0.0,0.6000000000000001
legacy,12,0,12,106,0.0,0.61,2.067629989761435,200,0.0,0.6000000000000001
legacy,12,0,12,107,0.0,0.61,2.1734544245419785,200,0.0,0.6000000000000001
legacy,12,0,12,108,0.0,0.61,2.3046788910929363,200,0.0,0.6000000000000001
legacy,12,0,12,109,0.0,0.61,2.420827023297254,200,0.0,0.6000000000000001
legacy,12,0,12,110,0.0,0.62,2.7624916512711604,200,0.0,0.6000000000000001
legacy,12,0,12,111,0.0,0.62,2.5833218071808655,200,0.0,0.6000000000000001
legacy,12,0,12,112,0.0,0.62,2.165815581730706,200,0.0,0.6000000000000001
legacy,12,0,12,113,0.0,0.62,2.2003664022109257,200,0.0,0.6000000000000001
legacy,12,0,12,114,0.0,0.62,2.503227172821522,200,0.0,0.6000000000000001
legacy,12,0,12,115,0.0,0.63,2.789574975271795,200,0.0,0.6000000000000001
legacy,12,0,12,116,0.0,0.63,2.447438987292445,200,0.0,0.6000000000000001
legacy,12,0,12,117,0.0,0.63,2.7971384050474883,200,0.0,0.6000000000000001
legacy,12,0,12,118,0.0,0.63,2.0971545720853686,200,0.0,0.6000000000000001
legacy,12,0,12,119,0.0,0.63,1.9551060871762564,200,0.0,0.6000000000000001
legacy,12,0,12,120,0.0,0.64,1.922054683496841,200,0.0,0.6000000000000001
legacy,12,0,12,121,0.0,0.64,2.4063185917856287,200,0.0,0.6000000000000001
legacy,12,0,12,122,0.0,0.64,2.515830602718719,200,0.0,0.6000000000000001
legacy,12,0,12,123,0.0,0.64,2.3382157845510187,200,0.0,0.6000000000000001
legacy,12,0,12,124,0.0,0.64,2.6875798394378148,200,0.0,0.6000000000000001
legacy,13,0,13,100,0.0,0.65,1.9639611321646562,200,0.0,0.65
legacy,13,0,13,101,0.0,0.65,2.4079413368013074,200,0.0,0.65
legacy,13,0,13,102,0.0,0.65,2.019678466627072,200,0.0,0.65
legacy,13,0,13,103,0.0,0.65,2.781756651650714,200,0.0,0.65
legacy,13,0,13,104,0.0,0.65,2.1608726854179356,200,0.0,0.65
legacy,13,0,13,105,0.0,0.66,2.529452651079805,200,0.0,0.65
legacy,13,0,13,106,0.0,0.66,2.000021702329396,200,0.0,0.65
legacy,13,0,13,107,0.0,0.66,2.2153483962979053,200,0.0,0.65
legacy,13,0,13,108,0.0,0.66,2.1026679033342766,200,0.0,0.65
legacy,13,0,13,109,0.0,0.66,2.1354555880922264,200,0.0,0.65
legacy,13,0,13,110,0.0,0.67,2.4833763065153205,200,0.0,0.65
legacy,13,0,13,111,0.0,0.67,2.9528683237811735,200,0.0,0.65
legacy,13,0,13,112,0.0,0.67,2.186796272664572,200,0.0,0.65
legacy,13,0,13,113,0.0,0.67,1.9785544525995515,200,0.0,0.65
legacy,13,0,13,114,0.0,0.67,2.5259994935564345,200,0.0,0.65
legacy,13,0,13,115,0.0,0.68,2.043012578460142,200,0.0,0.65
legacy,13,0,13,116,0.0,0.68,2.0400482484206974,200,0.0,0.65
legacy,13,0,13,117,0.0,0.68,2.591474542943296,200,0.0,0.65
legacy,13,0,13,118,0.0,0.68,1.910656008838165,200,0.0,0.65
legacy,13,0,13,119,0.0,0.68,2.294720822812013,200,0.0,0.65
legacy,13,0,13,120,0.0,0.69,1.9171889155129802,200,0.0,0.65
legacy,13,0,13,121,0.0,0.69,2.2963578160798046,200,0.0,0.65
legacy,13,0,13,122,0.0,0.69,2.0387080988392157,200,0.0,0.65
legacy,13,0,13,123,0.0,0.69,1.995043768956025,200,0.0,0.65
legacy,13,0,13,124,0.0,0.69,2.617883275077455,200,0.0,0.65
legacy,14,0,14,100,0.0,0.7,2.000657637125355,200,0.0,0.7000000000000001
legacy,14,0,14,101,0.0,0.7,1.7954768965566243,200,0.0,0.7000000000000001
legacy,14,0,14,102,0.0,0.7,1.8962347055683362,200,0.0,0.7000000000000001
legacy,14,0,14,103,0.0,0.7,2.145890067319414,200,0.0,0.7000000000000001
legacy,14,0,14,104,0.0,0.7,2.052837921715741,200,0.0,0.7000000000000001
legacy,14,0,14,105,0.0,0.71,2.7542843573878963,200,0.0,0.7000000000000001
legacy,14,0,14,106,0.0,0.71,1.851888084348608,200,0.0,0.7000000000000001
legacy,14,0,14,107,0.0,0.71,1.859683173398501,200,0.0,0.7000000000000001
legacy,14,0,14,108,0.0,0.71,2.326970175064522,200,0.0,0.7000000000000001
legacy,14,0,14,109,0.0,0.71,2.171348747210879,200,0.0,0.7000000000000001
legacy,14,0,14,110,0.0,0.72,2.342562027309492,200,0.0,0.7000000000000001
legacy,14,0,14,111,0.0,0.72,2.7184565631593514,200,0.0,0.7000000000000001
legacy,14,0,14,112,0.0,0.72,1.910438828694001,200,0.0,0.7000000000000001
legacy,14,0,14,113,0.0,0.72,1.8506389119101285,200,0.0,0.7000000000000001
legacy,14,0,14,114,0.0,0.72,2.2746730594262003,200,0.0,0.7000000000000001
legacy,14,0,14,115,0.0,0.73,2.0943665477181987,200,0.0,0.7000000000000001
legacy,14,0,14,116,0.0,0.73,2.1075973892452637,200,0.0,0.7000000000000001
legacy,14,0,14,117,0.0,0.73,2.485194488188749,200,0.0,0.7000000000000001
legacy,14,0,14,118,0.0,0.73,1.7569752173501518,200,0.0,0.7000000000000001
legacy,14,0,14,119,0.0,0.73,2.216096204643822,200,0.0,0.7000000000000001
legacy,14,0,14,120,0.0,0.74,1.7937165793195033,200,0.0,0.7000000000000001
legacy,14,0,14,121,0.0,0.74,2.401713948417574,200,0.0,0.7000000000000001
legacy,14,0,14,122,0.0,0.74,1.917263120362553,200,0.0,0.7000000000000001
legacy,14,0,14,123,0.0,0.74,2.275653918392614,200,0.0,0.7000000000000001
legacy,14,0,14,124,0.0,0.74,2.559132119572309,200,0.0,0.7000000000000001
legacy,15,0,15,100,0.0,0.75,1.9184522130885489,200,0.0,0.75
legacy,15,0,15,101,0.0,0.75,2.1536866317562926,200,0.0,0.75
legacy,15,0,15,102,0.0,0.75,2.0137432461376683,200,0.0,0.75
legacy,15,0,15,103,0.0,0.75,2.5177889326077616,200,0.0,0.75
legacy,15,0,15,104,0.0,0.75,2.7657736419430274,200,0.0,0.75
legacy,15,0,15,105,0.0,0.76,3.009659020373839,200,0.0,0.75
legacy,15,0,15,106,0.0,0.76,1.8701178412454282,200,0.0,0.75
legacy,15,0,15,107,0.0,0.76,1.7826226185719127,200,0.0,0.75
legacy,15,0,15,108,0.0,0.76,2.5582556261034304,200,0.0,0.75
legacy,15,0,15,109,0.0,0.76,2.0176657845576162,200,0.0,0.75
legacy,15,0,15,110,0.0,0.77,2.602023156939775,200,0.0,0.75
legacy,15,0,15,111,0.0,0.77,2.9027186032096473,200,0.0,0.75
legacy,15,0,15,112,0.0,0.77,2.1498920462972975,200,0.0,0.75
legacy,15,0,15,113,0.0,0.77,2.000153226082352,200,0.0,0.75
legacy,15,0,15,114,0.0,0.77,2.435995257308685,200,0.0,0.75
legacy,15,0,15,115,0.0,0.78,2.061167206811353,200,0.0,0.75
legacy,15,0,15,116,0.0,0.78,2.670699783907663,200,0.0,0.75
legacy,15,0,15,117,0.0,0.78,2.7331359007450033,200,0.0,0.75
legacy,15,0,15,118,0.0,0.78,1.905566480999447,200,0.0,0.75
legacy,15,0,15,119,0.0,0.78,2.3097836808218033,200,0.0,0.75
legacy,15,0,15,120,0.0,0.79,1.6083058918175877,200,0.0,0.75
legacy,15,0,15,121,0.0,0.79,2.9249978647924597,200,0.0,0.75
legacy,15,0,15,122,0.0,0.79,2.1795935403093645,200,0.0,0.75
legacy,15,0,15,123,0.0,0.79,2.299590161548742,200,0.0,0.75
legacy,15,0,15,124,0.0,0.79,2.476443728647387,200,0.0,0.75
legacy,16,0,16,100,0.0,0.8,1.14910161159339,200,0.0,0.8
legacy,16,0,16,101,0.0,0.8,2.7718446967984285,200,0.0,0.8
legacy,16,0,16,102,0.0,0.8,1.760158594118774,200,0.0,0.8
legacy,16,0,16,103,0.0,0.8,3.2265736491934236,200,0.0,0.8
legacy,16,0,16,104,0.0,0.8,2.8451516613013617,200,0.0,0.8
legacy,16,0,16,105,0.0,0.81,3.194618995546069,200,0.0,0.8
legacy,16,0,16,106,0.0,0.81,2.319898181648053,200,0.0,0.8
legacy,16,0,16,107,0.0,0.81,1.6113769391118558,200,0.0,0.8
legacy,16,0,16,108,0.0,0.81,3.4026924302094326,200,0.0,0.8
legacy,16,0,16,109,0.0,0.81,2.9438442210905307,200,0.0,0.8
legacy,16,0,16,110,0.0,0.82,3.938157134911082,200,0.0,0.8
legacy,16,0,16,111,0.0,0.82,3.3473396273273113,200,0.0,0.8
legacy,16,0,16,112,0.0,0.82,2.5307656268924523,200,0.0,0.8
legacy,16,0,16,113,0.0,0.82,2.2030280455700773,200,0.0,0.8
legacy,16,0,16,114,0.0,0.82,3.0307121517264877,200,0.0,0.8
legacy,16,0,16,115,0.0,0.83,2.85606005177219,200,0.0,0.8
legacy,16,0,16,116,0.0,0.83,2.200165047719343,200,0.0,0.8
legacy,16,0,16,117,0.0,0.83,2.7998731350805497,200,0.0,0.8
legacy,16,0,16,118,0.0,0.83,1.247143398304131,200,0.0,0.8
legacy,16,0,16,119,0.0,0.83,2.15648282698703,200,0.0,0.8
legacy,16,0,16,120,0.0,0.84,1.6439274763428957,200,0.0,0.8
legacy,16,0,16,121,0.0,0.84,2.7296182296978144,200,0.0,0.8
legacy,16,0,16,122,0.0,0.84,2.0239798559385953,200,0.0,0.8
legacy,16,0,16,123,0.0,0.84,2.5168226921442822,200,0.0,0.8
legacy,16,0,16,124,0.0,0.84,2.817194350362733,200,0.0,0.8
legacy,17,0,17,100,0.0,0.85,1.1435842290324105,200,0.0,0.8500000000000001
legacy,17,0,17,101,0.0,0.85,3.1063232660805284,200,0.0,0.8500000000000001
legacy,17,0,17,102,0.0,0.85,1.9845551958960885,200,0.0,0.8500000000000001
legacy,17,0,17,103,0.0,0.85,2.929896799362032,200,0.0,0.8500000000000001
legacy,17,0,17,104,0.0,0.85,3.2510046768826686,200,0.0,0.8500000000000001
legacy,17,0,17,105,0.0,0.86,3.638977921747485,200,0.0,0.8500000000000001
legacy,17,0,17,106,0.0,0.86,2.5376156340756664,200,0.0,0.8500000000000001
legacy,17,0,17,107,0.0,0.86,2.00699902961431,200,0.0,0.8500000000000001
legacy,17,0,17,108,0.0,0.86,3.4819052032199944,200,0.0,0.8500000000000001
legacy,17,0,17,109,0.0,0.86,2.699054372112619,200,0.0,0.8500000000000001
legacy,17,0,17,110,0.0,0.87,3.5317905235193643,200,0.0,0.8500000000000001
legacy,17,0,17,111,0.0,0.87,3.7875652294430773,200,0.0,0.8500000000000001
legacy,17,0,17,112,0.0,0.87,3.4629128215802383,200,0.0,0.8500000000000001
legacy,17,0,17,113,0.0,0.87,2.484372645493816,200,0.0,0.8500000000000001
legacy,17,0,17,114,0.0,0.87,3.370562417576409,200,0.0,0.8500000000000001
legacy,17,0,17,115,0.0,0.88,2.3294867280717644,200,0.0,0.8500000000000001
legacy,17,0,17,116,0.0,0.88,2.9142966419036678,200,0.0,0.8500000000000001
legacy,17,0,17,117,0.0,0.88,3.6466509506886418,200,0.0,0.8500000000000001
legacy,17,0,17,118,0.0,0.88,1.6556731212345,200,0.0,0.8500000000000001
legacy,17,0,17,119,0.0,0.88,3.057816966401091,200,0.0,0.8500000000000001
legacy,17,0,17,120,0.0,0.89,2.388898938158393,200,0.0,0.8500000000000001
legacy,17,0,17,121,0.0,0.89,3.109487424681264,200,0.0,0.8500000000000001
legacy,17,0,17,122,0.0,0.89,2.6262568382353506,200,0.0,0.8500000000000001
legacy,17,0,17,123,0.0,0.89,2.836707185466945,200,0.0,0.8500000000000001
legacy,17,0,17,124,0.0,0.89,3.4333210714656444,200,0.0,0.8500000000000001
legacy,18,1,0,100,0.05,0.025,2.786180428089374,200,0.05,0.0
legacy,18,1,0,101,0.02,0.015,2.5086920549356986,200,0.05,0.0
legacy,18,1,0,102,0.06,0.03,3.01274074606659,200,0.05,0.0
legacy,18,1,0,103,0.045,0.02,3.0674853877616455,200,0.05,0.0
legacy,18,1,0,104,0.035,0.02,2.0137193847056682,200,0.05,0.0
legacy,18,1,0,105,0.06,0.04,2.4456601277336394,200,0.05,0.0
legacy,18,1,0,106,0.045,0.02,1.6509420181135805,200,0.05,0.0
legacy,18,1,0,107,0.075,0.04,2.2747385889484275,200,0.05,0.0
legacy,18,1,0,108,0.07,0.03,2.4731934594820784,200,0.05,0.0
legacy,18,1,0,109,0.035,0.035,1.680477529275447,200,0.05,0.0
legacy,18,1,0,110,0.055,0.05,3.1792998540081716,200,0.05,0.0
legacy,18,1,0,111,0.04,0.02,1.8581812016736925,200,0.05,0.0
legacy,18,1,0,112,0.055,0.045,1.9489340160739805,200,0.05,0.0
legacy,18,1,0,113,0.07,0.03,2.2459870013010326,200,0.05,0.0
legacy,18,1,0,114,0.04,0.04,2.7537762719257692,200,0.05,0.0
legacy,18,1,0,115,0.04,0.045,2.942795181824772,200,0.05,0.0
legacy,18,1,0,116,0.06,0.055,3.0216838043098075,200,0.05,0.0
legacy,18,1,0,117,0.055,0.055,2.7095383898477006,200,0.05,0.0
legacy,18,1,0,118,0.045,0.055,1.8450720261277045,200,0.05,0.0
legacy,18,1,0,119,0.045,0.035,2.3377456567406063,200,0.05,0.0
legacy,18,1,0,120,0.045,0.045,1.9714722334101373,200,0.05,0.0
legacy,18,1,0,121,0.04,0.06,2.379577283215823,200,0.05,0.0
legacy,18,1,0,122,0.035,0.055,2.1236050742404644,200,0.05,0.0
legacy,18,1,0,123,0.075,0.075,2.0602012002824446,200,0.05,0.0
legacy,18,1,0,124,0.04,0.065,3.022516791130224,200,0.05,0.0
legacy,19,1,1,100,0.05,0.075,2.732553819169561,200,0.05,0.05
legacy,19,1,1,101,0.02,0.06,2.89038331547805,200,0.05,0.05
legacy,19,1,1,102,0.055,0.055,2.810772617358534,200,0.05,0.05
legacy,19,1,1,103,0.04,0.055,2.682460970684896,200,0.05,0.05
legacy,19,1,1,104,0.035,0.065,1.9199160287660302,200,0.05,0.05
legacy,19,1,1,105,0.055,0.08,2.130254194401677,200,0.05,0.05
legacy,19,1,1,106,0.05,0.09,2.184833520812284,200,0.05,0.05
legacy,19,1,1,107,0.075,0.075,2.4620833827088053,200,0.05,0.05
legacy,19,1,1,108,0.065,0.055,2.5520356351890436,200,0.05,0.05
legacy,19,1,1,109,0.03,0.065,1.7860078437954834,200,0.05,0.05
legacy,19,1,1,110,0.065,0.09,3.1296171167807687,200,0.05,0.05
legacy,19,1,1,111,0.05,0.09,2.170723903615557,200,0.05,0.05
legacy,19,1,1,112,0.06,0.085,2.056958687908355,200,0.05,0.05
legacy,19,1,1,113,0.08,0.1,2.417031923176,200,0.05,0.05
legacy,19,1,1,114,0.035,0.08,2.8624824719825552,200,0.05,0.05
legacy,19,1,1,115,0.045,0.105,2.7708149863098934,200,0.05,0.05
legacy,19,1,1,116,0.06,0.1,2.121009018297267,200,0.05,0.05
legacy,19,1,1,117,0.06,0.085,2.567915207103093,200,0.05,0.05
legacy,19,1,1,118,0.025,0.09,2.067677174796275,200,0.05,0.05
legacy,19,1,1,119,0.04,0.09,2.684613181133177,200,0.05,0.05
legacy,19,1,1,120,0.04,0.105,1.8904695937129583,200,0.05,0.05
legacy,19,1,1,121,0.045,0.1,2.5479316515135007,200,0.05,0.05
legacy,19,1,1,122,0.025,0.1,1.8967387146235994,200,0.05,0.05
legacy,19,1,1,123,0.07,0.115,2.1202051519424305,200,0.05,0.05
legacy,19,1,1,124,0.04,0.105,2.826567394547543,200,0.05,0.05
legacy,20,1,2,100,0.045,0.115,2.767537904144341,200,0.05,0.1
legacy,20,1,2,101,0.02,0.115,3.047848028565773,200,0.05,0.1
legacy,20,1,2,102,0.055,0.115,2.6434874220523388,200,0.05,0.1
legacy,20,1,2,103,0.045,0.11,2.9264647211163908,200,0.05,0.1
legacy,20,1,2,104,0.045,0.11,2.3431821254130143,200,0.05,0.1
legacy,20,1,2,105,0.065,0.13,2.446099529239133,200,0.05,0.1
legacy,20,1,2,106,0.04,0.115,1.8618639171876383,200,0.05,0.1
legacy,20,1,2,107,0.07,0.115,2.4412069212628573,200,0.05,0.1
legacy,20,1,2,108,0.07,0.125,2.8191767390727676,200,0.05,0.1
legacy,20,1,2,109,0.04,0.12,2.0123761838252165,200,0.05,0.1
legacy,20,1,2,110,0.06,0.13,3.0717691627154387,200,0.05,0.1
legacy,20,1,2,111,0.045,0.13,2.217273092979116,200,0.05,0.1
legacy,20,1,2,112,0.07,0.125,2.112293302653219,200,0.05,0.1
legacy,20,1,2,113,0.075,0.125,2.5166724572725805,200,0.05,0.1
legacy,20,1,2,114,0.045,0.125,2.5792470374817418,200,0.05,0.1
legacy,20,1,2,115,0.04,0.15,2.813093247138587,200,0.05,0.1
legacy,20,1,2,116,0.045,0.15,2.3701237799402253,200,0.05,0.1
legacy,20,1,2,117,0.055,0.13,2.816380733793666,200,0.05,0.1
legacy,20,1,2,118,0.04,0.14,2.172489210819747,200,0.05,0.1
legacy,20,1,2,119,0.04,0.145,2.7108650775184286,200,0.05,0.1
legacy,20,1,2,120,0.04,0.15,2.0107504491919572,200,0.05,0.1
legacy,20,1,2,121,0.03,0.145,2.73996026390834,200,0.05,0.1
legacy,20,1,2,122,0.03,0.145,2.1601136207733433,200,0.05,0.1
legacy,20,1,2,123,0.075,0.145,2.3196799621765978,200,0.05,0.1
legacy,20,1,2,124,0.04,0.15,3.0123606564920977,200,0.05,0.1
legacy,21,1,3,100,0.04,0.17,2.6651632876084737,200,0.05,0.15000000000000002
legacy,21,1,3,101,0.02,0.155,2.8352437696621804,200,0.05,0.15000000000000002
legacy,21,1,3,102,0.055,0.15,2.9893936615046393,200,0.05,0.15000000000000002
legacy,21,1,3,103,0.05,0.145,3.4335420817876106,200,0.05,0.15000000000000002
legacy,21,1,3,104,0.04,0.165,2.100818524872123,200,0.05,0.15000000000000002
legacy,21,1,3,105,0.055,0.175,2.5158363876891094,200,0.05,0.15000000000000002
legacy,21,1,3,106,0.055,0.175,2.235635103357566,200,0.05,0.15000000000000002
legacy,21,1,3,107,0.08,0.15,2.4681031395106663,200,0.05,0.15000000000000002
legacy,21,1,3,108,0.065,0.155,2.393400459264474,200,0.05,0.15000000000000002
legacy,21,1,3,109,0.04,0.17,2.0592743585483237,200,0.05,0.15000000000000002
legacy,21,1,3,110,0.065,0.18,3.023916427629793,200,0.05,0.15000000000000002
legacy,21,1,3,111,0.05,0.19,2.614620805206274,200,0.05,0.15000000000000002
legacy,21,1,3,112,0.075,0.18,2.3140091635352174,200,0.05,0.15000000000000002
legacy,21,1,3,113,0.075,0.17,2.574862582073696,200,0.05,0.15000000000000002
legacy,21,1,3,114,0.04,0.165,2.6549071039331325,200,0.05,0.15000000000000002
legacy,21,1,3,115,0.04,0.195,2.6544619493701043,200,0.05,0.15000000000000002
legacy,21,1,3,116,0.05,0.185,2.592808579814055,200,0.05,0.15000000000000002
legacy,21,1,3,117,0.055,0.175,2.8111448602149345,200,0.05,0.15000000000000002
legacy,21,1,3,118,0.035,0.185,2.218205162159191,200,0.05,0.15000000000000002
legacy,21,1,3,119,0.04,0.19,2.327853158562972,200,0.05,0.15000000000000002
legacy,21,1,3,120,0.05,0.205,2.289750731566093,200,0.05,0.15000000000000002
legacy,21,1,3,121,0.04,0.205,2.4196818654305385,200,0.05,0.15000000000000002
legacy,21,1,3,122,0.03,0.2,2.138568820989539,200,0.05,0.15000000000000002
legacy,21,1,3,123,0.07,0.195,2.236384709575534,200,0.05,0.15000000000000002
legacy,21,1,3,124,0.05,0.2,2.9682078513786636,200,0.05,0.15000000000000002
legacy,22,1,4,100,0.045,0.22,2.6892188732309257,200,0.05,0.2
legacy,22,1,4,101,0.02,0.22,2.4874868684256897,200,0.05,0.2
legacy,22,1,4,102,0.055,0.22,2.8107897906172616,200,0.05,0.2
legacy,22,1,4,103,0.05,0.195,2.795505613948136,200,0.05,0.2
legacy,22,1,4,104,0.045,0.205,2.5502755241040695,200,0.05,0.2
legacy,22,1,4,105,0.05,0.225,2.7316136969107503,200,0.05,0.2
legacy,22,1,4,106,0.05,0.215,2.0785982836738146,200,0.05,0.2
legacy,22,1,4,107,0.07,0.205,2.6260398883947413,200,0.05,0.2
legacy,22,1,4,108,0.065,0.21,3.0501402873962906,200,0.05,0.2
legacy,22,1,4,109,0.04,0.21,2.2203240964118196,200,0.05,0.2
legacy,22,1,4,110,0.055,0.21,3.0368272134530865,200,0.05,0.2
legacy,22,1,4,111,0.045,0.22,2.365056363962549,200,0.05,0.2
legacy,22,1,4,112,0.07,0.22,2.8464050198409527,200,0.05,0.2
legacy,22,1,4,113,0.085,0.215,2.719678016057086,200,0.05,0.2
legacy,22,1,4,114,0.04,0.22,2.766197093646091,200,0.05,0.2
legacy,22,1,4,115,0.04,0.21,2.770314091074482,200,0.05,0.2
legacy,22,1,4,116,0.055,0.235,2.4558815629401254,200,0.05,0.2
legacy,22,1,4,117,0.055,0.22,2.495141068780429,200,0.05,0.2
legacy,22,1,4,118,0.035,0.235,1.943078292315389,200,0.05,0.2
legacy,22,1,4,119,0.035,0.245,2.8720540263405963,200,0.05,0.2
legacy,22,1,4,120,0.045,0.25,2.551213794158353,200,0.05,0.2
legacy,22,1,4,121,0.04,0.25,2.705526257575837,200,0.05,0.2
legacy,22,1,4,122,0.035,0.24,2.4067426271162513,200,0.05,0.2
legacy,22,1,4,123,0.065,0.24,2.3330249140950703,200,0.05,0.2
legacy,22,1,4,124,0.045,0.235,2.6943029112831107,200,0.05,0.2
legacy,23,1,5,100,0.045,0.255,2.8337002921173244,200,0.05,0.25
legacy,23,1,5,101,0.015,0.255,2.8367489055253863,200,0.05,0.25
legacy,23,1,5,102,0.06,0.22,2.729074014990047,200,0.05,0.25
legacy,23,1,5,103,0.05,0.24,2.9562739012045056,200,0.05,0.25
legacy,23,1,5,104,0.045,0.255,2.658332295181333,200,0.05,0.25
legacy,23,1,5,105,0.06,0.26,2.50689998175239,200,0.05,0.25
legacy,23,1,5,106,0.055,0.27,2.57704498235572,200,0.05,0.25
legacy,23,1,5,107,0.065,0.25,2.486941098800217,200,0.05,0.25
legacy,23,1,5,108,0.06,0.26,2.4116286689112703,200,0.05,0.25
legacy,23,1,5,109,0.04,0.26,2.6492706562994472,200,0.05,0.25
legacy,23,1,5,110,0.065,0.26,2.6144151654825545,200,0.05,0.25
legacy,23,1,5,111,0.04,0.275,2.6507651773136316,200,0.05,0.25
legacy,23,1,5,112,0.07,0.285,2.270553635665708,200,0.05,0.25
legacy,23,1,5,113,0.09,0.265,2.4103112913397284,200,0.05,0.25
legacy,23,1,5,114,0.035,0.28,2.4921555984427513,200,0.05,0.25
legacy,23,1,5,115,0.045,0.285,2.572316686899684,200,0.05,0.25
legacy,23,1,5,116,0.06,0.28,2.438635222355545,200,0.05,0.25
legacy,23,1,5,117,0.055,0.265,2.6529103987852363,200,0.05,0.25
legacy,23,1,5,118,0.04,0.275,2.5214578172888626,200,0.05,0.25
legacy,23,1,5,119,0.035,0.27,2.523294986654778,200,0.05,0.25
legacy,23,1,5,120,0.05,0.295,2.27057170126203,200,0.05,0.25
legacy,23,1,5,121,0.04,0.295,2.5389340459589245,200,0.05,0.25
legacy,23,1,5,122,0.035,0.305,2.514665353621324,200,0.05,0.25
legacy,23,1,5,123,0.07,0.285,2.5548472464483485,200,0.05,0.25
legacy,23,1,5,124,0.05,0.29,2.9619403460216915,200,0.05,0.25
legacy,24,1,6,100,0.045,0.29,2.4348777064357043,200,0.05,0.30000000000000004
legacy,24,1,6,101,0.02,0.295,2.565166825397516,200,0.05,0.30000000000000004
legacy,24,1,6,102,0.06,0.285,2.6705986210738617,200,0.05,0.30000000000000004
legacy,24,1,6,103,0.045,0.3,2.7014399414927595,200,0.05,0.30000000000000004
legacy,24,1,6,104,0.04,0.305,2.5109255771691776,200,0.05,0.30000000000000004
legacy,24,1,6,105,0.06,0.3,2.8283002543617295,200,0.05,0.30000000000000004
legacy,24,1,6,106,0.045,0.32,2.2533068814561084,200,0.05,0.30000000000000004
legacy,24,1,6,107,0.07,0.3,2.612529857083871,200,0.05,0.30000000000000004
legacy,24,1,6,108,0.065,0.29,2.806122825614779,200,0.05,0.30000000000000004
legacy,24,1,6,109,0.03,0.295,2.4516577078094,200,0.05,0.30000000000000004
legacy,24,1,6,110,0.055,0.325,2.7607815627287597,200,0.05,0.30000000000000004
legacy,24,1,6,111,0.045,0.31,2.480377458049724,200,0.05,0.30000000000000004
legacy,24,1,6,112,0.065,0.31,2.6265145749940477,200,0.05,0.30000000000000004
legacy,24,1,6,113,0.075,0.31,2.405956723352174,200,0.05,0.30000000000000004
legacy,24,1,6,114,0.035,0.32,2.5748814897257897,200,0.05,0.30000000000000004
legacy,24,1,6,115,0.03,0.315,2.837827264139693,200,0.05,0.30000000000000004
legacy,24,1,6,116,0.05,0.325,2.377396646074774,200,0.05,0.30000000000000004
legacy,24,1,6,117,0.06,0.315,2.788833267292374,200,0.05,0.30000000000000004
legacy,24,1,6,118,0.045,0.32,2.1902890857324144,200,0.05,0.30000000000000004
legacy,24,1,6,119,0.035,0.325,2.686584147356685,200,0.05,0.30000000000000004
legacy,24,1,6,120,0.05,0.34,2.7787760136274504,200,0.05,0.30000000000000004
legacy,24,1,6,121,0.04,0.33,2.594949607654318,200,0.05,0.30000000000000004
legacy,24,1,6,122,0.025,0.34,2.6578035006225607,200,0.05,0.30000000000000004
legacy,24,1,6,123,0.075,0.325,2.4888744367309585,200,0.05,0.30000000000000004
legacy,24,1,6,124,0.045,0.33,2.953146786517716,200,0.05,0.30000000000000004
legacy,25,1,7,100,0.045,0.34,2.744141520926364,200,0.05,0.35000000000000003
legacy,25,1,7,101,0.02,0.35,2.522239598803824,200,0.05,0.35000000000000003
legacy,25,1,7,102,0.065,0.335,3.0220471623345326,200,0.05,0.35000000000000003
legacy,25,1,7,103,0.05,0.34,2.7168556989117176,200,0.05,0.35000000000000003
legacy,25,1,7,104,0.045,0.345,2.576589767413627,200,0.05,0.35000000000000003
legacy,25,1,7,105,0.055,0.355,2.9570609299914214,200,0.05,0.35000000000000003
legacy,25,1,7,106,0.05,0.37,2.6490389584818064,200,0.05,0.35000000000000003
legacy,25,1,7,107,0.065,0.35,2.843091804291472,200,0.05,0.35000000000000003
legacy,25,1,7,108,0.065,0.33,2.6848750159399173,200,0.05,0.35000000000000003
legacy,25,1,7,109,0.03,0.35,2.6543247402962074,200,0.05,0.35000000000000003
legacy,25,1,7,110,0.065,0.355,2.587287060946214,200,0.05,0.35000000000000003
legacy,25,1,7,111,0.045,0.375,2.9389314430285323,200,0.05,0.35000000000000003
legacy,25,1,7,112,0.075,0.365,2.94419097487778,200,0.05,0.35000000000000003
legacy,25,1,7,113,0.08,0.365,2.4575718584372286,200,0.05,0.35000000000000003
legacy,25,1,7,114,0.04,0.35,2.8389000052097146,200,0.05,0.35000000000000003
legacy,25,1,7,115,0.04,0.365,2.8623194292831413,200,0.05,0.35000000000000003
legacy,25,1,7,116,0.055,0.37,2.4379792938291205,200,0.05,0.35000000000000003
legacy,25,1,7,117,0.055,0.375,2.919095671213667,200,0.05,0.35000000000000003
legacy,25,1,7,118,0.04,0.38,2.6244897335770405,200,0.05,0.35000000000000003
legacy,25,1,7,119,0.04,0.37,2.6334740024427514,200,0.05,0.35000000000000003
legacy,25,1,7,120,0.05,0.4,2.6423008563252837,200,0.05,0.35000000000000003
legacy,25,1,7,121,0.03,0.38,2.7290544878397713,200,0.05,0.35000000000000003
legacy,25,1,7,122,0.03,0.385,2.7922511584340213,200,0.05,0.35000000000000003
legacy,25,1,7,123,0.075,0.375,2.653940791037044,200,0.05,0.35000000000000003
legacy,25,1,7,124,0.05,0.385,2.3032687907325733,200,0.05,0.35000000000000003
legacy,26,1,8,100,0.035,0.395,2.7107535490187966,200,0.05,0.4
legacy,26,1,8,101,0.02,0.395,2.6601040974810997,200,0.05,0.4
legacy,26,1,8,102,0.055,0.375,2.397043582835218,200,0.05,0.4
legacy,26,1,8,103,0.05,0.385,2.5972275188493423,200,0.05,0.4
legacy,26,1,8,104,0.04,0.395,2.4632844684872093,200,0.05,0.4
legacy,26,1,8,105,0.065,0.41,2.7651585767462414,200,0.05,0.4
legacy,26,1,8,106,0.04,0.4,2.5560518807400947,200,0.05,0.4
legacy,26,1,8,107,0.075,0.4,2.606116574326736,200,0.05,0.4
legacy,26,1,8,108,0.065,0.385,2.632959120105385,200,0.05,0.4
legacy,26,1,8,109,0.03,0.41,2.310783330572886,200,0.05,0.4
legacy,26,1,8,110,0.055,0.41,2.806694163284724,200,0.05,0.4
legacy,26,1,8,111,0.045,0.41,2.7530167120473474,200,0.05,0.4
legacy,26,1,8,112,0.075,0.405,2.777274314128759,200,0.05,0.4
legacy,26,1,8,113,0.08,0.39,2.670563974393242,200,0.05,0.4
legacy,26,1,8,114,0.045,0.415,3.0210560673539857,200,0.05,0.4
legacy,26,1,8,115,0.045,0.42,2.9088346823596716,200,0.05,0.4
legacy,26,1,8,116,0.05,0.425,2.310871948840486,200,0.05,0.4
legacy,26,1,8,117,0.05,0.41,2.7095068624958536,200,0.05,0.4
legacy,26,1,8,118,0.04,0.41,2.8705729551136687,200,0.05,0.4
legacy,26,1,8,119,0.04,0.42,2.7495183886481542,200,0.05,0.4
legacy,26,1,8,120,0.05,0.43,2.494522065895704,200,0.05,0.4
legacy,26,1,8,121,0.04,0.435,2.6599808934115345,200,0.05,0.4
legacy,26,1,8,122,0.03,0.43,2.721399831878009,200,0.05,0.4
legacy,26,1,8,123,0.075,0.425,2.6295404388463544,200,0.05,0.4
legacy,26,1,8,124,0.05,0.425,2.8242753077224996,200,0.05,0.4
legacy,27,1,9,100,0.05,0.43,2.748126917029217,200,0.05,0.45
legacy,27,1,9,101,0.01,0.45,2.599695616555897,200,0.05,0.45
legacy,27,1,9,102,0.06,0.43,2.5377773217724497,200,0.05,0.45
legacy,27,1,9,103,0.045,0.43,2.413912750475204,200,0.05,0.45
legacy,27,1,9,104,0.035,0.435,2.369027887748369,200,0.05,0.45
legacy,27,1,9,105,0.06,0.445,2.768232304894028,200,0.05,0.45
legacy,27,1,9,106,0.045,0.45,2.797379332856947,200,0.05,0.45
legacy,27,1,9,107,0.075,0.445,2.758910524435044,200,0.05,0.45
legacy,27,1,9,108,0.07,0.435,3.0257795715254723,200,0.05,0.45
legacy,27,1,9,109,0.03,0.45,2.9368046296034422,200,0.05,0.45
legacy,27,1,9,110,0.05,0.45,2.5158326064707994,200,0.05,0.45
legacy,27,1,9,111,0.045,0.46,2.8472241400062046,200,0.05,0.45
legacy,27,1,9,112,0.07,0.455,2.8561602970435773,200,0.05,0.45
legacy,27,1,9,113,0.085,0.43,2.806033226927492,200,0.05,0.45
legacy,27,1,9,114,0.045,0.445,2.7158716998082753,200,0.05,0.45
legacy,27,1,9,115,0.04,0.46,2.6787475606399607,200,0.05,0.45
legacy,27,1,9,116,0.06,0.465,2.1551870968231315,200,0.05,0.45
legacy,27,1,9,117,0.05,0.465,2.60635007508409,200,0.05,0.45
legacy,27,1,9,118,0.04,0.47,2.8031612313292475,200,0.05,0.45
legacy,27,1,9,119,0.045,0.475,2.7807989621586855,200,0.05,0.45
legacy,27,1,9,120,0.045,0.475,2.6008748989628394,200,0.05,0.45
legacy,27,1,9,121,0.035,0.48,2.6027026228309995,200,0.05,0.45
legacy,27,1,9,122,0.035,0.485,2.854804443138022,200,0.05,0.45
legacy,27,1,9,123,0.075,0.465,2.8478593874070572,200,0.05,0.45
legacy,27,1,9,124,0.05,0.47,2.628985804528556,200,0.05,0.45
legacy,28,1,10,100,0.045,0.47,2.790048560402462,200,0.05,0.5
legacy,28,1,10,101,0.015,0.495,2.28830887052965,200,0.05,0.5
legacy,28,1,10,102,0.055,0.47,2.357387859196648,200,0.05,0.5
legacy,28,1,10,103,0.045,0.46,2.2468298653732104,200,0.05,0.5
legacy,28,1,10,104,0.045,0.49,2.658239337862787,200,0.05,0.5
legacy,28,1,10,105,0.06,0.485,2.477420857966798,200,0.05,0.5
legacy,28,1,10,106,0.045,0.5,2.8818135180725943,200,0.05,0.5
legacy,28,1,10,107,0.065,0.47,2.777518088402429,200,0.05,0.5
legacy,28,1,10,108,0.065,0.485,2.631432285015247,200,0.05,0.5
legacy,28,1,10,109,0.035,0.51,2.7042044605544713,200,0.05,0.5
legacy,28,1,10,110,0.06,0.495,2.593662806266108,200,0.05,0.5
legacy,28,1,10,111,0.045,0.5,2.772491506799602,200,0.05,0.5
legacy,28,1,10,112,0.06,0.485,2.90010956809232,200,0.05,0.5
legacy,28,1,10,113,0.085,0.47,2.6510505144115495,200,0.05,0.5
legacy,28,1,10,114,0.04,0.485,2.9212386466473674,200,0.05,0.5
legacy,28,1,10,115,0.04,0.51,2.6029850436579576,200,0.05,0.5
legacy,28,1,10,116,0.055,0.51,2.4484540732427917,200,0.05,0.5
legacy,28,1,10,117,0.06,0.51,2.716095126156518,200,0.05,0.5
legacy,28,1,10,118,0.04,0.53,2.9678712320939393,200,0.05,0.5
legacy,28,1,10,119,0.045,0.515,2.612869106858103,200,0.05,0.5
legacy,28,1,10,120,0.05,0.52,2.655247831644308,200,0.05,0.5
legacy,28,1,10,121,0.03,0.525,2.6793178934501487,200,0.05,0.5
legacy,28,1,10,122,0.03,0.53,2.65985364076887,200,0.05,0.5
legacy,28,1,10,123,0.07,0.505,2.795029824654869,200,0.05,0.5
legacy,28,1,10,124,0.045,0.52,2.2733558226527775,200,0.05,0.5
legacy,29,1,11,100,0.05,0.53,2.9740230302248976,200,0.05,0.55
legacy,29,1,11,101,0.015,0.545,2.162211187768603,200,0.05,0.55
legacy,29,1,11,102,0.065,0.52,2.3184173686149236,200,0.05,0.55
legacy,29,1,11,103,0.045,0.53,2.2131570860255443,200,0.05,0.55
legacy,29,1,11,104,0.045,0.52,2.7825510166346707,200,0.05,0.55
legacy,29,1,11,105,0.065,0.535,2.7354210457068184,200,0.05,0.55
legacy,29,1,11,106,0.045,0.54,2.7147385187900714,200,0.05,0.55
legacy,29,1,11,107,0.08,0.53,3.0385700979939765,200,0.05,0.55
legacy,29,1,11,108,0.065,0.52,2.9153873646962474,200,0.05,0.55
legacy,29,1,11,109,0.035,0.555,2.9887469345026,200,0.05,0.55
legacy,29,1,11,110,0.06,0.555,2.444789784580933,200,0.05,0.55
legacy,29,1,11,111,0.05,0.55,2.9420397662074227,200,0.05,0.55
legacy,29,1,11,112,0.07,0.54,2.7435118615600187,200,0.05,0.55
legacy,29,1,11,113,0.08,0.52,3.015916979034505,200,0.05,0.55
legacy,29,1,11,114,0.045,0.55,2.634517466974366,200,0.05,0.55
legacy,29,1,11,115,0.045,0.56,2.702786578543307,200,0.05,0.55
legacy,29,1,11,116,0.05,0.545,1.932677514904409,200,0.05,0.55
legacy,29,1,11,117,0.055,0.56,2.4676356781961717,200,0.05,0.55
legacy,29,1,11,118,0.04,0.56,2.991784363138073,200,0.05,0.55
legacy,29,1,11,119,0.045,0.56,2.4946800517396044,200,0.05,0.55
legacy,29,1,11,120,0.05,0.575,2.604655971458902,200,0.05,0.55
legacy,29,1,11,121,0.04,0.57,2.958743544860627,200,0.05,0.55
legacy,29,1,11,122,0.03,0.59,3.0306946627032363,200,0.05,0.55
legacy,29,1,11,123,0.065,0.55,3.0867266408059653,200,0.05,0.55
legacy,29,1,11,124,0.05,0.57,2.3450024292785714,200,0.05,0.55
legacy,30,1,12,100,0.05,0.58,3.01136568015736,200,0.05,0.6000000000000001
legacy,30,1,12,101,0.02,0.595,2.2001801991306915,200,0.05,0.6000000000000001
legacy,30,1,12,102,0.065,0.565,2.5601925046009044,200,0.05,0.6000000000000001
legacy,30,1,12,103,0.05,0.565,2.580652895738026,200,0.05,0.6000000000000001
legacy,30,1,12,104,0.045,0.57,2.5433420067865686,200,0.05,0.6000000000000001
legacy,30,1,12,105,0.055,0.58,2.6544940633686553,200,0.05,0.6000000000000001
legacy,30,1,12,106,0.045,0.585,2.685638809973247,200,0.05,0.6000000000000001
legacy,30,1,12,107,0.065,0.58,2.6791044653347966,200,0.05,0.6000000000000001
legacy,30,1,12,108,0.07,0.565,2.8920702650454926,200,0.05,0.6000000000000001
legacy,30,1,12,109,0.035,0.59,2.6146347959642453,200,0.05,0.6000000000000001
legacy,30,1,12,110,0.055,0.59,2.1826758548643097,200,0.05,0.6000000000000001
legacy,30,1,12,111,0.045,0.6,2.775504568210148,200,0.05,0.6000000000000001
legacy,30,1,12,112,0.065,0.585,2.8615877343725633,200,0.05,0.6000000000000001
legacy,30,1,12,113,0.085,0.58,2.5368063922903725,200,0.05,0.6000000000000001
legacy,30,1,12,114,0.045,0.59,2.608981566587652,200,0.05,0.6000000000000001
legacy,30,1,12,115,0.045,0.62,2.7005484560039394,200,0.05,0.6000000000000001
legacy,30,1,12,116,0.055,0.61,1.6836354623856402,200,0.05,0.6000000000000001
legacy,30,1,12,117,0.06,0.6,2.759404473567579,200,0.05,0.6000000000000001
legacy,30,1,12,118,0.04,0.61,2.7975004259611427,200,0.05,0.6000000000000001
legacy,30,1,12,119,0.045,0.61,2.3662096636465297,200,0.05,0.6000000000000001
legacy,30,1,12,120,0.045,0.63,2.6366602678150675,200,0.05,0.6000000000000001
legacy,30,1,12,121,0.045,0.605,2.7306148600828353,200,0.05,0.6000000000000001
legacy,30,1,12,122,0.025,0.625,3.021499599178168,200,0.05,0.6000000000000001
legacy,30,1,12,123,0.065,0.6,3.3182848049343203,200,0.05,0.6000000000000001
legacy,30,1,12,124,0.05,0.625,2.2500250490318017,200,0.05,0.6000000000000001
legacy,31,1,13,100,0.05,0.615,2.8967535481751296,200,0.05,0.65
legacy,31,1,13,101,0.015,0.645,2.405503131459029,200,0.05,0.65
legacy,31,1,13,102,0.065,0.605,2.3968556109871026,200,0.05,0.65
legacy,31,1,13,103,0.045,0.62,2.3281422362814737,200,0.05,0.65
legacy,31,1,13,104,0.045,0.62,2.8458456988462353,200,0.05,0.65
legacy,31,1,13,105,0.06,0.63,2.9470181104183046,200,0.05,0.65
legacy,31,1,13,106,0.05,0.635,3.045756207802589,200,0.05,0.65
legacy,31,1,13,107,0.075,0.64,2.710126822856788,200,0.05,0.65
legacy,31,1,13,108,0.06,0.62,2.845341128696788,200,0.05,0.65
legacy,31,1,13,109,0.03,0.655,2.856608652573189,200,0.05,0.65
legacy,31,1,13,110,0.065,0.635,2.2887922471247517,200,0.05,0.65
legacy,31,1,13,111,0.045,0.645,2.5658240060109057,200,0.05,0.65
legacy,31,1,13,112,0.07,0.635,3.0465383012402163,200,0.05,0.65
legacy,31,1,13,113,0.085,0.625,3.0919697819864744,200,0.05,0.65
legacy,31,1,13,114,0.045,0.645,2.698317629195624,200,0.05,0.65
legacy,31,1,13,115,0.04,0.65,2.6638161406345273,200,0.05,0.65
legacy,31,1,13,116,0.05,0.635,2.0133390683369106,200,0.05,0.65
legacy,31,1,13,117,0.05,0.65,2.495978621239228,200,0.05,0.65
legacy,31,1,13,118,0.04,0.65,3.348832293662809,200,0.05,0.65
legacy,31,1,13,119,0.035,0.665,2.7346932687247274,200,0.05,0.65
legacy,31,1,13,120,0.045,0.665,3.2106891036010046,200,0.05,0.65
legacy,31,1,13,121,0.045,0.67,2.547072603471406,200,0.05,0.65
legacy,31,1,13,122,0.025,0.675,2.687041954793938,200,0.05,0.65
legacy,31,1,13,123,0.065,0.64,3.3604202783109565,200,0.05,0.65
legacy,31,1,13,124,0.05,0.66,2.5463212279193304,200,0.05,0.65
legacy,32,1,14,100,0.05,0.665,2.898518526669278,200,0.05,0.7000000000000001
legacy,32,1,14,101,0.015,0.695,1.9664061507609134,200,0.05,0.7000000000000001
legacy,32,1,14,102,0.06,0.655,2.6038039755164726,200,0.05,0.7000000000000001
legacy,32,1,14,103,0.05,0.66,2.1309694694125407,200,0.05,0.7000000000000001
legacy,32,1,14,104,0.045,0.665,2.234779470116598,200,0.05,0.7000000000000001
legacy,32,1,14,105,0.06,0.66,2.701415982174717,200,0.05,0.7000000000000001
legacy,32,1,14,106,0.045,0.69,3.0338057632775177,200,0.05,0.7000000000000001
legacy,32,1,14,107,0.075,0.66,3.118816031626188,200,0.05,0.7000000000000001
legacy,32,1,14,108,0.07,0.66,2.963718251276687,200,0.05,0.7000000000000001
legacy,32,1,14,109,0.03,0.685,2.898295416836228,200,0.05,0.7000000000000001
legacy,32,1,14,110,0.06,0.685,2.402873087793211,200,0.05,0.7000000000000001
legacy,32,1,14,111,0.035,0.695,3.07796240996282,200,0.05,0.7000000000000001
legacy,32,1,14,112,0.07,0.665,3.4965664113286743,200,0.05,0.7000000000000001
legacy,32,1,14,113,0.085,0.645,3.016383133836173,200,0.05,0.7000000000000001
legacy,32,1,14,114,0.045,0.685,2.924839286816959,200,0.05,0.7000000000000001
legacy,32,1,14,115,0.04,0.695,2.5632567842344813,200,0.05,0.7000000000000001
legacy,32,1,14,116,0.055,0.69,1.9754181395334802,200,0.05,0.7000000000000001
legacy,32,1,14,117,0.06,0.685,2.5372283128720086,200,0.05,0.7000000000000001
legacy,32,1,14,118,0.04,0.705,2.8788303990838453,200,0.05,0.7000000000000001
legacy,32,1,14,119,0.025,0.705,2.817855203399631,200,0.05,0.7000000000000001
legacy,32,1,14,120,0.045,0.7,3.1693491749170444,200,0.05,0.7000000000000001
legacy,32,1,14,121,0.045,0.715,2.534172128063321,200,0.05,0.7000000000000001
legacy,32,1,14,122,0.03,0.72,3.26850715143373,200,0.05,0.7000000000000001
legacy,32,1,14,123,0.065,0.69,2.941337645000449,200,0.05,0.7000000000000001
legacy,32,1,14,124,0.05,0.7,2.308758252823553,200,0.05,0.7000000000000001
legacy,33,1,15,100,0.05,0.71,2.9260297802742117,200,0.05,0.75
legacy,33,1,15,101,0.02,0.735,2.249566970984389,200,0.05,0.75
legacy,33,1,15,102,0.065,0.695,2.219035328447618,200,0.05,0.75
legacy,33,1,15,103,0.05,0.705,2.7034418412523578,200,0.05,0.75
legacy,33,1,15,104,0.045,0.71,3.2905593577499066,200,0.05,0.75
legacy,33,1,15,105,0.06,0.71,3.530621575733778,200,0.05,0.75
legacy,33,1,15,106,0.045,0.73,3.487156595340191,200,0.05,0.75
legacy,33,1,15,107,0.065,0.7,2.9256549339819156,200,0.05,0.75
legacy,33,1,15,108,0.07,0.71,3.379544738773951,200,0.05,0.75
legacy,33,1,15,109,0.035,0.74,3.561028282909772,200,0.05,0.75
legacy,33,1,15,110,0.055,0.73,2.1265840014462594,200,0.05,0.75
legacy,33,1,15,111,0.04,0.74,3.001239945575856,200,0.05,0.75
legacy,33,1,15,112,0.07,0.715,3.2921593490614147,200,0.05,0.75
legacy,33,1,15,113,0.085,0.7,3.256043820583807,200,0.05,0.75
legacy,33,1,15,114,0.045,0.735,2.7916255029127797,200,0.05,0.75
legacy,33,1,15,115,0.04,0.74,2.784978046786898,200,0.05,0.75
legacy,33,1,15,116,0.05,0.74,2.0122936200768042,200,0.05,0.75
legacy,33,1,15,117,0.05,0.74,2.652197586627033,200,0.05,0.75
legacy,33,1,15,118,0.04,0.75,3.1640277397927337,200,0.05,0.75
legacy,33,1,15,119,0.045,0.755,3.119830436825772,200,0.05,0.75
legacy,33,1,15,120,0.035,0.765,3.7863276985712435,200,0.05,0.75
legacy,33,1,15,121,0.045,0.76,2.740302298791635,200,0.05,0.75
legacy,33,1,15,122,0.025,0.77,3.1549716090987165,200,0.05,0.75
legacy,33,1,15,123,0.06,0.74,3.7790345787851654,200,0.05,0.75
legacy,33,1,15,124,0.05,0.745,2.387516240851628,200,0.05,0.75
legacy,34,1,16,100,0.05,0.75,3.248097098084321,200,0.05,0.8
legacy,34,1,16,101,0.02,0.785,2.282472718582267,200,0.05,0.8
legacy,34,1,16,102,0.065,0.745,2.807911189327874,200,0.05,0.8
legacy,34,1,16,103,0.05,0.755,2.5254983007222056,200,0.05,0.8
legacy,34,1,16,104,0.045,0.76,2.941689484058259,200,0.05,0.8
legacy,34,1,16,105,0.06,0.75,3.05511753664423,200,0.05,0.8
legacy,34,1,16,106,0.04,0.775,3.3990238124513574,200,0.05,0.8
legacy,34,1,16,107,0.07,0.74,3.2286578437585267,200,0.05,0.8
legacy,34,1,16,108,0.07,0.755,3.9861125418287213,200,0.05,0.8
legacy,34,1,16,109,0.025,0.79,3.0252693245609055,200,0.05,0.8
legacy,34,1,16,110,0.06,0.765,2.361268302158662,200,0.05,0.8
legacy,34,1,16,111,0.04,0.785,3.5853429478487984,200,0.05,0.8
legacy,34,1,16,112,0.065,0.765,3.3688705457146626,200,0.05,0.8
legacy,34,1,16,113,0.08,0.745,4.028666936411554,200,0.05,0.8
legacy,34,1,16,114,0.045,0.78,2.969632754806242,200,0.05,0.8
legacy,34,1,16,115,0.04,0.795,3.332818012459893,200,0.05,0.8
legacy,34,1,16,116,0.055,0.775,2.4139905966258346,200,0.05,0.8
legacy,34,1,16,117,0.055,0.79,3.411953515704987,200,0.05,0.8
legacy,34,1,16,118,0.04,0.79,3.459655071864521,200,0.05,0.8
legacy,34,1,16,119,0.04,0.805,3.5769933562866782,200,0.05,0.8
legacy,34,1,16,120,0.05,0.8,3.8681700283429143,200,0.05,0.8
legacy,34,1,16,121,0.045,0.795,2.7325567612547093,200,0.05,0.8
legacy,34,1,16,122,0.025,0.815,3.479876663461322,200,0.05,0.8
legacy,34,1,16,123,0.065,0.775,3.5891291429358536,200,0.05,0.8
legacy,34,1,16,124,0.05,0.79,2.9988154736492425,200,0.05,0.8
legacy,35,1,17,100,0.05,0.8,3.389884145286647,200,0.05,0.8500000000000001
legacy,35,1,17,101,0.02,0.83,2.5391566847460303,200,0.05,0.8500000000000001
legacy,35,1,17,102,0.065,0.795,2.9392955981560864,200,0.05,0.8500000000000001
legacy,35,1,17,103,0.05,0.805,2.7408918263061604,200,0.05,0.8500000000000001
legacy,35,1,17,104,0.045,0.805,3.3039477223728095,200,0.05,0.8500000000000001
legacy,35,1,17,105,0.06,0.805,3.5767420716309615,200,0.05,0.8500000000000001
legacy,35,1,17,106,0.04,0.82,3.6837271844514663,200,0.05,0.8500000000000001
legacy,35,1,17,107,0.07,0.79,3.9958630997941746,200,0.05,0.8500000000000001
legacy,35,1,17,108,0.07,0.79,3.788905446911175,200,0.05,0.8500000000000001
legacy,35,1,17,109,0.03,0.83,3.7358712594165104,200,0.05,0.8500000000000001
legacy,35,1,17,110,0.06,0.81,2.8857506816860568,200,0.05,0.8500000000000001
legacy,35,1,17,111,0.04,0.835,3.9934637031079,200,0.05,0.8500000000000001
legacy,35,1,17,112,0.075,0.81,4.145062282720205,200,0.05,0.8500000000000001
legacy,35,1,17,113,0.085,0.785,3.475740998360459,200,0.05,0.8500000000000001
legacy,35,1,17,114,0.045,0.825,3.0357594976501794,200,0.05,0.8500000000000001
legacy,35,1,17,115,0.045,0.84,3.317347863263702,200,0.05,0.8500000000000001
legacy,35,1,17,116,0.055,0.825,3.152229853825739,200,0.05,0.8500000000000001
legacy,35,1,17,117,0.05,0.83,3.358029650235203,200,0.05,0.8500000000000001
legacy,35,1,17,118,0.04,0.84,3.8334469467656493,200,0.05,0.8500000000000001
legacy,35,1,17,119,0.035,0.845,3.7146892480849645,200,0.05,0.8500000000000001
legacy,35,1,17,120,0.045,0.845,4.270010260222586,200,0.05,0.8500000000000001
legacy,35,1,17,121,0.045,0.845,3.778179468638369,200,0.05,0.8500000000000001
legacy,35,1,17,122,0.025,0.865,3.7062906970189435,200,0.05,0.8500000000000001
legacy,35,1,17,123,0.065,0.83,4.547784170743783,200,0.05,0.8500000000000001
legacy,35,1,17,124,0.05,0.84,2.3533960997691286,200,0.05,0.8500000000000001
legacy,36,2,0,100,0.07,0.035,3.457998526329186,200,0.1,0.0
legacy,36,2,0,101,0.07,0.055,2.047549909523438,200,0.1,0.0
legacy,36,2,0,102,0.085,0.03,3.0259800488267232,200,0.1,0.0
legacy,36,2,0,103,0.08,0.045,3.193757835535014,200,0.1,0.0
legacy,36,2,0,104,0.06,0.02,3.4935802900928237,200,0.1,0.0
legacy,36,2,0,105,0.13,0.04,3.2301889122417276,200,0.1,0.0
legacy,36,2,0,106,0.09,0.04,2.537912905233509,200,0.1,0.0
legacy,36,2,0,107,0.11,0.045,3.4610667259750305,200,0.1,0.0
legacy,36,2,0,108,0.065,0.045,2.553685491771883,200,0.1,0.0
legacy,36,2,0,109,0.095,0.035,2.2897661108005227,200,0.1,0.0
legacy,36,2,0,110,0.1,0.06,1.7545537855923476,200,0.1,0.0
legacy,36,2,0,111,0.1,0.045,2.6563090706722687,200,0.1,0.0
legacy,36,2,0,112,0.115,0.07,1.9926884324888223,200,0.1,0.0
legacy,36,2,0,113,0.09,0.05,1.89360705631648,200,0.1,0.0
legacy,36,2,0,114,0.085,0.04,3.218609839282642,200,0.1,0.0
legacy,36,2,0,115,0.065,0.06,2.829553509019773,200,0.1,0.0
legacy,36,2,0,116,0.15,0.06,2.4373657705015823,200,0.1,0.0
legacy,36,2,0,117,0.095,0.05,2.2656571023026815,200,0.1,0.0
legacy,36,2,0,118,0.08,0.035,2.52863418902641,200,0.1,0.0
legacy,36,2,0,119,0.1,0.07,2.126531427539017,200,0.1,0.0
legacy,36,2,0,120,0.105,0.07,2.082955896226368,200,0.1,0.0
legacy,36,2,0,121,0.09,0.06,2.6024352203354564,200,0.1,0.0
legacy,36,2,0,122,0.065,0.085,2.66923361185027,200,0.1,0.0
legacy,36,2,0,123,0.085,0.05,2.6486791544313,200,0.1,0.0
legacy,36,2,0,124,0.075,0.07,1.9583766783636671,200,0.1,0.0
legacy,37,2,1,100,0.08,0.075,3.0135268112278517,200,0.1,0.05
legacy,37,2,1,101,0.06,0.07,2.688537664759751,200,0.1,0.05
legacy,37,2,1,102,0.065,0.07,2.823736550286134,200,0.1,0.05
legacy,37,2,1,103,0.065,0.075,3.152822514736978,200,0.1,0.05
legacy,37,2,1,104,0.065,0.055,2.7890633722834726,200,0.1,0.05
legacy,37,2,1,105,0.12,0.075,3.204923825908596,200,0.1,0.05
legacy,37,2,1,106,0.09,0.105,2.3911728500682417,200,0.1,0.05
legacy,37,2,1,107,0.095,0.075,3.420667042734785,200,0.1,0.05
legacy,37,2,1,108,0.06,0.095,2.78667975720203,200,0.1,0.05
legacy,37,2,1,109,0.105,0.09,2.7824469327169923,200,0.1,0.05
legacy,37,2,1,110,0.105,0.075,2.2139858604612352,200,0.1,0.05
legacy,37,2,1,111,0.105,0.075,2.601713260587493,200,0.1,0.05
legacy,37,2,1,112,0.105,0.105,2.26704647723443,200,0.1,0.05
legacy,37,2,1,113,0.095,0.1,2.2327489772108553,200,0.1,0.05
legacy,37,2,1,114,0.09,0.08,3.223235025025106,200,0.1,0.05
legacy,37,2,1,115,0.07,0.12,2.827357140206973,200,0.1,0.05
legacy,37,2,1,116,0.16,0.105,2.912235263630574,200,0.1,0.05
legacy,37,2,1,117,0.09,0.1,1.9799956281648383,200,0.1,0.05
legacy,37,2,1,118,0.09,0.085,2.6758280635534915,200,0.1,0.05
legacy,37,2,1,119,0.1,0.09,2.3758068042335845,200,0.1,0.05
legacy,37,2,1,120,0.115,0.115,2.02700053420122,200,0.1,0.05
legacy,37,2,1,121,0.09,0.105,2.4923443740399307,200,0.1,0.05
legacy,37,2,1,122,0.065,0.13,2.7751075070599547,200,0.1,0.05
legacy,37,2,1,123,0.09,0.11,2.827370829603918,200,0.1,0.05
legacy,37,2,1,124,0.08,0.125,2.4646706393882876,200,0.1,0.05
legacy,38,2,2,100,0.055,0.12,2.897533544488593,200,0.1,0.1
legacy,38,2,2,101,0.07,0.115,2.7454156609249027,200,0.1,0.1
legacy,38,2,2,102,0.08,0.115,2.9012465866459984,200,0.1,0.1
legacy,38,2,2,103,0.07,0.12,3.1928254394934124,200,0.1,0.1
legacy,38,2,2,104,0.07,0.12,3.265559885453016,200,0.1,0.1
legacy,38,2,2,105,0.12,0.12,2.9020274624773013,200,0.1,0.1
legacy,38,2,2,106,0.105,0.12,2.2056265356083213,200,0.1,0.1
legacy,38,2,2,107,0.12,0.12,3.309821570360458,200,0.1,0.1
legacy,38,2,2,108,0.05,0.125,2.8238450542124243,200,0.1,0.1
legacy,38,2,2,109,0.095,0.135,2.619284484800267,200,0.1,0.1
legacy,38,2,2,110,0.105,0.145,2.359451692377535,200,0.1,0.1
legacy,38,2,2,111,0.11,0.12,3.046528453586401,200,0.1,0.1
legacy,38,2,2,112,0.105,0.115,2.270415554594136,200,0.1,0.1
legacy,38,2,2,113,0.085,0.15,2.242134038836237,200,0.1,0.1
legacy,38,2,2,114,0.095,0.115,2.8191590436848357,200,0.1,0.1
legacy,38,2,2,115,0.065,0.15,3.1946291138546097,200,0.1,0.1
legacy,38,2,2,116,0.135,0.155,2.252846762455487,200,0.1,0.1
legacy,38,2,2,117,0.095,0.15,2.328620116083603,200,0.1,0.1
legacy,38,2,2,118,0.075,0.13,2.7388485912600133,200,0.1,0.1
legacy,38,2,2,119,0.08,0.14,2.100781522622889,200,0.1,0.1
legacy,38,2,2,120,0.095,0.14,2.2378511302614976,200,0.1,0.1
legacy,38,2,2,121,0.075,0.145,2.4467953888468257,200,0.1,0.1
legacy,38,2,2,122,0.06,0.17,2.8731224868302174,200,0.1,0.1
legacy,38,2,2,123,0.08,0.15,2.7396666136968166,200,0.1,0.1
legacy,38,2,2,124,0.075,0.145,2.2700580434440174,200,0.1,0.1
legacy,39,2,3,100,0.06,0.17,2.9962448387425575,200,0.1,0.15000000000000002
legacy,39,2,3,101,0.075,0.145,2.990754902682462,200,0.1,0.15000000000000002
legacy,39,2,3,102,0.08,0.16,2.937630198377767,200,0.1,0.15000000000000002
legacy,39,2,3,103,0.065,0.165,2.8112439021538034,200,0.1,0.15000000000000002
legacy,39,2,3,104,0.075,0.135,2.8414012358778895,200,0.1,0.15000000000000002
legacy,39,2,3,105,0.13,0.145,3.199404932878833,200,0.1,0.15000000000000002
legacy,39,2,3,106,0.1,0.165,3.0338679109708004,200,0.1,0.15000000000000002
legacy,39,2,3,107,0.115,0.175,3.025038508754375,200,0.1,0.15000000000000002
legacy,39,2,3,108,0.045,0.17,2.9949053192079327,200,0.1,0.15000000000000002
legacy,39,2,3,109,0.1,0.165,2.9115406742832564,200,0.1,0.15000000000000002
legacy,39,2,3,110,0.075,0.18,2.4270533641806122,200,0.1,0.15000000000000002
legacy,39,2,3,111,0.11,0.16,2.858162753407494,200,0.1,0.15000000000000002
legacy,39,2,3,112,0.105,0.18,2.5556148879721095,200,0.1,0.15000000000000002
legacy,39,2,3,113,0.085,0.18,2.337586422523857,200,0.1,0.15000000000000002
legacy,39,2,3,114,0.075,0.17,2.8812765409138126,200,0.1,0.15000000000000002
legacy,39,2,3,115,0.065,0.175,2.9747237788260645,200,0.1,0.15000000000000002
legacy,39,2,3,116,0.145,0.175,2.8095421504966582,200,0.1,0.15000000000000002
legacy,39,2,3,117,0.1,0.205,2.29271516813255,200,0.1,0.15000000000000002
legacy,39,2,3,118,0.08,0.18,2.7162909794590506,200,0.1,0.15000000000000002
legacy,39,2,3,119,0.09,0.17,2.43850544923961,200,0.1,0.15000000000000002
legacy,39,2,3,120,0.105,0.17,2.4522286540308853,200,0.1,0.15000000000000002
legacy,39,2,3,121,0.09,0.19,2.9352918604758798,200,0.1,0.15000000000000002
legacy,39,2,3,122,0.05,0.215,2.746009201177841,200,0.1,0.15000000000000002
legacy,39,2,3,123,0.085,0.205,2.8366499455914846,200,0.1,0.15000000000000002
legacy,39,2,3,124,0.09,0.21,2.6244380614718206,200,0.1,0.15000000000000002
legacy,40,2,4,100,0.07,0.205,3.1009686641738456,200,0.1,0.2
legacy,40,2,4,101,0.07,0.19,2.6208152488752576,200,0.1,0.2
legacy,40,2,4,102,0.08,0.21,3.044269248121046,200,0.1,0.2
legacy,40,2,4,103,0.065,0.205,2.9037369118605665,200,0.1,0.2
legacy,40,2,4,104,0.075,0.185,2.8244501310631005,200,0.1,0.2
legacy,40,2,4,105,0.13,0.19,2.897907666600256,200,0.1,0.2
legacy,40,2,4,106,0.09,0.205,2.67349378991895,200,0.1,0.2
legacy,40,2,4,107,0.105,0.225,3.003853566788164,200,0.1,0.2
legacy,40,2,4,108,0.065,0.21,2.8859321682359296,200,0.1,0.2
legacy,40,2,4,109,0.1,0.21,2.551994997278619,200,0.1,0.2
legacy,40,2,4,110,0.095,0.23,2.4728112044158888,200,0.1,0.2
legacy,40,2,4,111,0.11,0.215,2.5299851302374745,200,0.1,0.2
legacy,40,2,4,112,0.105,0.19,2.323799278398792,200,0.1,0.2
legacy,40,2,4,113,0.075,0.22,2.2458790510684823,200,0.1,0.2
legacy,40,2,4,114,0.085,0.215,2.8738892676404206,200,0.1,0.2
legacy,40,2,4,115,0.07,0.225,3.1287695435323544,200,0.1,0.2
legacy,40,2,4,116,0.15,0.225,2.755007502189897,200,0.1,0.2
legacy,40,2,4,117,0.095,0.235,2.502455257174422,200,0.1,0.2
legacy,40,2,4,118,0.085,0.225,2.57600340846677,200,0.1,0.2
legacy,40,2,4,119,0.11,0.225,2.5107941249377155,200,0.1,0.2
legacy,40,2,4,120,0.1,0.235,2.8196378507016937,200,0.1,0.2
legacy,40,2,4,121,0.09,0.215,3.1314822398152398,200,0.1,0.2
legacy,40,2,4,122,0.07,0.25,2.7377353313371113,200,0.1,0.2
legacy,40,2,4,123,0.09,0.24,2.5242337976270077,200,0.1,0.2
legacy,40,2,4,124,0.075,0.25,2.433485690262496,200,0.1,0.2
legacy,41,2,5,100,0.075,0.25,2.8878872541078557,200,0.1,0.25
legacy,41,2,5,101,0.075,0.225,2.8441938455946696,200,0.1,0.25
legacy,41,2,5,102,0.07,0.245,2.7515397120587495,200,0.1,0.25
legacy,41,2,5,103,0.075,0.245,2.7097130095756983,200,0.1,0.25
legacy,41,2,5,104,0.075,0.23,2.955558918830484,200,0.1,0.25
legacy,41,2,5,105,0.12,0.235,2.6311737912421007,200,0.1,0.25
legacy,41,2,5,106,0.095,0.285,2.7103097623248344,200,0.1,0.25
legacy,41,2,5,107,0.11,0.265,2.9948214231811234,200,0.1,0.25
legacy,41,2,5,108,0.055,0.26,2.739017491427189,200,0.1,0.25
legacy,41,2,5,109,0.1,0.265,2.4617158333181974,200,0.1,0.25
legacy,41,2,5,110,0.1,0.27,2.783456125179336,200,0.1,0.25
legacy,41,2,5,111,0.11,0.24,2.7770854292070193,200,0.1,0.25
legacy,41,2,5,112,0.1,0.255,2.554695437949149,200,0.1,0.25
legacy,41,2,5,113,0.095,0.275,2.4378148035969485,200,0.1,0.25
legacy,41,2,5,114,0.09,0.255,2.773760698659797,200,0.1,0.25
legacy,41,2,5,115,0.065,0.27,2.8568111559566,200,0.1,0.25
legacy,41,2,5,116,0.15,0.28,2.7512331577331715,200,0.1,0.25
legacy,41,2,5,117,0.09,0.29,2.596698883906628,200,0.1,0.25
legacy,41,2,5,118,0.09,0.26,2.8590655737643043,200,0.1,0.25
legacy,41,2,5,119,0.1,0.275,2.550204454870727,200,0.1,0.25
legacy,41,2,5,120,0.105,0.27,2.4905743688263375,200,0.1,0.25
legacy,41,2,5,121,0.085,0.26,2.6548725088332947,200,0.1,0.25
legacy,41,2,5,122,0.07,0.285,2.841852472220677,200,0.1,0.25
legacy,41,2,5,123,0.085,0.28,2.7802988238846966,200,0.1,0.25
legacy,41,2,5,124,0.08,0.285,2.4706617387602576,200,0.1,0.25
legacy,42,2,6,100,0.065,0.295,2.6705555832266965,200,0.1,0.30000000000000004
legacy,42,2,6,101,0.075,0.28,2.8662453237869503,200,0.1,0.30000000000000004
legacy,42,2,6,102,0.075,0.28,2.7384242687172202,200,0.1,0.30000000000000004
legacy,42,2,6,103,0.085,0.295,2.5420216589686944,200,0.1,0.30000000000000004
legacy,42,2,6,104,0.07,0.29,2.827632553140568,200,0.1,0.30000000000000004
legacy,42,2,6,105,0.13,0.285,2.5547709956998648,200,0.1,0.30000000000000004
legacy,42,2,6,106,0.095,0.32,2.90815552465998,200,0.1,0.30000000000000004
legacy,42,2,6,107,0.095,0.28,2.9235389545504105,200,0.1,0.30000000000000004
legacy,42,2,6,108,0.055,0.31,2.967698146190906,200,0.1,0.30000000000000004
legacy,42,2,6,109,0.095,0.315,2.8169927629540865,200,0.1,0.30000000000000004
legacy,42,2,6,110,0.105,0.325,3.086367853834538,200,0.1,0.30000000000000004
legacy,42,2,6,111,0.11,0.285,3.15224799484501,200,0.1,0.30000000000000004
legacy,42,2,6,112,0.115,0.3,2.7417613554795084,200,0.1,0.30000000000000004
legacy,42,2,6,113,0.105,0.31,2.6664128650664316,200,0.1,0.30000000000000004
legacy,42,2,6,114,0.09,0.31,2.58358533861668,200,0.1,0.30000000000000004
legacy,42,2,6,115,0.06,0.32,2.9165123229542234,200,0.1,0.30000000000000004
legacy,42,2,6,116,0.135,0.3,3.1417442601959316,200,0.1,0.30000000000000004
legacy,42,2,6,117,0.1,0.3,2.496822129630712,200,0.1,0.30000000000000004
legacy,42,2,6,118,0.085,0.31,2.7494670753877815,200,0.1,0.30000000000000004
legacy,42,2,6,119,0.105,0.305,2.706703335703786,200,0.1,0.30000000000000004
legacy,42,2,6,120,0.11,0.32,2.9576366862532804,200,0.1,0.30000000000000004
legacy,42,2,6,121,0.09,0.31,2.9123260278053396,200,0.1,0.30000000000000004
legacy,42,2,6,122,0.065,0.33,2.838202656887294,200,0.1,0.30000000000000004
legacy,42,2,6,123,0.085,0.32,2.710450458964881,200,0.1,0.30000000000000004
legacy,42,2,6,124,0.075,0.34,2.462910011122223,200,0.1,0.30000000000000004
legacy,43,2,7,100,0.075,0.34,2.652461712711123,200,0.1,0.35000000000000003
legacy,43,2,7,101,0.075,0.335,3.0256172692508465,200,0.1,0.35000000000000003
legacy,43,2,7,102,0.085,0.335,3.2213312776669603,200,0.1,0.35000000000000003
legacy,43,2,7,103,0.07,0.31,2.532306278125104,200,0.1,0.35000000000000003
legacy,43,2,7,104,0.075,0.33,2.357833123422907,200,0.1,0.35000000000000003
legacy,43,2,7,105,0.125,0.33,2.8458479756428674,200,0.1,0.35000000000000003
legacy,43,2,7,106,0.085,0.335,2.7750869716779683,200,0.1,0.35000000000000003
legacy,43,2,7,107,0.105,0.345,2.9956357084439365,200,0.1,0.35000000000000003
legacy,43,2,7,108,0.06,0.355,2.79390967431201,200,0.1,0.35000000000000003
legacy,43,2,7,109,0.09,0.335,2.5557253061693443,200,0.1,0.35000000000000003
legacy,43,2,7,110,0.09,0.375,3.042763031464417,200,0.1,0.35000000000000003
legacy,43,2,7,111,0.11,0.325,3.0445916969956976,200,0.1,0.35000000000000003
legacy,43,2,7,112,0.1,0.33,2.7458996421553126,200,0.1,0.35000000000000003
legacy,43,2,7,113,0.095,0.355,2.6894180993831776,200,0.1,0.35000000000000003
legacy,43,2,7,114,0.09,0.365,2.539878362221204,200,0.1,0.35000000000000003
legacy,43,2,7,115,0.06,0.36,2.805012427233819,200,0.1,0.35000000000000003
legacy,43,2,7,116,0.145,0.35,2.9500571978772143,200,0.1,0.35000000000000003
legacy,43,2,7,117,0.1,0.36,3.118745052064239,200,0.1,0.35000000000000003
legacy,43,2,7,118,0.075,0.365,2.3910001194240063,200,0.1,0.35000000000000003
legacy,43,2,7,119,0.105,0.33,2.8971334658480714,200,0.1,0.35000000000000003
legacy,43,2,7,120,0.1,0.36,2.903668338510041,200,0.1,0.35000000000000003
legacy,43,2,7,121,0.08,0.355,3.347388325246062,200,0.1,0.35000000000000003
legacy,43,2,7,122,0.065,0.375,2.584789970615069,200,0.1,0.35000000000000003
legacy,43,2,7,123,0.085,0.375,2.748805452103482,200,0.1,0.35000000000000003
legacy,43,2,7,124,0.07,0.375,2.3735112457847443,200,0.1,0.35000000000000003
legacy,44,2,8,100,0.075,0.395,2.8397096139901707,200,0.1,0.4
legacy,44,2,8,101,0.07,0.36,2.640539790483507,200,0.1,0.4
legacy,44,2,8,102,0.075,0.38,2.463502861145094,200,0.1,0.4
legacy,44,2,8,103,0.07,0.375,2.7217048113458104,200,0.1,0.4
legacy,44,2,8,104,0.075,0.385,2.540827756216589,200,0.1,0.4
legacy,44,2,8,105,0.12,0.375,2.534138971528126,200,0.1,0.4
legacy,44,2,8,106,0.095,0.375,3.045920104822402,200,0.1,0.4
legacy,44,2,8,107,0.11,0.37,2.840324288683631,200,0.1,0.4
legacy,44,2,8,108,0.045,0.405,2.65295573042732,200,0.1,0.4
legacy,44,2,8,109,0.095,0.38,2.4821653703015967,200,0.1,0.4
legacy,44,2,8,110,0.075,0.4,2.9007147471606594,200,0.1,0.4
legacy,44,2,8,111,0.11,0.355,3.2618797668249204,200,0.1,0.4
legacy,44,2,8,112,0.105,0.39,3.056429750213387,200,0.1,0.4
legacy,44,2,8,113,0.095,0.41,2.6708448253663706,200,0.1,0.4
legacy,44,2,8,114,0.085,0.375,2.6257468630146787,200,0.1,0.4
legacy,44,2,8,115,0.06,0.42,2.797860917095026,200,0.1,0.4
legacy,44,2,8,116,0.15,0.385,3.1788544130837617,200,0.1,0.4
legacy,44,2,8,117,0.09,0.41,2.944375012942318,200,0.1,0.4
legacy,44,2,8,118,0.085,0.395,2.8771945203017477,200,0.1,0.4
legacy,44,2,8,119,0.11,0.385,3.04303603382517,200,0.1,0.4
legacy,44,2,8,120,0.1,0.395,3.0313497397714895,200,0.1,0.4
legacy,44,2,8,121,0.09,0.38,3.0707809110641633,200,0.1,0.4
legacy,44,2,8,122,0.07,0.435,2.774355502808977,200,0.1,0.4
legacy,44,2,8,123,0.085,0.425,2.8552818881041424,200,0.1,0.4
legacy,44,2,8,124,0.075,0.42,2.7131121160727947,200,0.1,0.4
legacy,45,2,9,100,0.075,0.43,2.472074970178866,200,0.1,0.45
legacy,45,2,9,101,0.07,0.42,2.7934066295433064,200,0.1,0.45
legacy,45,2,9,102,0.085,0.425,2.8028644572919905,200,0.1,0.45
legacy,45,2,9,103,0.075,0.425,2.5791126409764242,200,0.1,0.45
legacy,45,2,9,104,0.065,0.4,2.689324263623049,200,0.1,0.45
legacy,45,2,9,105,0.125,0.395,2.7299592082952504,200,0.1,0.45
legacy,45,2,9,106,0.1,0.425,2.954223883599563,200,0.1,0.45
legacy,45,2,9,107,0.115,0.41,2.7863886442829995,200,0.1,0.45
legacy,45,2,9,108,0.055,0.455,2.483697792513607,200,0.1,0.45
legacy,45,2,9,109,0.09,0.43,2.7489277299918102,200,0.1,0.45
legacy,45,2,9,110,0.085,0.445,3.143457776666777,200,0.1,0.45
legacy,45,2,9,111,0.115,0.41,3.372237709895879,200,0.1,0.45
legacy,45,2,9,112,0.11,0.41,3.0567413753992567,200,0.1,0.45
legacy,45,2,9,113,0.085,0.45,2.671293600743935,200,0.1,0.45
legacy,45,2,9,114,0.085,0.44,2.522582346231167,200,0.1,0.45
legacy,45,2,9,115,0.07,0.465,2.5942656640401554,200,0.1,0.45
legacy,45,2,9,116,0.135,0.435,3.371514893759553,200,0.1,0.45
legacy,45,2,9,117,0.1,0.44,3.042996722397935,200,0.1,0.45
legacy,45,2,9,118,0.09,0.43,3.235560001426651,200,0.1,0.45
legacy,45,2,9,119,0.105,0.435,2.7280954437887797,200,0.1,0.45
legacy,45,2,9,120,0.105,0.45,3.108139523277389,200,0.1,0.45
legacy,45,2,9,121,0.085,0.445,3.1988795984021685,200,0.1,0.45
legacy,45,2,9,122,0.06,0.49,2.686834357884136,200,0.1,0.45
legacy,45,2,9,123,0.085,0.465,2.6540263252669227,200,0.1,0.45
legacy,45,2,9,124,0.075,0.46,3.3109752807009794,200,0.1,0.45
legacy,46,2,10,100,0.07,0.47,2.534404187013807,200,0.1,0.5
legacy,46,2,10,101,0.07,0.445,2.813962346405499,200,0.1,0.5
legacy,46,2,10,102,0.085,0.47,2.922077338664929,200,0.1,0.5
legacy,46,2,10,103,0.075,0.455,2.405523796410008,200,0.1,0.5
legacy,46,2,10,104,0.075,0.455,2.6151229862380942,200,0.1,0.5
legacy,46,2,10,105,0.13,0.45,2.5671147369187532,200,0.1,0.5
legacy,46,2,10,106,0.1,0.465,2.846036739272697,200,0.1,0.5
legacy,46,2,10,107,0.105,0.46,2.699309722119703,200,0.1,0.5
legacy,46,2,10,108,0.06,0.51,2.766318479823573,200,0.1,0.5
legacy,46,2,10,109,0.075,0.48,2.725166582864422,200,0.1,0.5
legacy,46,2,10,110,0.09,0.475,2.993028083248331,200,0.1,0.5
legacy,46,2,10,111,0.115,0.45,3.0821940961463246,200,0.1,0.5
legacy,46,2,10,112,0.11,0.46,2.7382523714433997,200,0.1,0.5
legacy,46,2,10,113,0.085,0.495,2.8254410132771635,200,0.1,0.5
legacy,46,2,10,114,0.09,0.475,2.5086161080704734,200,0.1,0.5
legacy,46,2,10,115,0.065,0.495,2.65900324072604,200,0.1,0.5
legacy,46,2,10,116,0.14,0.46,2.8391702236139706,200,0.1,0.5
legacy,46,2,10,117,0.09,0.48,2.868255597980231,200,0.1,0.5
legacy,46,2,10,118,0.09,0.49,2.818182244393645,200,0.1,0.5
legacy,46,2,10,119,0.1,0.47,3.2546695669426198,200,0.1,0.5
legacy,46,2,10,120,0.105,0.49,3.1000307016426474,200,0.1,0.5
legacy,46,2,10,121,0.09,0.475,2.759164267127709,200,0.1,0.5
legacy,46,2,10,122,0.06,0.505,2.6104900376733373,200,0.1,0.5
legacy,46,2,10,123,0.085,0.515,2.862156890500816,200,0.1,0.5
legacy,46,2,10,124,0.075,0.5,3.076849419215332,200,0.1,0.5
legacy,47,2,11,100,0.08,0.515,2.515172449522729,200,0.1,0.55
legacy,47,2,11,101,0.075,0.5,3.158913249090543,200,0.1,0.55
legacy,47,2,11,102,0.085,0.505,2.7914097811930185,200,0.1,0.55
legacy,47,2,11,103,0.075,0.51,2.755845741464432,200,0.1,0.55
legacy,47,2,11,104,0.075,0.51,2.3905065384678603,200,0.1,0.55
legacy,47,2,11,105,0.135,0.485,2.5963631611345774,200,0.1,0.55
legacy,47,2,11,106,0.095,0.51,3.1915823170024225,200,0.1,0.55
legacy,47,2,11,107,0.11,0.515,3.211426850927326,200,0.1,0.55
legacy,47,2,11,108,0.06,0.555,2.941856060256207,200,0.1,0.55
legacy,47,2,11,109,0.09,0.52,2.9091339616467553,200,0.1,0.55
legacy,47,2,11,110,0.09,0.52,3.3359526763187266,200,0.1,0.55
legacy,47,2,11,111,0.11,0.49,3.447067789300056,200,0.1,0.55
legacy,47,2,11,112,0.11,0.5,3.0585594526855173,200,0.1,0.55
legacy,47,2,11,113,0.095,0.54,3.004976035964986,200,0.1,0.55
legacy,47,2,11,114,0.09,0.515,2.898533905371929,200,0.1,0.55
legacy,47,2,11,115,0.065,0.55,2.699375298468797,200,0.1,0.55
legacy,47,2,11,116,0.14,0.49,3.300281145345375,200,0.1,0.55
legacy,47,2,11,117,0.085,0.52,3.3263760145017818,200,0.1,0.55
legacy,47,2,11,118,0.085,0.535,3.190308193322713,200,0.1,0.55
legacy,47,2,11,119,0.095,0.52,3.110613656146759,200,0.1,0.55
legacy,47,2,11,120,0.11,0.53,3.1607660825646327,200,0.1,0.55
legacy,47,2,11,121,0.09,0.54,3.122255545200864,200,0.1,0.55
legacy,47,2,11,122,0.075,0.555,2.7619561338329435,200,0.1,0.55
legacy,47,2,11,123,0.08,0.55,2.9510034759146118,200,0.1,0.55
legacy,47,2,11,124,0.07,0.565,3.0189077665651816,200,0.1,0.55
legacy,48,2,12,100,0.07,0.575,2.5630880496551747,200,0.1,0.6000000000000001
legacy,48,2,12,101,0.075,0.535,3.4677327958403223,200,0.1,0.6000000000000001
legacy,48,2,12,102,0.08,0.56,2.7190532590926506,200,0.1,0.6000000000000001
legacy,48,2,12,103,0.08,0.57,2.3022574544912704,200,0.1,0.6000000000000001
legacy,48,2,12,104,0.075,0.555,2.6025838977536324,200,0.1,0.6000000000000001
legacy,48,2,12,105,0.12,0.53,2.4746412551255927,200,0.1,0.6000000000000001
legacy,48,2,12,106,0.095,0.56,3.1863442679971286,200,0.1,0.6000000000000001
legacy,48,2,12,107,0.105,0.53,2.7403387215116286,200,0.1,0.6000000000000001
legacy,48,2,12,108,0.05,0.575,2.5388242919266952,200,0.1,0.6000000000000001
legacy,48,2,12,109,0.085,0.57,2.9352393096309557,200,0.1,0.6000000000000001
legacy,48,2,12,110,0.08,0.57,3.29836693753904,200,0.1,0.6000000000000001
legacy,48,2,12,111,0.12,0.53,3.3732367938050047,200,0.1,0.6000000000000001
legacy,48,2,12,112,0.115,0.545,3.4074398888023443,200,0.1,0.6000000000000001
legacy,48,2,12,113,0.09,0.575,3.0398896793096988,200,0.1,0.6000000000000001
legacy,48,2,12,114,0.095,0.56,2.343056908597159,200,0.1,0.6000000000000001
legacy,48,2,12,115,0.065,0.595,2.7253500800912174,200,0.1,0.6000000000000001
legacy,48,2,12,116,0.15,0.565,3.1484776533137198,200,0.1,0.6000000000000001
legacy,48,2,12,117,0.085,0.565,3.535267510922016,200,0.1,0.6000000000000001
legacy,48,2,12,118,0.085,0.56,2.980536874233891,200,0.1,0.6000000000000001
legacy,48,2,12,119,0.11,0.575,3.269418976355612,200,0.1,0.6000000000000001
legacy,48,2,12,120,0.1,0.565,3.696224310502473,200,0.1,0.6000000000000001
legacy,48,2,12,121,0.085,0.58,3.111300240354437,200,0.1,0.6000000000000001
legacy,48,2,12,122,0.06,0.595,2.664134458810452,200,0.1,0.6000000000000001
legacy,48,2,12,123,0.085,0.6,3.0384959294527523,200,0.1,0.6000000000000001
legacy,48,2,12,124,0.075,0.595,3.299478496375295,200,0.1,0.6000000000000001
legacy,49,2,13,100,0.07,0.605,2.517247743479865,200,0.1,0.65
legacy,49,2,13,101,0.075,0.585,3.636505773180588,200,0.1,0.65
legacy,49,2,13,102,0.08,0.58,2.676362766734328,200,0.1,0.65
legacy,49,2,13,103,0.07,0.595,2.683042090483973,200,0.1,0.65
legacy,49,2,13,104,0.075,0.595,2.5049352100537785,200,0.1,0.65
legacy,49,2,13,105,0.13,0.57,2.772856496257722,200,0.1,0.65
legacy,49,2,13,106,0.095,0.585,3.1850241507785926,200,0.1,0.65
legacy,49,2,13,107,0.105,0.58,2.6319284441396804,200,0.1,0.65
legacy,49,2,13,108,0.055,0.62,2.65133215370719,200,0.1,0.65
legacy,49,2,13,109,0.095,0.6,3.082190044232475,200,0.1,0.65
legacy,49,2,13,110,0.095,0.61,3.333417127234268,200,0.1,0.65
legacy,49,2,13,111,0.115,0.57,3.462637343673996,200,0.1,0.65
legacy,49,2,13,112,0.1,0.6,3.2138958196831777,200,0.1,0.65
legacy,49,2,13,113,0.09,0.62,3.0321162356069906,200,0.1,0.65
legacy,49,2,13,114,0.09,0.61,2.7875651099214327,200,0.1,0.65
legacy,49,2,13,115,0.065,0.635,2.8722674810740534,200,0.1,0.65
legacy,49,2,13,116,0.135,0.57,3.7077751138269064,200,0.1,0.65
legacy,49,2,13,117,0.09,0.625,3.723418688770471,200,0.1,0.65
legacy,49,2,13,118,0.085,0.615,2.7883089455961128,200,0.1,0.65
legacy,49,2,13,119,0.095,0.605,3.512758332660224,200,0.1,0.65
legacy,49,2,13,120,0.105,0.615,3.3651783620877804,200,0.1,0.65
legacy,49,2,13,121,0.08,0.63,3.4874001194614435,200,0.1,0.65
legacy,49,2,13,122,0.065,0.64,3.0525374215013845,200,0.1,0.65
legacy,49,2,13,123,0.08,0.65,3.2727147598098996,200,0.1,0.65
legacy,49,2,13,124,0.08,0.645,3.3533994110199514,200,0.1,0.65
legacy,50,2,14,100,0.075,0.645,2.512756685711058,200,0.1,0.7000000000000001
legacy,50,2,14,101,0.075,0.65,3.260612580113841,200,0.1,0.7000000000000001
legacy,50,2,14,102,0.08,0.64,2.3946151179778727,200,0.1,0.7000000000000001
legacy,50,2,14,103,0.07,0.65,2.309652071986427,200,0.1,0.7000000000000001
legacy,50,2,14,104,0.075,0.655,2.0953496313910382,200,0.1,0.7000000000000001
legacy,50,2,14,105,0.125,0.605,2.588987585644212,200,0.1,0.7000000000000001
legacy,50,2,14,106,0.105,0.645,3.352886226708987,200,0.1,0.7000000000000001
legacy,50,2,14,107,0.11,0.62,2.8499720680695213,200,0.1,0.7000000000000001
legacy,50,2,14,108,0.055,0.68,2.5135183427982186,200,0.1,0.7000000000000001
legacy,50,2,14,109,0.085,0.645,2.849748446599648,200,0.1,0.7000000000000001
legacy,50,2,14,110,0.095,0.67,3.3205722362696775,200,0.1,0.7000000000000001
legacy,50,2,14,111,0.115,0.62,3.5436823877366352,200,0.1,0.7000000000000001
legacy,50,2,14,112,0.11,0.645,3.5630585498788987,200,0.1,0.7000000000000001
legacy,50,2,14,113,0.09,0.65,3.0847435194135766,200,0.1,0.7000000000000001
legacy,50,2,14,114,0.095,0.645,2.744206150739859,200,0.1,0.7000000000000001
legacy,50,2,14,115,0.06,0.675,2.9624200081924226,200,0.1,0.7000000000000001
legacy,50,2,14,116,0.145,0.62,3.380580114850029,200,0.1,0.7000000000000001
legacy,50,2,14,117,0.085,0.675,3.855540222582986,200,0.1,0.7000000000000001
legacy,50,2,14,118,0.085,0.66,2.841460258978481,200,0.1,0.7000000000000001
legacy,50,2,14,119,0.1,0.66,3.465451570461821,200,0.1,0.7000000000000001
legacy,50,2,14,120,0.095,0.655,3.1329122288675197,200,0.1,0.7000000000000001
legacy,50,2,14,121,0.085,0.67,3.6144242400894115,200,0.1,0.7000000000000001
legacy,50,2,14,122,0.075,0.68,2.717643335294687,200,0.1,0.7000000000000001
legacy,50,2,14,123,0.085,0.685,2.865366031535474,200,0.1,0.7000000000000001
legacy,50,2,14,124,0.075,0.675,3.610273645269601,200,0.1,0.7000000000000001
legacy,51,2,15,100,0.075,0.685,3.1892078864252364,200,0.1,0.75
legacy,51,2,15,101,0.075,0.69,3.4613105998696483,200,0.1,0.75
legacy,51,2,15,102,0.085,0.685,3.3415589849410714,200,0.1,0.75
legacy,51,2,15,103,0.07,0.69,2.652760545576982,200,0.1,0.75
legacy,51,2,15,104,0.075,0.685,2.719128951881717,200,0.1,0.75
legacy,51,2,15,105,0.135,0.655,2.6620556027664417,200,0.1,0.75
legacy,51,2,15,106,0.095,0.685,3.860569601365319,200,0.1,0.75
legacy,51,2,15,107,0.115,0.685,2.768046856318543,200,0.1,0.75
legacy,51,2,15,108,0.05,0.715,2.761451001532455,200,0.1,0.75
legacy,51,2,15,109,0.09,0.695,2.7351148458760326,200,0.1,0.75
legacy,51,2,15,110,0.09,0.72,3.9950268487054514,200,0.1,0.75
legacy,51,2,15,111,0.12,0.675,3.9339271976054437,200,0.1,0.75
legacy,51,2,15,112,0.105,0.675,3.3722564990997945,200,0.1,0.75
legacy,51,2,15,113,0.085,0.71,3.2225188459611775,200,0.1,0.75
legacy,51,2,15,114,0.095,0.695,2.4608031127567744,200,0.1,0.75
legacy,51,2,15,115,0.06,0.725,3.196044781523378,200,0.1,0.75
legacy,51,2,15,116,0.14,0.68,3.8041747822269785,200,0.1,0.75
legacy,51,2,15,117,0.1,0.7,3.9050787105263343,200,0.1,0.75
legacy,51,2,15,118,0.085,0.7,3.217341776345502,200,0.1,0.75
legacy,51,2,15,119,0.095,0.695,3.1600749160362405,200,0.1,0.75
legacy,51,2,15,120,0.105,0.7,3.952073721979908,200,0.1,0.75
legacy,51,2,15,121,0.085,0.725,3.2028036772703636,200,0.1,0.75
legacy,51,2,15,122,0.075,0.735,3.1890467312719215,200,0.1,0.75
legacy,51,2,15,123,0.085,0.73,2.82460185657882,200,0.1,0.75
legacy,51,2,15,124,0.075,0.725,3.97847032799471,200,0.1,0.75
legacy,52,2,16,100,0.075,0.73,2.5363681840232646,200,0.1,0.8
legacy,52,2,16,101,0.075,0.73,3.4237974234014157,200,0.1,0.8
legacy,52,2,16,102,0.08,0.725,2.868345813695899,200,0.1,0.8
legacy,52,2,16,103,0.075,0.74,2.9199864178036834,200,0.1,0.8
legacy,52,2,16,104,0.075,0.73,2.3213463063439517,200,0.1,0.8
legacy,52,2,16,105,0.13,0.705,3.1641650948078546,200,0.1,0.8
legacy,52,2,16,106,0.095,0.715,3.813550485349827,200,0.1,0.8
legacy,52,2,16,107,0.11,0.71,3.598833023644647,200,0.1,0.8
legacy,52,2,16,108,0.05,0.76,2.7740489391987366,200,0.1,0.8
legacy,52,2,16,109,0.09,0.745,3.2566283936762233,200,0.1,0.8
legacy,52,2,16,110,0.08,0.74,4.50600763999799,200,0.1,0.8
legacy,52,2,16,111,0.12,0.705,3.6159053161395103,200,0.1,0.8
legacy,52,2,16,112,0.105,0.725,3.4485260892815406,200,0.1,0.8
legacy,52,2,16,113,0.09,0.74,3.8235653984726925,200,0.1,0.8
legacy,52,2,16,114,0.09,0.74,2.5524313108021848,200,0.1,0.8
legacy,52,2,16,115,0.06,0.78,3.0706428707002864,200,0.1,0.8
legacy,52,2,16,116,0.15,0.685,3.919496482197597,200,0.1,0.8
legacy,52,2,16,117,0.1,0.73,3.9522942666853362,200,0.1,0.8
legacy,52,2,16,118,0.085,0.75,2.8455012598058023,200,0.1,0.8
legacy,52,2,16,119,0.095,0.74,3.5306381947575245,200,0.1,0.8
legacy,52,2,16,120,0.1,0.74,4.089124348601059,200,0.1,0.8
legacy,52,2,16,121,0.08,0.76,3.461203325329312,200,0.1,0.8
legacy,52,2,16,122,0.075,0.77,3.274973135716579,200,0.1,0.8
legacy,52,2,16,123,0.085,0.755,2.9417527140116824,200,0.1,0.8
legacy,52,2,16,124,0.07,0.785,4.236375630708189,200,0.1,0.8
legacy,53,2,17,100,0.075,0.775,2.928167613663335,200,0.1,0.8500000000000001
legacy,53,2,17,101,0.075,0.785,3.4798530466749447,200,0.1,0.8500000000000001
legacy,53,2,17,102,0.08,0.775,3.277760302558106,200,0.1,0.8500000000000001
legacy,53,2,17,103,0.07,0.79,3.5169652530074402,200,0.1,0.8500000000000001
legacy,53,2,17,104,0.075,0.78,2.808217659486557,200,0.1,0.8500000000000001
legacy,53,2,17,105,0.13,0.735,2.7396388697419445,200,0.1,0.8500000000000001
legacy,53,2,17,106,0.095,0.765,4.083987368913326,200,0.1,0.8500000000000001
legacy,53,2,17,107,0.11,0.765,3.631560967282651,200,0.1,0.8500000000000001
legacy,53,2,17,108,0.05,0.815,3.0151353867198054,200,0.1,0.8500000000000001
legacy,53,2,17,109,0.09,0.77,3.5197405096408385,200,0.1,0.8500000000000001
legacy,53,2,17,110,0.085,0.79,4.221992675321167,200,0.1,0.8500000000000001
legacy,53,2,17,111,0.12,0.75,4.194689351088122,200,0.1,0.8500000000000001
legacy,53,2,17,112,0.1,0.775,3.933268325502364,200,0.1,0.8500000000000001
legacy,53,2,17,113,0.09,0.78,3.6171564391036077,200,0.1,0.8500000000000001
legacy,53,2,17,114,0.095,0.775,2.7781825439514933,200,0.1,0.8500000000000001
legacy,53,2,17,115,0.065,0.815,3.6831873946190217,200,0.1,0.8500000000000001
legacy,53,2,17,116,0.15,0.735,3.920318037676324,200,0.1,0.8500000000000001
legacy,53,2,17,117,0.1,0.78,4.160302328180619,200,0.1,0.8500000000000001
legacy,53,2,17,118,0.085,0.795,3.1991935959645024,200,0.1,0.8500000000000001
legacy,53,2,17,119,0.095,0.785,4.02354058514828,200,0.1,0.8500000000000001
legacy,53,2,17,120,0.1,0.79,4.081405024643622,200,0.1,0.8500000000000001
legacy,53,2,17,121,0.08,0.815,3.647034130091182,200,0.1,0.8500000000000001
legacy,53,2,17,122,0.075,0.815,3.6576295896009237,200,0.1,0.8500000000000001
legacy,53,2,17,123,0.085,0.805,3.985901268077307,200,0.1,0.8500000000000001
legacy,53,2,17,124,0.075,0.82,3.593328423424444,200,0.1,0.8500000000000001
legacy,54,3,0,100,0.11,0.05,2.8556561366481503,200,0.15000000000000002,0.0
legacy,54,3,0,101,0.13,0.035,3.0259572826534566,200,0.15000000000000002,0.0
legacy,54,3,0,102,0.135,0.06,3.0641063006634295,200,0.15000000000000002,0.0
legacy,54,3,0,103,0.105,0.05,2.0399389417770495,200,0.15000000000000002,0.0
legacy,54,3,0,104,0.11,0.05,2.3879357821988867,200,0.15000000000000002,0.0
legacy,54,3,0,105,0.16,0.05,2.2803037925967145,200,0.15000000000000002,0.0
legacy,54,3,0,106,0.185,0.055,3.158501554567067,200,0.15000000000000002,0.0
legacy,54,3,0,107,0.145,0.04,3.3487371512292112,200,0.15000000000000002,0.0
legacy,54,3,0,108,0.115,0.055,2.5247676619307047,200,0.15000000000000002,0.0
legacy,54,3,0,109,0.17,0.05,2.655948827307876,200,0.15000000000000002,0.0
legacy,54,3,0,110,0.125,0.05,2.0201131193827813,200,0.15000000000000002,0.0
legacy,54,3,0,111,0.125,0.055,2.413908060139932,200,0.15000000000000002,0.0
legacy,54,3,0,112,0.145,0.065,2.36543012969249,200,0.15000000000000002,0.0
legacy,54,3,0,113,0.13,0.065,3.430808278753358,200,0.15000000000000002,0.0
legacy,54,3,0,114,0.14,0.065,2.5186962708231704,200,0.15000000000000002,0.0
legacy,54,3,0,115,0.14,0.035,3.061204294069425,200,0.15000000000000002,0.0
legacy,54,3,0,116,0.155,0.06,3.1822603502844915,200,0.15000000000000002,0.0
legacy,54,3,0,117,0.105,0.07,2.7027913768248704,200,0.15000000000000002,0.0
legacy,54,3,0,118,0.1,0.06,2.7988121757315088,200,0.15000000000000002,0.0
legacy,54,3,0,119,0.125,0.05,3.1326985320822507,200,0.15000000000000002,0.0
legacy,54,3,0,120,0.13,0.055,2.2816322751012184,200,0.15000000000000002,0.0
legacy,54,3,0,121,0.095,0.085,2.272521286362154,200,0.15000000000000002,0.0
legacy,54,3,0,122,0.135,0.06,2.982047187167499,200,0.15000000000000002,0.0
legacy,54,3,0,123,0.135,0.055,3.2524449904709583,200,0.15000000000000002,0.0
legacy,54,3,0,124,0.1,0.08,2.599152682270555,200,0.15000000000000002,0.0
legacy,55,3,1,100,0.12,0.07,2.9845506068686087,200,0.15000000000000002,0.05
legacy,55,3,1,101,0.14,0.09,3.2290452383802655,200,0.15000000000000002,0.05
legacy,55,3,1,102,0.14,0.065,2.864862269162803,200,0.15000000000000002,0.05
legacy,55,3,1,103,0.115,0.095,2.6817824966704036,200,0.15000000000000002,0.05
legacy,55,3,1,104,0.105,0.075,2.4686542422585185,200,0.15000000000000002,0.05
legacy,55,3,1,105,0.185,0.095,2.0504394541721958,200,0.15000000000000002,0.05
legacy,55,3,1,106,0.175,0.085,3.1689937888425663,200,0.15000000000000002,0.05
legacy,55,3,1,107,0.17,0.095,3.247109403408979,200,0.15000000000000002,0.05
legacy,55,3,1,108,0.13,0.08,2.764806393382445,200,0.15000000000000002,0.05
legacy,55,3,1,109,0.16,0.085,2.548309212686685,200,0.15000000000000002,0.05
legacy,55,3,1,110,0.125,0.07,2.3740620494784195,200,0.15000000000000002,0.05
legacy,55,3,1,111,0.125,0.08,2.140070634388785,200,0.15000000000000002,0.05
legacy,55,3,1,112,0.155,0.095,3.067341604854448,200,0.15000000000000002,0.05
legacy,55,3,1,113,0.125,0.095,3.326428220980782,200,0.15000000000000002,0.05
legacy,55,3,1,114,0.15,0.09,2.754474790293375,200,0.15000000000000002,0.05
legacy,55,3,1,115,0.125,0.11,3.1489830721120073,200,0.15000000000000002,0.05
legacy,55,3,1,116,0.175,0.085,3.520618599585356,200,0.15000000000000002,0.05
legacy,55,3,1,117,0.115,0.105,2.8899664037858828,200,0.15000000000000002,0.05
legacy,55,3,1,118,0.1,0.115,3.4646358932872876,200,0.15000000000000002,0.05
legacy,55,3,1,119,0.125,0.09,3.056752785619429,200,0.15000000000000002,0.05
legacy,55,3,1,120,0.12,0.105,2.1167026190452756,200,0.15000000000000002,0.05
legacy,55,3,1,121,0.12,0.1,2.347116715655054,200,0.15000000000000002,0.05
legacy,55,3,1,122,0.145,0.105,2.8052484719363155,200,0.15000000000000002,0.05
legacy,55,3,1,123,0.145,0.1,3.0635649258728352,200,0.15000000000000002,0.05
legacy,55,3,1,124,0.09,0.105,2.313482440284226,200,0.15000000000000002,0.05
legacy,56,3,2,100,0.12,0.115,2.977141909158298,200,0.15000000000000002,0.1
legacy,56,3,2,101,0.135,0.115,2.8011524397131815,200,0.15000000000000002,0.1
legacy,56,3,2,102,0.135,0.115,3.022352724659445,200,0.15000000000000002,0.1
legacy,56,3,2,103,0.115,0.13,2.4187800569037394,200,0.15000000000000002,0.1
legacy,56,3,2,104,0.105,0.135,2.1629131219275073,200,0.15000000000000002,0.1
legacy,56,3,2,105,0.165,0.12,2.3461389091671214,200,0.15000000000000002,0.1
legacy,56,3,2,106,0.16,0.11,3.12784926350126,200,0.15000000000000002,0.1
legacy,56,3,2,107,0.165,0.12,3.0744549573987374,200,0.15000000000000002,0.1
legacy,56,3,2,108,0.125,0.125,2.6227460187973235,200,0.15000000000000002,0.1
legacy,56,3,2,109,0.16,0.125,2.7176420773556242,200,0.15000000000000002,0.1
legacy,56,3,2,110,0.12,0.145,2.487373513639252,200,0.15000000000000002,0.1
legacy,56,3,2,111,0.14,0.115,2.6528684363273722,200,0.15000000000000002,0.1
legacy,56,3,2,112,0.16,0.17,2.3770492337104168,200,0.15000000000000002,0.1
legacy,56,3,2,113,0.135,0.145,2.9763321421111897,200,0.15000000000000002,0.1
legacy,56,3,2,114,0.125,0.14,2.694130493186922,200,0.15000000000000002,0.1
legacy,56,3,2,115,0.145,0.145,3.0497321746226684,200,0.15000000000000002,0.1
legacy,56,3,2,116,0.175,0.13,3.3528312370672073,200,0.15000000000000002,0.1
legacy,56,3,2,117,0.105,0.155,2.6556551252836496,200,0.15000000000000002,0.1
legacy,56,3,2,118,0.09,0.145,2.7934476225491847,200,0.15000000000000002,0.1
legacy,56,3,2,119,0.11,0.13,2.932345207478572,200,0.15000000000000002,0.1
legacy,56,3,2,120,0.115,0.145,2.323918374480474,200,0.15000000000000002,0.1
legacy,56,3,2,121,0.11,0.16,2.2140937735773347,200,0.15000000000000002,0.1
legacy,56,3,2,122,0.13,0.15,2.7919002418532877,200,0.15000000000000002,0.1
legacy,56,3,2,123,0.135,0.145,2.7324492207972924,200,0.15000000000000002,0.1
legacy,56,3,2,124,0.09,0.185,2.5464665440161145,200,0.15000000000000002,0.1
legacy,57,3,3,100,0.095,0.175,2.865449759735101,200,0.15000000000000002,0.15000000000000002
legacy,57,3,3,101,0.13,0.14,3.003571425295453,200,0.15000000000000002,0.15000000000000002
legacy,57,3,3,102,0.15,0.18,2.866950527191022,200,0.15000000000000002,0.15000000000000002
legacy,57,3,3,103,0.115,0.16,2.750043167584898,200,0.15000000000000002,0.15000000000000002
legacy,57,3,3,104,0.12,0.17,2.2225615719725695,200,0.15000000000000002,0.15000000000000002
legacy,57,3,3,105,0.185,0.185,2.409063091062279,200,0.15000000000000002,0.15000000000000002
legacy,57,3,3,106,0.185,0.14,3.374301025687206,200,0.15000000000000002,0.15000000000000002
legacy,57,3,3,107,0.15,0.175,2.93415901205935,200,0.15000000000000002,0.15000000000000002
legacy,57,3,3,108,0.13,0.18,3.033937729572502,200,0.15000000000000002,0.15000000000000002
legacy,57,3,3,109,0.16,0.175,3.1669431757898656,200,0.15000000000000002,0.15000000000000002
legacy,57,3,3,110,0.11,0.18,2.221601332442603,200,0.15000000000000002,0.15000000000000002
legacy,57,3,3,111,0.135,0.165,2.7075589498042687,200,0.15000000000000002,0.15000000000000002
legacy,57,3,3,112,0.15,0.175,2.4894123242798116,200,0.15000000000000002,0.15000000000000002
legacy,57,3,3,113,0.12,0.165,3.31586885552931,200,0.15000000000000002,0.15000000000000002
legacy,57,3,3,114,0.135,0.185,3.040303201789615,200,0.15000000000000002,0.15000000000000002
legacy,57,3,3,115,0.14,0.18,3.05999523209963,200,0.15000000000000002,0.15000000000000002
legacy,57,3,3,116,0.18,0.175,3.032519969890113,200,0.15000000000000002,0.15000000000000002
legacy,57,3,3,117,0.11,0.19,3.083367650641468,200,0.15000000000000002,0.15000000000000002
legacy,57,3,3,118,0.09,0.19,2.9393403605716686,200,0.15000000000000002,0.15000000000000002
legacy,57,3,3,119,0.115,0.185,3.027992710207507,200,0.15000000000000002,0.15000000000000002
legacy,57,3,3,120,0.11,0.175,2.5583378667335186,200,0.15000000000000002,0.15000000000000002
legacy,57,3,3,121,0.115,0.2,2.241863088262642,200,0.15000000000000002,0.15000000000000002
legacy,57,3,3,122,0.14,0.2,3.022189762961429,200,0.15000000000000002,0.15000000000000002
legacy,57,3,3,123,0.12,0.18,2.8989535565266875,200,0.15000000000000002,0.15000000000000002
legacy,57,3,3,124,0.1,0.195,2.7092869444829093,200,0.15000000000000002,0.15000000000000002
legacy,58,3,4,100,0.11,0.195,2.9257641442107944,200,0.15000000000000002,0.2
legacy,58,3,4,101,0.13,0.195,3.1611043358819826,200,0.15000000000000002,0.2
legacy,58,3,4,102,0.125,0.205,3.270936223023298,200,0.15000000000000002,0.2
legacy,58,3,4,103,0.1,0.215,2.53243538297289,200,0.15000000000000002,0.2
legacy,58,3,4,104,0.105,0.205,2.663453491632018,200,0.15000000000000002,0.2
legacy,58,3,4,105,0.175,0.205,2.45218713283051,200,0.15000000000000002,0.2
legacy,58,3,4,106,0.175,0.215,2.722823350182229,200,0.15000000000000002,0.2
legacy,58,3,4,107,0.16,0.2,3.124365568272351,200,0.15000000000000002,0.2
legacy,58,3,4,108,0.12,0.21,2.8733795618100064,200,0.15000000000000002,0.2
legacy,58,3,4,109,0.14,0.195,2.7340057345031035,200,0.15000000000000002,0.2
legacy,58,3,4,110,0.12,0.235,2.966254929123486,200,0.15000000000000002,0.2
legacy,58,3,4,111,0.125,0.21,2.8077670940599906,200,0.15000000000000002,0.2
legacy,58,3,4,112,0.16,0.21,2.9211478526337857,200,0.15000000000000002,0.2
legacy,58,3,4,113,0.13,0.23,2.729107062649176,200,0.15000000000000002,0.2
legacy,58,3,4,114,0.145,0.21,2.856980686279121,200,0.15000000000000002,0.2
legacy,58,3,4,115,0.135,0.225,3.290079382613288,200,0.15000000000000002,0.2
legacy,58,3,4,116,0.17,0.2,2.99177612176661,200,0.15000000000000002,0.2
legacy,58,3,4,117,0.105,0.24,2.9219478693807366,200,0.15000000000000002,0.2
legacy,58,3,4,118,0.08,0.235,2.608711510573979,200,0.15000000000000002,0.2
legacy,58,3,4,119,0.125,0.23,2.6813629859740353,200,0.15000000000000002,0.2
legacy,58,3,4,120,0.12,0.245,2.586034919110064,200,0.15000000000000002,0.2
legacy,58,3,4,121,0.11,0.24,2.9730920542886645,200,0.15000000000000002,0.2
legacy,58,3,4,122,0.135,0.245,3.0471079328530766,200,0.15000000000000002,0.2
legacy,58,3,4,123,0.14,0.24,3.1522143239319123,200,0.15000000000000002,0.2
legacy,58,3,4,124,0.09,0.23,2.7430022765665103,200,0.15000000000000002,0.2
legacy,59,3,5,100,0.12,0.245,2.9787116617754275,200,0.15000000000000002,0.25
legacy,59,3,5,101,0.12,0.245,3.0728272693234633,200,0.15000000000000002,0.25
legacy,59,3,5,102,0.13,0.255,3.006673915483015,200,0.15000000000000002,0.25
legacy,59,3,5,103,0.115,0.255,2.792136577784423,200,0.15000000000000002,0.25
legacy,59,3,5,104,0.11,0.255,2.7639118264537204,200,0.15000000000000002,0.25
legacy,59,3,5,105,0.165,0.24,2.826539806834232,200,0.15000000000000002,0.25
legacy,59,3,5,106,0.165,0.235,3.113587451054059,200,0.15000000000000002,0.25
legacy,59,3,5,107,0.16,0.235,2.7735126762042874,200,0.15000000000000002,0.25
legacy,59,3,5,108,0.12,0.24,2.8009583584885522,200,0.15000000000000002,0.25
legacy,59,3,5,109,0.165,0.24,2.8377957494685986,200,0.15000000000000002,0.25
legacy,59,3,5,110,0.115,0.275,2.4706698000100906,200,0.15000000000000002,0.25
legacy,59,3,5,111,0.13,0.25,2.9743430480059785,200,0.15000000000000002,0.25
legacy,59,3,5,112,0.16,0.26,3.104521429367585,200,0.15000000000000002,0.25
legacy,59,3,5,113,0.13,0.265,2.791605805240564,200,0.15000000000000002,0.25
legacy,59,3,5,114,0.145,0.275,2.7181094686134224,200,0.15000000000000002,0.25
legacy,59,3,5,115,0.14,0.265,3.0330533847404926,200,0.15000000000000002,0.25
legacy,59,3,5,116,0.175,0.27,2.890625793576796,200,0.15000000000000002,0.25
legacy,59,3,5,117,0.08,0.28,2.832429975172112,200,0.15000000000000002,0.25
legacy,59,3,5,118,0.1,0.275,2.6761885513897816,200,0.15000000000000002,0.25
legacy,59,3,5,119,0.115,0.245,2.83278302206035,200,0.15000000000000002,0.25
legacy,59,3,5,120,0.11,0.275,2.7610035483322646,200,0.15000000000000002,0.25
legacy,59,3,5,121,0.115,0.27,2.952736215091199,200,0.15000000000000002,0.25
legacy,59,3,5,122,0.13,0.275,2.8106128788770053,200,0.15000000000000002,0.25
legacy,59,3,5,123,0.13,0.275,2.921519544588341,200,0.15000000000000002,0.25
legacy,59,3,5,124,0.09,0.285,2.6452612465593734,200,0.15000000000000002,0.25
legacy,60,3,6,100,0.12,0.285,2.8331495186427818,200,0.15000000000000002,0.30000000000000004
legacy,60,3,6,101,0.14,0.28,2.86871104012551,200,0.15000000000000002,0.30000000000000004
legacy,60,3,6,102,0.145,0.28,2.768506885418449,200,0.15000000000000002,0.30000000000000004
legacy,60,3,6,103,0.095,0.315,2.4319321250428807,200,0.15000000000000002,0.30000000000000004
legacy,60,3,6,104,0.105,0.285,2.600085028097963,200,0.15000000000000002,0.30000000000000004
legacy,60,3,6,105,0.175,0.26,2.7602837791404853,200,0.15000000000000002,0.30000000000000004
legacy,60,3,6,106,0.19,0.255,3.1263251744268836,200,0.15000000000000002,0.30000000000000004
legacy,60,3,6,107,0.165,0.275,2.8748745670112266,200,0.15000000000000002,0.30000000000000004
legacy,60,3,6,108,0.12,0.29,2.909833997208529,200,0.15000000000000002,0.30000000000000004
legacy,60,3,6,109,0.17,0.285,3.151778446654811,200,0.15000000000000002,0.30000000000000004
legacy,60,3,6,110,0.12,0.305,2.6936507506317935,200,0.15000000000000002,0.30000000000000004
legacy,60,3,6,111,0.125,0.28,3.1602022333624906,200,0.15000000000000002,0.30000000000000004
legacy,60,3,6,112,0.14,0.31,2.859422754826303,200,0.15000000000000002,0.30000000000000004
legacy,60,3,6,113,0.12,0.285,2.7721572874353386,200,0.15000000000000002,0.30000000000000004
legacy,60,3,6,114,0.115,0.29,2.6969057623818253,200,0.15000000000000002,0.30000000000000004
legacy,60,3,6,115,0.13,0.295,3.185798562121702,200,0.15000000000000002,0.30000000000000004
legacy,60,3,6,116,0.16,0.29,2.826486950956506,200,0.15000000000000002,0.30000000000000004
legacy,60,3,6,117,0.1,0.325,3.0172721201121284,200,0.15000000000000002,0.30000000000000004
legacy,60,3,6,118,0.1,0.32,2.8622377375658345,200,0.15000000000000002,0.30000000000000004
legacy,60,3,6,119,0.115,0.29,2.7836570254857866,200,0.15000000000000002,0.30000000000000004
legacy,60,3,6,120,0.115,0.315,2.8229980931896903,200,0.15000000000000002,0.30000000000000004
legacy,60,3,6,121,0.11,0.31,2.6534098842786165,200,0.15000000000000002,0.30000000000000004
legacy,60,3,6,122,0.15,0.295,3.259923700025453,200,0.15000000000000002,0.30000000000000004
legacy,60,3,6,123,0.14,0.31,2.732905446147063,200,0.15000000000000002,0.30000000000000004
legacy,60,3,6,124,0.085,0.36,3.1558476491481007,200,0.15000000000000002,0.30000000000000004
legacy,61,3,7,100,0.125,0.325,2.883005278096081,200,0.15000000000000002,0.35000000000000003
legacy,61,3,7,101,0.145,0.305,3.0880099307652267,200,0.15000000000000002,0.35000000000000003
legacy,61,3,7,102,0.125,0.305,2.6584741138505983,200,0.15000000000000002,0.35000000000000003
legacy,61,3,7,103,0.1,0.32,2.637820733282825,200,0.15000000000000002,0.35000000000000003
legacy,61,3,7,104,0.105,0.335,2.7740118476907036,200,0.15000000000000002,0.35000000000000003
legacy,61,3,7,105,0.155,0.31,2.610354494771465,200,0.15000000000000002,0.35000000000000003
legacy,61,3,7,106,0.19,0.3,3.3276764879166056,200,0.15000000000000002,0.35000000000000003
legacy,61,3,7,107,0.175,0.325,2.87750273956062,200,0.15000000000000002,0.35000000000000003
legacy,61,3,7,108,0.12,0.325,2.7955442867057605,200,0.15000000000000002,0.35000000000000003
legacy,61,3,7,109,0.155,0.335,3.2604155889467963,200,0.15000000000000002,0.35000000000000003
legacy,61,3,7,110,0.135,0.325,2.936004974851705,200,0.15000000000000002,0.35000000000000003
legacy,61,3,7,111,0.135,0.34,2.867979861373813,200,0.15000000000000002,0.35000000000000003
legacy,61,3,7,112,0.165,0.335,3.3880051935945072,200,0.15000000000000002,0.35000000000000003
legacy,61,3,7,113,0.13,0.345,2.6865006216519918,200,0.15000000000000002,0.35000000000000003
legacy,61,3,7,114,0.135,0.36,3.256405478441655,200,0.15000000000000002,0.35000000000000003
legacy,61,3,7,115,0.13,0.34,3.2037655792101503,200,0.15000000000000002,0.35000000000000003
legacy,61,3,7,116,0.175,0.33,3.1009366882043103,200,0.15000000000000002,0.35000000000000003
legacy,61,3,7,117,0.115,0.355,3.0129442067695855,200,0.15000000000000002,0.35000000000000003
legacy,61,3,7,118,0.105,0.35,3.2501289259115422,200,0.15000000000000002,0.35000000000000003
legacy,61,3,7,119,0.115,0.33,2.815955998463636,200,0.15000000000000002,0.35000000000000003
legacy,61,3,7,120,0.125,0.365,2.8554176825395547,200,0.15000000000000002,0.35000000000000003
legacy,61,3,7,121,0.105,0.34,2.811741888973018,200,0.15000000000000002,0.35000000000000003
legacy,61,3,7,122,0.135,0.345,3.218434290352406,200,0.15000000000000002,0.35000000000000003
legacy,61,3,7,123,0.125,0.36,2.764571550939987,200,0.15000000000000002,0.35000000000000003
legacy,61,3,7,124,0.07,0.38,2.6242149121056775,200,0.15000000000000002,0.35000000000000003
legacy,62,3,8,100,0.125,0.385,2.8469387141686284,200,0.15000000000000002,0.4
legacy,62,3,8,101,0.14,0.345,3.000927614746026,200,0.15000000000000002,0.4
legacy,62,3,8,102,0.135,0.37,2.4939012676658048,200,0.15000000000000002,0.4
legacy,62,3,8,103,0.11,0.37,2.7889317518605004,200,0.15000000000000002,0.4
legacy,62,3,8,104,0.095,0.37,2.5594006829830063,200,0.15000000000000002,0.4
legacy,62,3,8,105,0.175,0.38,3.0802279053583494,200,0.15000000000000002,0.4
legacy,62,3,8,106,0.175,0.335,3.3897350137953777,200,0.15000000000000002,0.4
legacy,62,3,8,107,0.155,0.355,2.517087156672514,200,0.15000000000000002,0.4
legacy,62,3,8,108,0.11,0.365,3.009651182789193,200,0.15000000000000002,0.4
legacy,62,3,8,109,0.16,0.345,3.276049294861756,200,0.15000000000000002,0.4
legacy,62,3,8,110,0.13,0.385,2.9296477678809003,200,0.15000000000000002,0.4
legacy,62,3,8,111,0.135,0.37,3.0728217725422424,200,0.15000000000000002,0.4
legacy,62,3,8,112,0.135,0.375,3.524484219872747,200,0.15000000000000002,0.4
legacy,62,3,8,113,0.125,0.385,2.8681850662694885,200,0.15000000000000002,0.4
legacy,62,3,8,114,0.13,0.37,3.109498884195265,200,0.15000000000000002,0.4
legacy,62,3,8,115,0.135,0.39,3.1144695630355828,200,0.15000000000000002,0.4
legacy,62,3,8,116,0.16,0.345,2.7336103135553596,200,0.15000000000000002,0.4
legacy,62,3,8,117,0.1,0.405,2.939266434703593,200,0.15000000000000002,0.4
legacy,62,3,8,118,0.095,0.395,2.8335093500338155,200,0.15000000000000002,0.4
legacy,62,3,8,119,0.115,0.385,2.7470872747911232,200,0.15000000000000002,0.4
legacy,62,3,8,120,0.115,0.395,2.991869088404445,200,0.15000000000000002,0.4
legacy,62,3,8,121,0.12,0.395,2.8978699752833195,200,0.15000000000000002,0.4
legacy,62,3,8,122,0.125,0.385,2.9367689991919104,200,0.15000000000000002,0.4
legacy,62,3,8,123,0.145,0.4,2.9865487205044032,200,0.15000000000000002,0.4
legacy,62,3,8,124,0.075,0.415,3.1000339017211287,200,0.15000000000000002,0.4
legacy,63,3,9,100,0.13,0.41,3.325463111215669,200,0.15000000000000002,0.45
legacy,63,3,9,101,0.14,0.395,3.1192944305140484,200,0.15000000000000002,0.45
legacy,63,3,9,102,0.135,0.4,2.8551626180721104,200,0.15000000000000002,0.45
legacy,63,3,9,103,0.1,0.42,3.306780348474848,200,0.15000000000000002,0.45
legacy,63,3,9,104,0.105,0.41,2.9450569539067577,200,0.15000000000000002,0.45
legacy,63,3,9,105,0.175,0.405,3.027138944090776,200,0.15000000000000002,0.45
legacy,63,3,9,106,0.18,0.375,3.2460878447805714,200,0.15000000000000002,0.45
legacy,63,3,9,107,0.17,0.4,2.847884921781882,200,0.15000000000000002,0.45
legacy,63,3,9,108,0.105,0.41,2.8531768535984323,200,0.15000000000000002,0.45
legacy,63,3,9,109,0.16,0.38,3.1761428825823805,200,0.15000000000000002,0.45
legacy,63,3,9,110,0.13,0.415,2.994528611132406,200,0.15000000000000002,0.45
legacy,63,3,9,111,0.14,0.415,3.1298277505822782,200,0.15000000000000002,0.45
legacy,63,3,9,112,0.14,0.445,3.2459384848465107,200,0.15000000000000002,0.45
legacy,63,3,9,113,0.115,0.425,2.533522530472758,200,0.15000000000000002,0.45
legacy,63,3,9,114,0.145,0.415,3.1804331481025283,200,0.15000000000000002,0.45
legacy,63,3,9,115,0.135,0.435,3.0112615537628256,200,0.15000000000000002,0.45
legacy,63,3,9,116,0.17,0.4,2.9053015168904666,200,0.15000000000000002,0.45
legacy,63,3,9,117,0.11,0.46,3.034671044537356,200,0.15000000000000002,0.45
legacy,63,3,9,118,0.095,0.43,2.7858877644226046,200,0.15000000000000002,0.45
legacy,63,3,9,119,0.105,0.42,2.5455917356331885,200,0.15000000000000002,0.45
legacy,63,3,9,120,0.11,0.445,2.9589429341973768,200,0.15000000000000002,0.45
legacy,63,3,9,121,0.12,0.445,3.381298126628006,200,0.15000000000000002,0.45
legacy,63,3,9,122,0.125,0.445,2.8727862249031597,200,0.15000000000000002,0.45
legacy,63,3,9,123,0.135,0.42,2.9936439499775873,200,0.15000000000000002,0.45
legacy,63,3,9,124,0.07,0.45,3.0959642666081026,200,0.15000000000000002,0.45
legacy,64,3,10,100,0.125,0.45,2.9677177972101356,200,0.15000000000000002,0.5
legacy,64,3,10,101,0.145,0.41,3.0416861030326663,200,0.15000000000000002,0.5
legacy,64,3,10,102,0.125,0.42,2.300714938311945,200,0.15000000000000002,0.5
legacy,64,3,10,103,0.105,0.47,2.7664297569261276,200,0.15000000000000002,0.5
legacy,64,3,10,104,0.115,0.45,2.573171191069429,200,0.15000000000000002,0.5
legacy,64,3,10,105,0.17,0.43,3.245638758656982,200,0.15000000000000002,0.5
legacy,64,3,10,106,0.19,0.395,2.872284763911838,200,0.15000000000000002,0.5
legacy,64,3,10,107,0.16,0.44,2.4834017830374817,200,0.15000000000000002,0.5
legacy,64,3,10,108,0.12,0.46,2.9600821756856526,200,0.15000000000000002,0.5
legacy,64,3,10,109,0.175,0.44,3.1822803751880553,200,0.15000000000000002,0.5
legacy,64,3,10,110,0.125,0.445,3.400187070985788,200,0.15000000000000002,0.5
legacy,64,3,10,111,0.135,0.435,3.2714841257894447,200,0.15000000000000002,0.5
legacy,64,3,10,112,0.15,0.46,3.1763204331835304,200,0.15000000000000002,0.5
legacy,64,3,10,113,0.135,0.47,2.579243338607524,200,0.15000000000000002,0.5
legacy,64,3,10,114,0.145,0.455,2.974953514251084,200,0.15000000000000002,0.5
legacy,64,3,10,115,0.125,0.46,3.0681406095242174,200,0.15000000000000002,0.5
legacy,64,3,10,116,0.175,0.435,2.87530524988185,200,0.15000000000000002,0.5
legacy,64,3,10,117,0.105,0.49,2.804351478900768,200,0.15000000000000002,0.5
legacy,64,3,10,118,0.09,0.485,2.998529954125987,200,0.15000000000000002,0.5
legacy,64,3,10,119,0.11,0.465,2.5047527131837755,200,0.15000000000000002,0.5
legacy,64,3,10,120,0.11,0.48,2.894508837635077,200,0.15000000000000002,0.5
legacy,64,3,10,121,0.115,0.465,3.2260266130684654,200,0.15000000000000002,0.5
legacy,64,3,10,122,0.13,0.46,3.1149106386957874,200,0.15000000000000002,0.5
legacy,64,3,10,123,0.14,0.46,2.87426188903038,200,0.15000000000000002,0.5
legacy,64,3,10,124,0.1,0.505,2.800679084484126,200,0.15000000000000002,0.5
legacy,65,3,11,100,0.12,0.485,3.0276196367483657,200,0.15000000000000002,0.55
legacy,65,3,11,101,0.14,0.465,3.3870549406415784,200,0.15000000000000002,0.55
legacy,65,3,11,102,0.14,0.5,2.4699400059315044,200,0.15000000000000002,0.55
legacy,65,3,11,103,0.11,0.515,3.1044790531600905,200,0.15000000000000002,0.55
legacy,65,3,11,104,0.105,0.505,3.101612822134458,200,0.15000000000000002,0.55
legacy,65,3,11,105,0.175,0.505,2.992755701863105,200,0.15000000000000002,0.55
legacy,65,3,11,106,0.19,0.46,3.2826107833164877,200,0.15000000000000002,0.55
legacy,65,3,11,107,0.175,0.485,2.3182982449605483,200,0.15000000000000002,0.55
legacy,65,3,11,108,0.12,0.5,3.0974008459980418,200,0.15000000000000002,0.55
legacy,65,3,11,109,0.155,0.47,3.07671241405919,200,0.15000000000000002,0.55
legacy,65,3,11,110,0.135,0.5,3.2735212480978793,200,0.15000000000000002,0.55
legacy,65,3,11,111,0.125,0.51,3.501644562959861,200,0.15000000000000002,0.55
legacy,65,3,11,112,0.145,0.51,3.4583315790161375,200,0.15000000000000002,0.55
legacy,65,3,11,113,0.125,0.505,2.935198342178741,200,0.15000000000000002,0.55
legacy,65,3,11,114,0.145,0.49,3.3397344649777936,200,0.15000000000000002,0.55
legacy,65,3,11,115,0.145,0.515,3.21617359136671,200,0.15000000000000002,0.55
legacy,65,3,11,116,0.17,0.47,3.05485508443184,200,0.15000000000000002,0.55
legacy,65,3,11,117,0.105,0.52,2.665803724185588,200,0.15000000000000002,0.55
legacy,65,3,11,118,0.095,0.545,3.2876093394717385,200,0.15000000000000002,0.55
legacy,65,3,11,119,0.115,0.535,2.289336465581292,200,0.15000000000000002,0.55
legacy,65,3,11,120,0.115,0.535,3.279059530077952,200,0.15000000000000002,0.55
legacy,65,3,11,121,0.12,0.525,3.0794483550267433,200,0.15000000000000002,0.55
legacy,65,3,11,122,0.13,0.515,3.033394335983662,200,0.15000000000000002,0.55
legacy,65,3,11,123,0.135,0.515,3.3038588261952837,200,0.15000000000000002,0.55
legacy,65,3,11,124,0.1,0.55,3.0596207707319594,200,0.15000000000000002,0.55
legacy,66,3,12,100,0.12,0.545,2.966488630105316,200,0.15000000000000002,0.6000000000000001
legacy,66,3,12,101,0.14,0.505,3.251179302994474,200,0.15000000000000002,0.6000000000000001
legacy,66,3,12,102,0.135,0.52,2.518030619047167,200,0.15000000000000002,0.6000000000000001
legacy,66,3,12,103,0.095,0.545,2.8312380306070515,200,0.15000000000000002,0.6000000000000001
legacy,66,3,12,104,0.105,0.555,2.841898394199078,200,0.15000000000000002,0.6000000000000001
legacy,66,3,12,105,0.175,0.515,3.228772439284634,200,0.15000000000000002,0.6000000000000001
legacy,66,3,12,106,0.175,0.495,3.1625328250093645,200,0.15000000000000002,0.6000000000000001
legacy,66,3,12,107,0.16,0.51,2.98849573288789,200,0.15000000000000002,0.6000000000000001
legacy,66,3,12,108,0.115,0.54,3.0092136950273205,200,0.15000000000000002,0.6000000000000001
legacy,66,3,12,109,0.155,0.52,3.254546893007407,200,0.15000000000000002,0.6000000000000001
legacy,66,3,12,110,0.13,0.535,3.1142149455587265,200,0.15000000000000002,0.6000000000000001
legacy,66,3,12,111,0.13,0.53,3.2551977790203455,200,0.15000000000000002,0.6000000000000001
legacy,66,3,12,112,0.135,0.525,3.0981873966371167,200,0.15000000000000002,0.6000000000000001
legacy,66,3,12,113,0.125,0.555,2.6373466617740164,200,0.15000000000000002,0.6000000000000001
legacy,66,3,12,114,0.135,0.53,3.303862872045963,200,0.15000000000000002,0.6000000000000001
legacy,66,3,12,115,0.125,0.54,3.187665031345995,200,0.15000000000000002,0.6000000000000001
legacy,66,3,12,116,0.165,0.52,2.895112398891907,200,0.15000000000000002,0.6000000000000001
legacy,66,3,12,117,0.105,0.55,2.725917083504088,200,0.15000000000000002,0.6000000000000001
legacy,66,3,12,118,0.09,0.57,2.7043410053617394,200,0.15000000000000002,0.6000000000000001
legacy,66,3,12,119,0.11,0.58,2.2480440941578332,200,0.15000000000000002,0.6000000000000001
legacy,66,3,12,120,0.115,0.57,3.2269294085935134,200,0.15000000000000002,0.6000000000000001
legacy,66,3,12,121,0.11,0.56,3.480334300365739,200,0.15000000000000002,0.6000000000000001
legacy,66,3,12,122,0.135,0.555,3.3734976623434094,200,0.15000000000000002,0.6000000000000001
legacy,66,3,12,123,0.125,0.565,2.9741989397929887,200,0.15000000000000002,0.6000000000000001
legacy,66,3,12,124,0.095,0.57,3.229035603210296,200,0.15000000000000002,0.6000000000000001
legacy,67,3,13,100,0.12,0.56,3.1851776863065937,200,0.15000000000000002,0.65
legacy,67,3,13,101,0.145,0.525,3.1709255448695193,200,0.15000000000000002,0.65
legacy,67,3,13,102,0.135,0.57,2.455491439344837,200,0.15000000000000002,0.65
legacy,67,3,13,103,0.1,0.605,3.032786947861813,200,0.15000000000000002,0.65
legacy,67,3,13,104,0.1,0.575,3.586537803804709,200,0.15000000000000002,0.65
legacy,67,3,13,105,0.16,0.555,3.459602102315597,200,0.15000000000000002,0.65
legacy,67,3,13,106,0.185,0.535,3.303229432538345,200,0.15000000000000002,0.65
legacy,67,3,13,107,0.15,0.555,2.903357913834303,200,0.15000000000000002,0.65
legacy,67,3,13,108,0.115,0.575,2.965522080852983,200,0.15000000000000002,0.65
legacy,67,3,13,109,0.15,0.555,3.3007883416246493,200,0.15000000000000002,0.65
legacy,67,3,13,110,0.13,0.59,3.8790719791841797,200,0.15000000000000002,0.65
legacy,67,3,13,111,0.135,0.575,3.482407152467529,200,0.15000000000000002,0.65
legacy,67,3,13,112,0.155,0.59,3.477157802295247,200,0.15000000000000002,0.65
legacy,67,3,13,113,0.125,0.6,2.8293845274501974,200,0.15000000000000002,0.65
legacy,67,3,13,114,0.15,0.57,3.463046758756528,200,0.15000000000000002,0.65
legacy,67,3,13,115,0.14,0.585,3.4363295830454548,200,0.15000000000000002,0.65
legacy,67,3,13,116,0.17,0.555,3.283764541582188,200,0.15000000000000002,0.65
legacy,67,3,13,117,0.105,0.595,2.7039390590843584,200,0.15000000000000002,0.65
legacy,67,3,13,118,0.095,0.615,3.072476616015359,200,0.15000000000000002,0.65
legacy,67,3,13,119,0.125,0.605,2.6754584596767996,200,0.15000000000000002,0.65
legacy,67,3,13,120,0.12,0.605,3.041125280134614,200,0.15000000000000002,0.65
legacy,67,3,13,121,0.105,0.605,3.550979175107333,200,0.15000000000000002,0.65
legacy,67,3,13,122,0.145,0.59,3.5397221519376014,200,0.15000000000000002,0.65
legacy,67,3,13,123,0.135,0.59,3.1363253738822494,200,0.15000000000000002,0.65
legacy,67,3,13,124,0.105,0.62,3.1667742844983504,200,0.15000000000000002,0.65
legacy,68,3,14,100,0.12,0.6,2.87112910870801,200,0.15000000000000002,0.7000000000000001
legacy,68,3,14,101,0.135,0.595,3.2083843683981423,200,0.15000000000000002,0.7000000000000001
legacy,68,3,14,102,0.135,0.605,2.3572232317861617,200,0.15000000000000002,0.7000000000000001
legacy,68,3,14,103,0.105,0.645,3.041935631736534,200,0.15000000000000002,0.7000000000000001
legacy,68,3,14,104,0.1,0.63,3.060309689454254,200,0.15000000000000002,0.7000000000000001
legacy,68,3,14,105,0.18,0.595,3.609461547742795,200,0.15000000000000002,0.7000000000000001
legacy,68,3,14,106,0.185,0.555,2.99113412311277,200,0.15000000000000002,0.7000000000000001
legacy,68,3,14,107,0.155,0.6,2.5063151035306044,200,0.15000000000000002,0.7000000000000001
legacy,68,3,14,108,0.115,0.62,3.2983187731655126,200,0.15000000000000002,0.7000000000000001
legacy,68,3,14,109,0.16,0.595,3.429200539296316,200,0.15000000000000002,0.7000000000000001
legacy,68,3,14,110,0.13,0.63,3.5990015713095027,200,0.15000000000000002,0.7000000000000001
legacy,68,3,14,111,0.13,0.605,3.6202586069400406,200,0.15000000000000002,0.7000000000000001
legacy,68,3,14,112,0.145,0.635,3.4890057173294524,200,0.15000000000000002,0.7000000000000001
legacy,68,3,14,113,0.13,0.64,3.361922757702645,200,0.15000000000000002,0.7000000000000001
legacy,68,3,14,114,0.135,0.605,3.4211055131076313,200,0.15000000000000002,0.7000000000000001
legacy,68,3,14,115,0.13,0.63,3.125953690843809,200,0.15000000000000002,0.7000000000000001
legacy,68,3,14,116,0.175,0.595,2.92405865792716,200,0.15000000000000002,0.7000000000000001
legacy,68,3,14,117,0.11,0.65,2.9973128065488805,200,0.15000000000000002,0.7000000000000001
legacy,68,3,14,118,0.09,0.655,3.219636179972618,200,0.15000000000000002,0.7000000000000001
legacy,68,3,14,119,0.12,0.655,2.69064642282263,200,0.15000000000000002,0.7000000000000001
legacy,68,3,14,120,0.12,0.66,3.7612990651021416,200,0.15000000000000002,0.7000000000000001
legacy,68,3,14,121,0.105,0.665,3.314289911589361,200,0.15000000000000002,0.7000000000000001
legacy,68,3,14,122,0.14,0.63,3.4098908799400025,200,0.15000000000000002,0.7000000000000001
legacy,68,3,14,123,0.13,0.64,3.2536538126265993,200,0.15000000000000002,0.7000000000000001
legacy,68,3,14,124,0.1,0.65,3.2851458818197203,200,0.15000000000000002,0.7000000000000001
legacy,69,3,15,100,0.125,0.645,2.8868181813264586,200,0.15000000000000002,0.75
legacy,69,3,15,101,0.145,0.615,3.6755109258590526,200,0.15000000000000002,0.75
legacy,69,3,15,102,0.125,0.65,2.3989985154607827,200,0.15000000000000002,0.75
legacy,69,3,15,103,0.1,0.69,3.524610303666935,200,0.15000000000000002,0.75
legacy,69,3,15,104,0.1,0.67,3.759361048384974,200,0.15000000000000002,0.75
legacy,69,3,15,105,0.17,0.615,3.353426357912588,200,0.15000000000000002,0.75
legacy,69,3,15,106,0.185,0.59,3.634447565475483,200,0.15000000000000002,0.75
legacy,69,3,15,107,0.165,0.635,2.9731178566035776,200,0.15000000000000002,0.75
legacy,69,3,15,108,0.12,0.665,3.43286029194022,200,0.15000000000000002,0.75
legacy,69,3,15,109,0.145,0.64,4.196982612716274,200,0.15000000000000002,0.75
legacy,69,3,15,110,0.13,0.67,4.164555661247149,200,0.15000000000000002,0.75
legacy,69,3,15,111,0.135,0.66,3.711961178062044,200,0.15000000000000002,0.75
legacy,69,3,15,112,0.135,0.67,3.5651922716662723,200,0.15000000000000002,0.75
legacy,69,3,15,113,0.11,0.67,2.997231501232029,200,0.15000000000000002,0.75
legacy,69,3,15,114,0.14,0.65,3.8525448170772045,200,0.15000000000000002,0.75
legacy,69,3,15,115,0.14,0.665,3.4049705206046625,200,0.15000000000000002,0.75
legacy,69,3,15,116,0.17,0.635,3.242532556199491,200,0.15000000000000002,0.75
legacy,69,3,15,117,0.12,0.68,2.9723542164527874,200,0.15000000000000002,0.75
legacy,69,3,15,118,0.09,0.71,2.9639113922612768,200,0.15000000000000002,0.75
legacy,69,3,15,119,0.12,0.685,2.907412269447276,200,0.15000000000000002,0.75
legacy,69,3,15,120,0.115,0.685,3.512970867992317,200,0.15000000000000002,0.75
legacy,69,3,15,121,0.105,0.695,4.077541320475966,200,0.15000000000000002,0.75
legacy,69,3,15,122,0.135,0.67,3.4756389662554956,200,0.15000000000000002,0.75
legacy,69,3,15,123,0.13,0.685,3.222355731831218,200,0.15000000000000002,0.75
legacy,69,3,15,124,0.1,0.695,4.033057027694883,200,0.15000000000000002,0.75
legacy,70,3,16,100,0.125,0.685,3.047820030195969,200,0.15000000000000002,0.8
legacy,70,3,16,101,0.145,0.665,3.2774394182884543,200,0.15000000000000002,0.8
legacy,70,3,16,102,0.125,0.695,2.288261036586747,200,0.15000000000000002,0.8
legacy,70,3,16,103,0.095,0.73,3.8911742448397844,200,0.15000000000000002,0.8
legacy,70,3,16,104,0.105,0.7,3.751800317058013,200,0.15000000000000002,0.8
legacy,70,3,16,105,0.175,0.645,3.731422241959643,200,0.15000000000000002,0.8
legacy,70,3,16,106,0.185,0.645,3.448046805692968,200,0.15000000000000002,0.8
legacy,70,3,16,107,0.165,0.675,2.991097712936981,200,0.15000000000000002,0.8
legacy,70,3,16,108,0.135,0.705,3.3987687595064426,200,0.15000000000000002,0.8
legacy,70,3,16,109,0.16,0.665,3.784640395422439,200,0.15000000000000002,0.8
legacy,70,3,16,110,0.125,0.7,3.3674874288080034,200,0.15000000000000002,0.8
legacy,70,3,16,111,0.13,0.695,4.16859941025818,200,0.15000000000000002,0.8
legacy,70,3,16,112,0.13,0.715,3.74362374690831,200,0.15000000000000002,0.8
legacy,70,3,16,113,0.12,0.715,3.7804783795578403,200,0.15000000000000002,0.8
legacy,70,3,16,114,0.14,0.69,3.593124302064034,200,0.15000000000000002,0.8
legacy,70,3,16,115,0.13,0.715,3.8065615529693395,200,0.15000000000000002,0.8
legacy,70,3,16,116,0.155,0.68,3.5041902682863646,200,0.15000000000000002,0.8
legacy,70,3,16,117,0.115,0.725,3.57137276520078,200,0.15000000000000002,0.8
legacy,70,3,16,118,0.1,0.745,3.3409759004821784,200,0.15000000000000002,0.8
legacy,70,3,16,119,0.115,0.725,2.840509115052032,200,0.15000000000000002,0.8
legacy,70,3,16,120,0.115,0.725,3.903943979180088,200,0.15000000000000002,0.8
legacy,70,3,16,121,0.11,0.745,3.3671292001429918,200,0.15000000000000002,0.8
legacy,70,3,16,122,0.135,0.715,3.5470969538010713,200,0.15000000000000002,0.8
legacy,70,3,16,123,0.135,0.715,3.336920013258828,200,0.15000000000000002,0.8
legacy,70,3,16,124,0.1,0.745,3.8379602181109873,200,0.15000000000000002,0.8
legacy,71,3,17,100,0.125,0.725,3.4373644457153727,200,0.15000000000000002,0.8500000000000001
legacy,71,3,17,101,0.145,0.72,3.82050417045582,200,0.15000000000000002,0.8500000000000001
legacy,71,3,17,102,0.125,0.725,3.182176460845792,200,0.15000000000000002,0.8500000000000001
legacy,71,3,17,103,0.105,0.755,4.213325001770089,200,0.15000000000000002,0.8500000000000001
legacy,71,3,17,104,0.105,0.745,4.428360026212556,200,0.15000000000000002,0.8500000000000001
legacy,71,3,17,105,0.18,0.69,4.102000822407053,200,0.15000000000000002,0.8500000000000001
legacy,71,3,17,106,0.18,0.695,4.042323247536894,200,0.15000000000000002,0.8500000000000001
legacy,71,3,17,107,0.16,0.71,3.320219305177336,200,0.15000000000000002,0.8500000000000001
legacy,71,3,17,108,0.125,0.74,3.367209272147804,200,0.15000000000000002,0.8500000000000001
legacy,71,3,17,109,0.155,0.705,3.971366997967116,200,0.15000000000000002,0.8500000000000001
legacy,71,3,17,110,0.125,0.755,4.1582018971590164,200,0.15000000000000002,0.8500000000000001
legacy,71,3,17,111,0.13,0.74,4.119952452522738,200,0.15000000000000002,0.8500000000000001
legacy,71,3,17,112,0.135,0.74,3.681370893281368,200,0.15000000000000002,0.8500000000000001
legacy,71,3,17,113,0.12,0.76,3.221797118541622,200,0.15000000000000002,0.8500000000000001
legacy,71,3,17,114,0.135,0.735,3.9079741465891185,200,0.15000000000000002,0.8500000000000001
legacy,71,3,17,115,0.13,0.755,3.8041587080824577,200,0.15000000000000002,0.8500000000000001
legacy,71,3,17,116,0.16,0.735,3.6782504068999162,200,0.15000000000000002,0.8500000000000001
legacy,71,3,17,117,0.12,0.76,3.244079007537706,200,0.15000000000000002,0.8500000000000001
legacy,71,3,17,118,0.095,0.79,3.3569144083282385,200,0.15000000000000002,0.8500000000000001
legacy,71,3,17,119,0.12,0.76,3.2763857678866,200,0.15000000000000002,0.8500000000000001
legacy,71,3,17,120,0.12,0.77,3.652297632563624,200,0.15000000000000002,0.8500000000000001
legacy,71,3,17,121,0.105,0.785,3.894910610381911,200,0.15000000000000002,0.8500000000000001
legacy,71,3,17,122,0.135,0.755,3.5703818131055596,200,0.15000000000000002,0.8500000000000001
legacy,71,3,17,123,0.135,0.755,4.151166351098209,200,0.15000000000000002,0.8500000000000001
legacy,71,3,17,124,0.1,0.79,3.7310824521106203,200,0.15000000000000002,0.8500000000000001
legacy,72,4,0,100,0.155,0.06,2.9741542408574047,200,0.2,0.0
legacy,72,4,0,101,0.185,0.065,1.994107706023458,200,0.2,0.0
legacy,72,4,0,102,0.21,0.035,2.301771974699855,200,0.2,0.0
legacy,72,4,0,103,0.175,0.03,2.813709414526798,200,0.2,0.0
legacy,72,4,0,104,0.195,0.06,2.490138821865335,200,0.2,0.0
legacy,72,4,0,105,0.135,0.045,3.2049265099512967,200,0.2,0.0
legacy,72,4,0,106,0.2,0.04,3.110467410346614,200,0.2,0.0
legacy,72,4,0,107,0.135,0.035,3.29329102694724,200,0.2,0.0
legacy,72,4,0,108,0.19,0.045,3.189605941863604,200,0.2,0.0
legacy,72,4,0,109,0.195,0.035,2.859758420643158,200,0.2,0.0
legacy,72,4,0,110,0.185,0.06,2.58637035554589,200,0.2,0.0
legacy,72,4,0,111,0.19,0.045,2.739951488962828,200,0.2,0.0
legacy,72,4,0,112,0.2,0.045,2.5102455057760347,200,0.2,0.0
legacy,72,4,0,113,0.175,0.04,2.085491818252214,200,0.2,0.0
legacy,72,4,0,114,0.185,0.06,2.2218275958872566,200,0.2,0.0
legacy,72,4,0,115,0.2,0.09,3.341435905550625,200,0.2,0.0
legacy,72,4,0,116,0.21,0.085,3.166050175795791,200,0.2,0.0
legacy,72,4,0,117,0.18,0.065,2.4386576515017624,200,0.2,0.0
legacy,72,4,0,118,0.18,0.09,2.832278756653133,200,0.2,0.0
legacy,72,4,0,119,0.135,0.07,2.576147299326284,200,0.2,0.0
legacy,72,4,0,120,0.195,0.085,2.2702872474307965,200,0.2,0.0
legacy,72,4,0,121,0.155,0.06,3.1978422798704615,200,0.2,0.0
legacy,72,4,0,122,0.19,0.075,3.000508221801048,200,0.2,0.0
legacy,72,4,0,123,0.125,0.05,3.0290990157559365,200,0.2,0.0
legacy,72,4,0,124,0.165,0.07,2.347287546581263,200,0.2,0.0
legacy,73,4,1,100,0.165,0.07,2.7905145252158046,200,0.2,0.05
legacy,73,4,1,101,0.175,0.065,2.7252134762622653,200,0.2,0.05
legacy,73,4,1,102,0.22,0.075,2.486390711835449,200,0.2,0.05
legacy,73,4,1,103,0.155,0.07,3.1910759153314565,200,0.2,0.05
legacy,73,4,1,104,0.205,0.07,2.7227624455044808,200,0.2,0.05
legacy,73,4,1,105,0.14,0.085,2.651830018121789,200,0.2,0.05
legacy,73,4,1,106,0.195,0.065,2.989571290006321,200,0.2,0.05
legacy,73,4,1,107,0.145,0.1,3.432819809807609,200,0.2,0.05
legacy,73,4,1,108,0.19,0.09,3.0418430869411948,200,0.2,0.05
legacy,73,4,1,109,0.19,0.095,3.150631687896978,200,0.2,0.05
legacy,73,4,1,110,0.16,0.1,2.757345042074598,200,0.2,0.05
legacy,73,4,1,111,0.19,0.075,2.6938836666980177,200,0.2,0.05
legacy,73,4,1,112,0.18,0.085,2.455050058825913,200,0.2,0.05
legacy,73,4,1,113,0.19,0.085,2.5331627531728986,200,0.2,0.05
legacy,73,4,1,114,0.18,0.095,2.5213202513035817,200,0.2,0.05
legacy,73,4,1,115,0.2,0.1,3.191137502726107,200,0.2,0.05
legacy,73,4,1,116,0.21,0.125,3.437183677887665,200,0.2,0.05
legacy,73,4,1,117,0.18,0.095,2.9058810328592433,200,0.2,0.05
legacy,73,4,1,118,0.185,0.1,3.010783351413517,200,0.2,0.05
legacy,73,4,1,119,0.15,0.095,2.933800517640664,200,0.2,0.05
legacy,73,4,1,120,0.18,0.12,2.429284799542215,200,0.2,0.05
legacy,73,4,1,121,0.15,0.1,3.0084967878910174,200,0.2,0.05
legacy,73,4,1,122,0.195,0.12,2.9474880792693114,200,0.2,0.05
legacy,73,4,1,123,0.125,0.095,2.9903096486039984,200,0.2,0.05
legacy,73,4,1,124,0.17,0.11,2.721485235674923,200,0.2,0.05
legacy,74,4,2,100,0.155,0.135,2.9899817292166393,200,0.2,0.1
legacy,74,4,2,101,0.175,0.1,2.1600911867301744,200,0.2,0.1
legacy,74,4,2,102,0.215,0.11,2.502562613780137,200,0.2,0.1
legacy,74,4,2,103,0.16,0.125,3.1780556646146683,200,0.2,0.1
legacy,74,4,2,104,0.185,0.15,3.011440555168335,200,0.2,0.1
legacy,74,4,2,105,0.14,0.125,3.332322700965156,200,0.2,0.1
legacy,74,4,2,106,0.195,0.11,3.3495040680265684,200,0.2,0.1
legacy,74,4,2,107,0.135,0.135,2.9677095864036485,200,0.2,0.1
legacy,74,4,2,108,0.165,0.135,3.222360231237522,200,0.2,0.1
legacy,74,4,2,109,0.195,0.11,3.1400587656229892,200,0.2,0.1
legacy,74,4,2,110,0.17,0.135,2.6425997043985423,200,0.2,0.1
legacy,74,4,2,111,0.185,0.14,3.0899566743105225,200,0.2,0.1
legacy,74,4,2,112,0.215,0.135,2.471986623019333,200,0.2,0.1
legacy,74,4,2,113,0.195,0.13,2.5984692917057544,200,0.2,0.1
legacy,74,4,2,114,0.17,0.13,2.655184827908739,200,0.2,0.1
legacy,74,4,2,115,0.19,0.135,3.2639407126828983,200,0.2,0.1
legacy,74,4,2,116,0.205,0.14,3.1621283694917803,200,0.2,0.1
legacy,74,4,2,117,0.195,0.125,2.685927337281143,200,0.2,0.1
legacy,74,4,2,118,0.175,0.16,2.8064694184331618,200,0.2,0.1
legacy,74,4,2,119,0.145,0.135,2.4478632672807947,200,0.2,0.1
legacy,74,4,2,120,0.185,0.14,2.5105496046433045,200,0.2,0.1
legacy,74,4,2,121,0.165,0.155,3.1624865807518505,200,0.2,0.1
legacy,74,4,2,122,0.185,0.145,2.9110981314594255,200,0.2,0.1
legacy,74,4,2,123,0.125,0.14,3.1597455114228477,200,0.2,0.1
legacy,74,4,2,124,0.16,0.135,2.7281700308427346,200,0.2,0.1
legacy,75,4,3,100,0.155,0.195,3.148083704262615,200,0.2,0.15000000000000002
legacy,75,4,3,101,0.17,0.16,2.5469215129313842,200,0.2,0.15000000000000002
legacy,75,4,3,102,0.2,0.16,2.5695898726285322,200,0.2,0.15000000000000002
legacy,75,4,3,103,0.16,0.165,2.637852117438581,200,0.2,0.15000000000000002
legacy,75,4,3,104,0.195,0.15,2.793581849860017,200,0.2,0.15000000000000002
legacy,75,4,3,105,0.16,0.16,3.399968982811137,200,0.2,0.15000000000000002
legacy,75,4,3,106,0.205,0.145,3.0919820614237925,200,0.2,0.15000000000000002
legacy,75,4,3,107,0.135,0.16,2.9820290824472524,200,0.2,0.15000000000000002
legacy,75,4,3,108,0.19,0.17,3.5172131109942364,200,0.2,0.15000000000000002
legacy,75,4,3,109,0.18,0.155,3.1381556999519247,200,0.2,0.15000000000000002
legacy,75,4,3,110,0.165,0.175,3.0489307682026197,200,0.2,0.15000000000000002
legacy,75,4,3,111,0.185,0.18,2.9439160782911014,200,0.2,0.15000000000000002
legacy,75,4,3,112,0.185,0.16,2.4778363847246894,200,0.2,0.15000000000000002
legacy,75,4,3,113,0.185,0.19,2.7318669182663906,200,0.2,0.15000000000000002
legacy,75,4,3,114,0.175,0.16,2.7021704741500034,200,0.2,0.15000000000000002
legacy,75,4,3,115,0.215,0.175,3.1001695104472016,200,0.2,0.15000000000000002
legacy,75,4,3,116,0.21,0.205,3.1593124626305547,200,0.2,0.15000000000000002
legacy,75,4,3,117,0.185,0.195,3.2214462302740374,200,0.2,0.15000000000000002
legacy,75,4,3,118,0.19,0.19,3.310658558179122,200,0.2,0.15000000000000002
legacy,75,4,3,119,0.125,0.175,2.7205933659298616,200,0.2,0.15000000000000002
legacy,75,4,3,120,0.19,0.195,2.8369105383232953,200,0.2,0.15000000000000002
legacy,75,4,3,121,0.17,0.195,3.0351673665743726,200,0.2,0.15000000000000002
legacy,75,4,3,122,0.21,0.2,3.2798943109746546,200,0.2,0.15000000000000002
legacy,75,4,3,123,0.12,0.175,2.8680207998159553,200,0.2,0.15000000000000002
legacy,75,4,3,124,0.17,0.19,2.7453857625730995,200,0.2,0.15000000000000002
legacy,76,4,4,100,0.16,0.19,2.944022713284551,200,0.2,0.2
legacy,76,4,4,101,0.165,0.195,2.7850896884299576,200,0.2,0.2
legacy,76,4,4,102,0.215,0.17,3.116856687114723,200,0.2,0.2
legacy,76,4,4,103,0.16,0.215,2.8218128123166077,200,0.2,0.2
legacy,76,4,4,104,0.21,0.19,2.6576707654054856,200,0.2,0.2
legacy,76,4,4,105,0.145,0.185,3.173143449754801,200,0.2,0.2
legacy,76,4,4,106,0.165,0.2,2.9524445282795932,200,0.2,0.2
legacy,76,4,4,107,0.15,0.225,2.726971947170863,200,0.2,0.2
legacy,76,4,4,108,0.17,0.19,3.382280963079121,200,0.2,0.2
legacy,76,4,4,109,0.2,0.195,3.0946799696245773,200,0.2,0.2
legacy,76,4,4,110,0.16,0.205,3.2288138115104306,200,0.2,0.2
legacy,76,4,4,111,0.19,0.2,2.9011581024269186,200,0.2,0.2
legacy,76,4,4,112,0.2,0.22,2.8116822662745617,200,0.2,0.2
legacy,76,4,4,113,0.195,0.18,2.90708149871223,200,0.2,0.2
legacy,76,4,4,114,0.165,0.21,3.0677819117309775,200,0.2,0.2
legacy,76,4,4,115,0.195,0.205,3.06058999411263,200,0.2,0.2
legacy,76,4,4,116,0.21,0.205,3.092810277900119,200,0.2,0.2
legacy,76,4,4,117,0.18,0.205,2.4393537463743202,200,0.2,0.2
legacy,76,4,4,118,0.19,0.205,2.947076510248044,200,0.2,0.2
legacy,76,4,4,119,0.15,0.235,2.7125582023949733,200,0.2,0.2
legacy,76,4,4,120,0.195,0.235,2.607198747365045,200,0.2,0.2
legacy,76,4,4,121,0.17,0.23,3.06764702792019,200,0.2,0.2
legacy,76,4,4,122,0.215,0.215,3.253437667566543,200,0.2,0.2
legacy,76,4,4,123,0.125,0.225,2.8235281149303115,200,0.2,0.2
legacy,76,4,4,124,0.17,0.215,2.412041745846756,200,0.2,0.2
legacy,77,4,5,100,0.165,0.24,2.9581870729964623,200,0.2,0.25
legacy,77,4,5,101,0.185,0.22,2.9698790847767835,200,0.2,0.25
legacy,77,4,5,102,0.22,0.225,3.057360291560304,200,0.2,0.25
legacy,77,4,5,103,0.155,0.26,2.294114551491197,200,0.2,0.25
legacy,77,4,5,104,0.205,0.22,2.9436263370558438,200,0.2,0.25
legacy,77,4,5,105,0.15,0.25,3.121078008937015,200,0.2,0.25
legacy,77,4,5,106,0.195,0.21,3.094402495306288,200,0.2,0.25
legacy,77,4,5,107,0.145,0.275,2.781759846471128,200,0.2,0.25
legacy,77,4,5,108,0.185,0.265,2.6516170746695433,200,0.2,0.25
legacy,77,4,5,109,0.185,0.22,3.084033633241329,200,0.2,0.25
legacy,77,4,5,110,0.16,0.265,3.027767711056007,200,0.2,0.25
legacy,77,4,5,111,0.19,0.255,3.24721845785842,200,0.2,0.25
legacy,77,4,5,112,0.185,0.225,2.7589329409545735,200,0.2,0.25
legacy,77,4,5,113,0.185,0.245,3.0739243671997736,200,0.2,0.25
legacy,77,4,5,114,0.165,0.24,3.145454193090125,200,0.2,0.25
legacy,77,4,5,115,0.195,0.25,2.9374599377629305,200,0.2,0.25
legacy,77,4,5,116,0.2,0.265,2.9675161668053174,200,0.2,0.25
legacy,77,4,5,117,0.175,0.275,2.8947806936667173,200,0.2,0.25
legacy,77,4,5,118,0.185,0.26,3.2477067735174487,200,0.2,0.25
legacy,77,4,5,119,0.135,0.275,2.9398585790763563,200,0.2,0.25
legacy,77,4,5,120,0.19,0.245,2.9826179559785193,200,0.2,0.25
legacy,77,4,5,121,0.165,0.265,3.0536920373504834,200,0.2,0.25
legacy,77,4,5,122,0.22,0.28,3.201342530507402,200,0.2,0.25
legacy,77,4,5,123,0.13,0.26,3.1293793715075764,200,0.2,0.25
legacy,77,4,5,124,0.16,0.25,3.0251820891739203,200,0.2,0.25
legacy,78,4,6,100,0.16,0.28,3.1037248806315745,200,0.2,0.30000000000000004
legacy,78,4,6,101,0.18,0.28,2.700870827507069,200,0.2,0.30000000000000004
legacy,78,4,6,102,0.225,0.26,3.672362733198713,200,0.2,0.30000000000000004
legacy,78,4,6,103,0.155,0.285,2.802864860388009,200,0.2,0.30000000000000004
legacy,78,4,6,104,0.185,0.26,2.683912154649894,200,0.2,0.30000000000000004
legacy,78,4,6,105,0.145,0.275,3.096208348869902,200,0.2,0.30000000000000004
legacy,78,4,6,106,0.205,0.26,3.0719624301578916,200,0.2,0.30000000000000004
legacy,78,4,6,107,0.135,0.28,3.0664019574121455,200,0.2,0.30000000000000004
legacy,78,4,6,108,0.17,0.275,3.063789222915127,200,0.2,0.30000000000000004
legacy,78,4,6,109,0.18,0.25,3.172129344421328,200,0.2,0.30000000000000004
legacy,78,4,6,110,0.175,0.31,2.5551544172923313,200,0.2,0.30000000000000004
legacy,78,4,6,111,0.2,0.275,3.027054003753958,200,0.2,0.30000000000000004
legacy,78,4,6,112,0.19,0.29,3.083221662943596,200,0.2,0.30000000000000004
legacy,78,4,6,113,0.205,0.295,3.1503539872448543,200,0.2,0.30000000000000004
legacy,78,4,6,114,0.175,0.275,2.9325855915528694,200,0.2,0.30000000000000004
legacy,78,4,6,115,0.165,0.305,2.91800788975385,200,0.2,0.30000000000000004
legacy,78,4,6,116,0.19,0.285,3.1751553281248026,200,0.2,0.30000000000000004
legacy,78,4,6,117,0.18,0.27,2.787036816605046,200,0.2,0.30000000000000004
legacy,78,4,6,118,0.19,0.28,2.985500688073894,200,0.2,0.30000000000000004
legacy,78,4,6,119,0.14,0.3,3.039107435341244,200,0.2,0.30000000000000004
legacy,78,4,6,120,0.2,0.32,2.806670631124324,200,0.2,0.30000000000000004
legacy,78,4,6,121,0.155,0.295,3.0852076441619722,200,0.2,0.30000000000000004
legacy,78,4,6,122,0.205,0.315,3.1847118988630747,200,0.2,0.30000000000000004
legacy,78,4,6,123,0.135,0.295,3.001160778181428,200,0.2,0.30000000000000004
legacy,78,4,6,124,0.165,0.29,3.052042963877528,200,0.2,0.30000000000000004
legacy,79,4,7,100,0.175,0.32,2.952559930066227,200,0.2,0.35000000000000003
legacy,79,4,7,101,0.18,0.295,3.158583780713735,200,0.2,0.35000000000000003
legacy,79,4,7,102,0.22,0.29,2.8238246902621604,200,0.2,0.35000000000000003
legacy,79,4,7,103,0.16,0.315,2.590585886987697,200,0.2,0.35000000000000003
legacy,79,4,7,104,0.21,0.295,3.2940829243043264,200,0.2,0.35000000000000003
legacy,79,4,7,105,0.135,0.32,3.113704690996052,200,0.2,0.35000000000000003
legacy,79,4,7,106,0.185,0.3,2.8458907203797446,200,0.2,0.35000000000000003
legacy,79,4,7,107,0.14,0.335,3.1988265925775,200,0.2,0.35000000000000003
legacy,79,4,7,108,0.19,0.33,3.0332585254473035,200,0.2,0.35000000000000003
legacy,79,4,7,109,0.19,0.32,3.576108572140953,200,0.2,0.35000000000000003
legacy,79,4,7,110,0.175,0.335,3.0099577794551453,200,0.2,0.35000000000000003
legacy,79,4,7,111,0.185,0.33,3.420185267724813,200,0.2,0.35000000000000003
legacy,79,4,7,112,0.19,0.33,3.2080920809977784,200,0.2,0.35000000000000003
legacy,79,4,7,113,0.185,0.3,3.2191059860104074,200,0.2,0.35000000000000003
legacy,79,4,7,114,0.18,0.325,3.353345535260536,200,0.2,0.35000000000000003
legacy,79,4,7,115,0.19,0.33,3.218994585013373,200,0.2,0.35000000000000003
legacy,79,4,7,116,0.195,0.335,3.333586271969891,200,0.2,0.35000000000000003
legacy,79,4,7,117,0.18,0.335,3.17187805708113,200,0.2,0.35000000000000003
legacy,79,4,7,118,0.195,0.315,3.322768101837691,200,0.2,0.35000000000000003
legacy,79,4,7,119,0.14,0.325,2.8680296557427556,200,0.2,0.35000000000000003
legacy,79,4,7,120,0.2,0.34,3.3162329868232736,200,0.2,0.35000000000000003
legacy,79,4,7,121,0.165,0.34,2.929566393573822,200,0.2,0.35000000000000003
legacy,79,4,7,122,0.2,0.345,3.555324385234906,200,0.2,0.35000000000000003
legacy,79,4,7,123,0.125,0.36,2.6457857599666363,200,0.2,0.35000000000000003
legacy,79,4,7,124,0.175,0.35,2.793856990083897,200,0.2,0.35000000000000003
legacy,80,4,8,100,0.16,0.38,3.215982309697979,200,0.2,0.4
legacy,80,4,8,101,0.185,0.345,3.0250205651686715,200,0.2,0.4
legacy,80,4,8,102,0.2,0.335,3.532477390773146,200,0.2,0.4
legacy,80,4,8,103,0.16,0.35,3.076275856098099,200,0.2,0.4
legacy,80,4,8,104,0.195,0.305,2.8806402749200517,200,0.2,0.4
legacy,80,4,8,105,0.13,0.36,2.8241725109722413,200,0.2,0.4
legacy,80,4,8,106,0.195,0.34,2.99158622835004,200,0.2,0.4
legacy,80,4,8,107,0.125,0.365,2.9567544971851065,200,0.2,0.4
legacy,80,4,8,108,0.18,0.385,2.700556806078239,200,0.2,0.4
legacy,80,4,8,109,0.195,0.345,2.7973931167301225,200,0.2,0.4
legacy,80,4,8,110,0.165,0.37,3.0285137049094364,200,0.2,0.4
legacy,80,4,8,111,0.175,0.345,3.2791208562374954,200,0.2,0.4
legacy,80,4,8,112,0.205,0.345,3.1248307562583415,200,0.2,0.4
legacy,80,4,8,113,0.2,0.33,3.4199897438384084,200,0.2,0.4
legacy,80,4,8,114,0.175,0.37,3.3766026963550844,200,0.2,0.4
legacy,80,4,8,115,0.18,0.375,2.8672708468263695,200,0.2,0.4
legacy,80,4,8,116,0.2,0.35,3.483286676390792,200,0.2,0.4
legacy,80,4,8,117,0.19,0.335,3.6286593505067386,200,0.2,0.4
legacy,80,4,8,118,0.19,0.355,3.563451672117375,200,0.2,0.4
legacy,80,4,8,119,0.13,0.365,3.169380794231576,200,0.2,0.4
legacy,80,4,8,120,0.195,0.38,3.2054712812349995,200,0.2,0.4
legacy,80,4,8,121,0.16,0.395,3.044017562276323,200,0.2,0.4
legacy,80,4,8,122,0.2,0.375,3.273323164333109,200,0.2,0.4
legacy,80,4,8,123,0.13,0.4,3.1007380467262875,200,0.2,0.4
legacy,80,4,8,124,0.175,0.385,2.886770439957784,200,0.2,0.4
legacy,81,4,9,100,0.165,0.395,3.4973596236997846,200,0.2,0.45
legacy,81,4,9,101,0.18,0.34,3.376671318432484,200,0.2,0.45
legacy,81,4,9,102,0.21,0.375,3.050747899216782,200,0.2,0.45
legacy,81,4,9,103,0.175,0.385,2.6986525357253526,200,0.2,0.45
legacy,81,4,9,104,0.205,0.36,3.27919970085245,200,0.2,0.45
legacy,81,4,9,105,0.14,0.395,2.6342716886782647,200,0.2,0.45
legacy,81,4,9,106,0.18,0.385,3.158180010349511,200,0.2,0.45
legacy,81,4,9,107,0.135,0.42,2.4327066620041724,200,0.2,0.45
legacy,81,4,9,108,0.19,0.425,2.8507925405954357,200,0.2,0.45
legacy,81,4,9,109,0.185,0.375,3.4381700514849105,200,0.2,0.45
legacy,81,4,9,110,0.175,0.425,2.993552815659458,200,0.2,0.45
legacy,81,4,9,111,0.175,0.39,3.1397375764430127,200,0.2,0.45
legacy,81,4,9,112,0.195,0.39,3.474639086598069,200,0.2,0.45
legacy,81,4,9,113,0.19,0.37,2.96956870748302,200,0.2,0.45
legacy,81,4,9,114,0.18,0.405,3.4173790969713225,200,0.2,0.45
legacy,81,4,9,115,0.19,0.41,3.00413379129151,200,0.2,0.45
legacy,81,4,9,116,0.19,0.385,3.021392358405229,200,0.2,0.45
legacy,81,4,9,117,0.175,0.39,3.351262816019444,200,0.2,0.45
legacy,81,4,9,118,0.195,0.38,3.4768772483391785,200,0.2,0.45
legacy,81,4,9,119,0.11,0.435,3.0273617446607113,200,0.2,0.45
legacy,81,4,9,120,0.17,0.43,3.418281958637016,200,0.2,0.45
legacy,81,4,9,121,0.16,0.43,3.1453009052424767,200,0.2,0.45
legacy,81,4,9,122,0.205,0.415,3.580972588813052,200,0.2,0.45
legacy,81,4,9,123,0.125,0.435,2.6630044409774176,200,0.2,0.45
legacy,81,4,9,124,0.18,0.405,3.2545628756166862,200,0.2,0.45
legacy,82,4,10,100,0.155,0.44,3.2621223622656648,200,0.2,0.5
legacy,82,4,10,101,0.18,0.405,3.3647594632074718,200,0.2,0.5
legacy,82,4,10,102,0.23,0.4,3.2089918157460646,200,0.2,0.5
legacy,82,4,10,103,0.15,0.44,2.843562113885877,200,0.2,0.5
legacy,82,4,10,104,0.205,0.41,3.4070942067451635,200,0.2,0.5
legacy,82,4,10,105,0.16,0.445,2.829140412722742,200,0.2,0.5
legacy,82,4,10,106,0.195,0.425,3.0994656901438056,200,0.2,0.5
legacy,82,4,10,107,0.14,0.45,2.9590240025392767,200,0.2,0.5
legacy,82,4,10,108,0.19,0.435,2.7088709042651034,200,0.2,0.5
legacy,82,4,10,109,0.17,0.415,2.9394154465212705,200,0.2,0.5
legacy,82,4,10,110,0.17,0.435,3.176165442413677,200,0.2,0.5
legacy,82,4,10,111,0.195,0.425,3.136585186592547,200,0.2,0.5
legacy,82,4,10,112,0.185,0.42,3.1383920450692027,200,0.2,0.5
legacy,82,4,10,113,0.195,0.415,3.438897652539422,200,0.2,0.5
legacy,82,4,10,114,0.18,0.425,3.3369448144811393,200,0.2,0.5
legacy,82,4,10,115,0.185,0.435,2.9262124275997596,200,0.2,0.5
legacy,82,4,10,116,0.215,0.45,3.074874771387859,200,0.2,0.5
legacy,82,4,10,117,0.185,0.41,3.3692633599990414,200,0.2,0.5
legacy,82,4,10,118,0.19,0.435,3.734769108495114,200,0.2,0.5
legacy,82,4,10,119,0.14,0.455,3.1065068118967685,200,0.2,0.5
legacy,82,4,10,120,0.185,0.43,2.999143897114241,200,0.2,0.5
legacy,82,4,10,121,0.15,0.455,3.1046058460535755,200,0.2,0.5
legacy,82,4,10,122,0.185,0.465,3.1411292355019373,200,0.2,0.5
legacy,82,4,10,123,0.125,0.495,2.573237479258335,200,0.2,0.5
legacy,82,4,10,124,0.165,0.485,2.8764424177755075,200,0.2,0.5
legacy,83,4,11,100,0.175,0.47,3.368976547812034,200,0.2,0.55
legacy,83,4,11,101,0.18,0.445,3.3420821738696214,200,0.2,0.55
legacy,83,4,11,102,0.215,0.435,3.3671859721630764,200,0.2,0.55
legacy,83,4,11,103,0.16,0.47,2.0035520404418357,200,0.2,0.55
legacy,83,4,11,104,0.205,0.46,3.2941694354132407,200,0.2,0.55
legacy,83,4,11,105,0.13,0.47,2.5236636779825883,200,0.2,0.55
legacy,83,4,11,106,0.19,0.455,3.5368809819665072,200,0.2,0.55
legacy,83,4,11,107,0.135,0.485,2.791904304940299,200,0.2,0.55
legacy,83,4,11,108,0.17,0.465,2.596396252085932,200,0.2,0.55
legacy,83,4,11,109,0.175,0.45,3.038711744724044,200,0.2,0.55
legacy,83,4,11,110,0.16,0.475,3.4276271562557223,200,0.2,0.55
legacy,83,4,11,111,0.19,0.48,3.5383392375848417,200,0.2,0.55
legacy,83,4,11,112,0.185,0.465,3.490494705807497,200,0.2,0.55
legacy,83,4,11,113,0.19,0.465,3.42209614116926,200,0.2,0.55
legacy,83,4,11,114,0.175,0.48,3.23627565887052,200,0.2,0.55
legacy,83,4,11,115,0.2,0.5,2.846560246546833,200,0.2,0.55
legacy,83,4,11,116,0.21,0.46,3.008581223032302,200,0.2,0.55
legacy,83,4,11,117,0.18,0.49,3.2645520032293827,200,0.2,0.55
legacy,83,4,11,118,0.19,0.46,3.760637073891618,200,0.2,0.55
legacy,83,4,11,119,0.14,0.51,3.5115035623884285,200,0.2,0.55
legacy,83,4,11,120,0.2,0.475,3.2390125316518925,200,0.2,0.55
legacy,83,4,11,121,0.155,0.51,2.7731364017979194,200,0.2,0.55
legacy,83,4,11,122,0.2,0.505,3.433665966570444,200,0.2,0.55
legacy,83,4,11,123,0.115,0.535,2.707290395033865,200,0.2,0.55
legacy,83,4,11,124,0.17,0.51,3.3300344337163983,200,0.2,0.55
legacy,84,4,12,100,0.175,0.525,2.991786573787117,200,0.2,0.6000000000000001
legacy,84,4,12,101,0.175,0.48,3.2922213179530946,200,0.2,0.6000000000000001
legacy,84,4,12,102,0.225,0.45,3.6242540188872443,200,0.2,0.6000000000000001
legacy,84,4,12,103,0.155,0.515,2.708882882896922,200,0.2,0.6000000000000001
legacy,84,4,12,104,0.2,0.475,3.0193216613587106,200,0.2,0.6000000000000001
legacy,84,4,12,105,0.145,0.535,2.806627169453784,200,0.2,0.6000000000000001
legacy,84,4,12,106,0.19,0.47,2.9408629863655085,200,0.2,0.6000000000000001
legacy,84,4,12,107,0.13,0.53,3.028208836566232,200,0.2,0.6000000000000001
legacy,84,4,12,108,0.19,0.51,3.148106991432546,200,0.2,0.6000000000000001
legacy,84,4,12,109,0.185,0.485,3.3082102744132977,200,0.2,0.6000000000000001
legacy,84,4,12,110,0.17,0.515,3.4542379566128942,200,0.2,0.6000000000000001
legacy,84,4,12,111,0.2,0.515,3.697847149608153,200,0.2,0.6000000000000001
legacy,84,4,12,112,0.21,0.515,3.676315408652118,200,0.2,0.6000000000000001
legacy,84,4,12,113,0.195,0.48,3.822726687605071,200,0.2,0.6000000000000001
legacy,84,4,12,114,0.155,0.525,3.0670634415755926,200,0.2,0.6000000000000001
legacy,84,4,12,115,0.185,0.495,2.8302427576486537,200,0.2,0.6000000000000001
legacy,84,4,12,116,0.21,0.505,3.244126732619155,200,0.2,0.6000000000000001
legacy,84,4,12,117,0.175,0.505,3.4721779686044014,200,0.2,0.6000000000000001
legacy,84,4,12,118,0.2,0.5,3.777134751121523,200,0.2,0.6000000000000001
legacy,84,4,12,119,0.14,0.575,3.3179317957468926,200,0.2,0.6000000000000001
legacy,84,4,12,120,0.185,0.52,3.7560607443150196,200,0.2,0.6000000000000001
legacy,84,4,12,121,0.16,0.53,3.5409374395068225,200,0.2,0.6000000000000001
legacy,84,4,12,122,0.2,0.5,3.4809920788496846,200,0.2,0.6000000000000001
legacy,84,4,12,123,0.125,0.55,3.01424257480577,200,0.2,0.6000000000000001
legacy,84,4,12,124,0.155,0.54,3.2011508734740795,200,0.2,0.6000000000000001
legacy,85,4,13,100,0.155,0.52,3.476903096567661,200,0.2,0.65
legacy,85,4,13,101,0.185,0.52,3.6328741713077557,200,0.2,0.65
legacy,85,4,13,102,0.225,0.48,3.5321836212216122,200,0.2,0.65
legacy,85,4,13,103,0.165,0.55,2.2748624721408714,200,0.2,0.65
legacy,85,4,13,104,0.21,0.51,2.9092900669403523,200,0.2,0.65
legacy,85,4,13,105,0.145,0.56,2.740281882186037,200,0.2,0.65
legacy,85,4,13,106,0.19,0.515,3.145278161333779,200,0.2,0.65
legacy,85,4,13,107,0.14,0.57,2.7697968811473404,200,0.2,0.65
legacy,85,4,13,108,0.175,0.545,2.615561113038829,200,0.2,0.65
legacy,85,4,13,109,0.19,0.54,3.053728154911391,200,0.2,0.65
legacy,85,4,13,110,0.17,0.565,3.118764234566967,200,0.2,0.65
legacy,85,4,13,111,0.185,0.525,3.351906190762139,200,0.2,0.65
legacy,85,4,13,112,0.195,0.54,3.5379165215293016,200,0.2,0.65
legacy,85,4,13,113,0.2,0.535,3.6985592315399525,200,0.2,0.65
legacy,85,4,13,114,0.175,0.56,3.6368887110791785,200,0.2,0.65
legacy,85,4,13,115,0.18,0.555,3.1773809863710385,200,0.2,0.65
legacy,85,4,13,116,0.21,0.54,2.8145320939628653,200,0.2,0.65
legacy,85,4,13,117,0.185,0.56,3.3741271599627307,200,0.2,0.65
legacy,85,4,13,118,0.205,0.54,3.631448596274258,200,0.2,0.65
legacy,85,4,13,119,0.12,0.595,3.463801761021853,200,0.2,0.65
legacy,85,4,13,120,0.185,0.575,3.602303507056748,200,0.2,0.65
legacy,85,4,13,121,0.16,0.58,3.0356282653011046,200,0.2,0.65
legacy,85,4,13,122,0.2,0.58,3.1060235841858854,200,0.2,0.65
legacy,85,4,13,123,0.13,0.605,3.2458116509261234,200,0.2,0.65
legacy,85,4,13,124,0.175,0.59,3.4049842513847155,200,0.2,0.65
legacy,86,4,14,100,0.18,0.565,3.5338532626278734,200,0.2,0.7000000000000001
legacy,86,4,14,101,0.185,0.56,3.9548648121985304,200,0.2,0.7000000000000001
legacy,86,4,14,102,0.225,0.53,3.7843628104543745,200,0.2,0.7000000000000001
legacy,86,4,14,103,0.15,0.58,2.597850231101436,200,0.2,0.7000000000000001
legacy,86,4,14,104,0.205,0.545,3.432584865776599,200,0.2,0.7000000000000001
legacy,86,4,14,105,0.13,0.61,2.9640340683043758,200,0.2,0.7000000000000001
legacy,86,4,14,106,0.2,0.6,3.5191650689568212,200,0.2,0.7000000000000001
legacy,86,4,14,107,0.13,0.605,3.0651001957924136,200,0.2,0.7000000000000001
legacy,86,4,14,108,0.18,0.56,2.7418491141371875,200,0.2,0.7000000000000001
legacy,86,4,14,109,0.18,0.565,2.813963826246166,200,0.2,0.7000000000000001
legacy,86,4,14,110,0.165,0.585,3.2813475379309898,200,0.2,0.7000000000000001
legacy,86,4,14,111,0.18,0.605,3.5935332299299523,200,0.2,0.7000000000000001
legacy,86,4,14,112,0.19,0.56,3.479776145208232,200,0.2,0.7000000000000001
legacy,86,4,14,113,0.2,0.565,3.8572060477846137,200,0.2,0.7000000000000001
legacy,86,4,14,114,0.175,0.57,3.729375208249972,200,0.2,0.7000000000000001
legacy,86,4,14,115,0.195,0.6,3.273024507939377,200,0.2,0.7000000000000001
legacy,86,4,14,116,0.205,0.58,2.7997345583328648,200,0.2,0.7000000000000001
legacy,86,4,14,117,0.185,0.575,3.6851565052908604,200,0.2,0.7000000000000001
legacy,86,4,14,118,0.195,0.57,4.0842109224316046,200,0.2,0.7000000000000001
legacy,86,4,14,119,0.145,0.635,3.6191703382579057,200,0.2,0.7000000000000001
legacy,86,4,14,120,0.175,0.61,4.199527238237161,200,0.2,0.7000000000000001
legacy,86,4,14,121,0.16,0.62,3.330012332435226,200,0.2,0.7000000000000001
legacy,86,4,14,122,0.205,0.605,2.9940737079466673,200,0.2,0.7000000000000001
legacy,86,4,14,123,0.12,0.65,3.2045070079396796,200,0.2,0.7000000000000001
legacy,86,4,14,124,0.17,0.63,3.6143256799402184,200,0.2,0.7000000000000001
legacy,87,4,15,100,0.175,0.605,3.6155849354338456,200,0.2,0.75
legacy,87,4,15,101,0.185,0.59,3.488699733417966,200,0.2,0.75
legacy,87,4,15,102,0.225,0.56,3.8151285969549225,200,0.2,0.75
legacy,87,4,15,103,0.16,0.61,2.257848295263996,200,0.2,0.75
legacy,87,4,15,104,0.205,0.57,3.6255771079776067,200,0.2,0.75
legacy,87,4,15,105,0.14,0.64,2.8803086975932644,200,0.2,0.75
legacy,87,4,15,106,0.195,0.61,3.0705575902661177,200,0.2,0.75
legacy,87,4,15,107,0.13,0.665,2.8774096983313404,200,0.2,0.75
legacy,87,4,15,108,0.18,0.61,2.7101393004467993,200,0.2,0.75
legacy,87,4,15,109,0.19,0.6,3.001676252512317,200,0.2,0.75
legacy,87,4,15,110,0.165,0.625,3.9386248220459414,200,0.2,0.75
legacy,87,4,15,111,0.19,0.61,4.01740179860415,200,0.2,0.75
legacy,87,4,15,112,0.205,0.6,3.7869732373004035,200,0.2,0.75
legacy,87,4,15,113,0.195,0.61,3.909526528400296,200,0.2,0.75
legacy,87,4,15,114,0.17,0.62,4.174005860624379,200,0.2,0.75
legacy,87,4,15,115,0.18,0.64,2.9744563293157085,200,0.2,0.75
legacy,87,4,15,116,0.205,0.61,3.4950316306398737,200,0.2,0.75
legacy,87,4,15,117,0.175,0.635,3.5389435628313395,200,0.2,0.75
legacy,87,4,15,118,0.195,0.61,3.6203551421241476,200,0.2,0.75
legacy,87,4,15,119,0.125,0.68,3.421154439545031,200,0.2,0.75
legacy,87,4,15,120,0.18,0.645,3.5763418829729248,200,0.2,0.75
legacy,87,4,15,121,0.16,0.655,3.3629252114438692,200,0.2,0.75
legacy,87,4,15,122,0.205,0.635,3.02865753060482,200,0.2,0.75
legacy,87,4,15,123,0.13,0.695,2.681195415195225,200,0.2,0.75
legacy,87,4,15,124,0.165,0.66,3.611802356411967,200,0.2,0.75
legacy,88,4,16,100,0.18,0.635,3.4465768409070234,200,0.2,0.8
legacy,88,4,16,101,0.185,0.635,4.107224061480327,200,0.2,0.8
legacy,88,4,16,102,0.22,0.6,4.359631486103527,200,0.2,0.8
legacy,88,4,16,103,0.165,0.66,2.6148736683284257,200,0.2,0.8
legacy,88,4,16,104,0.205,0.625,3.8295589357974724,200,0.2,0.8
legacy,88,4,16,105,0.145,0.685,3.3252254927102705,200,0.2,0.8
legacy,88,4,16,106,0.18,0.645,3.3570268976352953,200,0.2,0.8
legacy,88,4,16,107,0.135,0.705,3.4552204624588962,200,0.2,0.8
legacy,88,4,16,108,0.185,0.65,2.9990004184952195,200,0.2,0.8
legacy,88,4,16,109,0.185,0.64,3.6226039574415485,200,0.2,0.8
legacy,88,4,16,110,0.17,0.665,3.927859141087265,200,0.2,0.8
legacy,88,4,16,111,0.185,0.645,3.6093867994668676,200,0.2,0.8
legacy,88,4,16,112,0.205,0.65,4.142197122370285,200,0.2,0.8
legacy,88,4,16,113,0.19,0.635,4.242881325442561,200,0.2,0.8
legacy,88,4,16,114,0.175,0.65,4.416272736470693,200,0.2,0.8
legacy,88,4,16,115,0.18,0.665,2.9437155494991964,200,0.2,0.8
legacy,88,4,16,116,0.195,0.655,3.445185818593489,200,0.2,0.8
legacy,88,4,16,117,0.175,0.655,3.7584563876620125,200,0.2,0.8
legacy,88,4,16,118,0.195,0.64,4.007570255653425,200,0.2,0.8
legacy,88,4,16,119,0.125,0.72,3.514376901046175,200,0.2,0.8
legacy,88,4,16,120,0.175,0.67,4.120791624824845,200,0.2,0.8
legacy,88,4,16,121,0.16,0.69,3.0422274906931874,200,0.2,0.8
legacy,88,4,16,122,0.2,0.65,3.6334269674490223,200,0.2,0.8
legacy,88,4,16,123,0.13,0.72,2.9770075698119434,200,0.2,0.8
legacy,88,4,16,124,0.17,0.68,3.745824500807324,200,0.2,0.8
legacy,89,4,17,100,0.175,0.675,3.6514569071909175,200,0.2,0.8500000000000001
legacy,89,4,17,101,0.185,0.675,4.426262682439296,200,0.2,0.8500000000000001
legacy,89,4,17,102,0.225,0.645,4.262917517482884,200,0.2,0.8500000000000001
legacy,89,4,17,103,0.155,0.705,2.366945079600078,200,0.2,0.8500000000000001
legacy,89,4,17,104,0.205,0.65,4.3255545798144315,200,0.2,0.8500000000000001
legacy,89,4,17,105,0.145,0.715,3.130103928114529,200,0.2,0.8500000000000001
legacy,89,4,17,106,0.185,0.675,3.457421682020445,200,0.2,0.8500000000000001
legacy,89,4,17,107,0.13,0.74,3.5685008184817675,200,0.2,0.8500000000000001
legacy,89,4,17,108,0.175,0.69,3.281105080888439,200,0.2,0.8500000000000001
legacy,89,4,17,109,0.195,0.675,3.5891769128543864,200,0.2,0.8500000000000001
legacy,89,4,17,110,0.175,0.71,4.341667544459882,200,0.2,0.8500000000000001
legacy,89,4,17,111,0.185,0.685,3.7361847268200963,200,0.2,0.8500000000000001
legacy,89,4,17,112,0.2,0.68,4.670636916815406,200,0.2,0.8500000000000001
legacy,89,4,17,113,0.195,0.68,4.650221332630975,200,0.2,0.8500000000000001
legacy,89,4,17,114,0.18,0.695,4.286366552903051,200,0.2,0.8500000000000001
legacy,89,4,17,115,0.19,0.695,3.346878084050114,200,0.2,0.8500000000000001
legacy,89,4,17,116,0.195,0.69,4.119505151652976,200,0.2,0.8500000000000001
legacy,89,4,17,117,0.175,0.705,3.9190637350800306,200,0.2,0.8500000000000001
legacy,89,4,17,118,0.195,0.69,4.167136923616069,200,0.2,0.8500000000000001
legacy,89,4,17,119,0.125,0.755,4.220114586862666,200,0.2,0.8500000000000001
legacy,89,4,17,120,0.175,0.72,4.3443214568265045,200,0.2,0.8500000000000001
legacy,89,4,17,121,0.16,0.73,4.066363282505621,200,0.2,0.8500000000000001
legacy,89,4,17,122,0.2,0.695,3.652510317217046,200,0.2,0.8500000000000001
legacy,89,4,17,123,0.13,0.765,3.733506284885537,200,0.2,0.8500000000000001
legacy,89,4,17,124,0.17,0.72,4.127383985197144,200,0.2,0.8500000000000001
legacy,90,5,0,100,0.185,0.05,3.3036560576812373,200,0.25,0.0
legacy,90,5,0,101,0.265,0.04,3.319300020715176,200,0.25,0.0
legacy,90,5,0,102,0.235,0.04,3.5765233710954085,200,0.25,0.0
legacy,90,5,0,103,0.21,0.035,2.89395343371114,200,0.25,0.0
legacy,90,5,0,104,0.225,0.045,3.1878610498980233,200,0.25,0.0
legacy,90,5,0,105,0.185,0.035,3.2598843712489955,200,0.25,0.0
legacy,90,5,0,106,0.235,0.035,2.659051927879341,200,0.25,0.0
legacy,90,5,0,107,0.22,0.05,3.396278846831718,200,0.25,0.0
legacy,90,5,0,108,0.18,0.05,2.0405957261633745,200,0.25,0.0
legacy,90,5,0,109,0.28,0.07,2.7486098282123597,200,0.25,0.0
legacy,90,5,0,110,0.26,0.06,2.630790181449372,200,0.25,0.0
legacy,90,5,0,111,0.24,0.07,2.890968038859175,200,0.25,0.0
legacy,90,5,0,112,0.235,0.03,2.977001962261184,200,0.25,0.0
legacy,90,5,0,113,0.215,0.06,3.045624625916693,200,0.25,0.0
legacy,90,5,0,114,0.21,0.045,2.7231888354851765,200,0.25,0.0
legacy,90,5,0,115,0.24,0.07,3.184996098225264,200,0.25,0.0
legacy,90,5,0,116,0.225,0.08,2.360023897991247,200,0.25,0.0
legacy,90,5,0,117,0.25,0.05,3.083804210461456,200,0.25,0.0
legacy,90,5,0,118,0.2,0.05,3.0035977920132337,200,0.25,0.0
legacy,90,5,0,119,0.24,0.075,2.7538957746540755,200,0.25,0.0
legacy,90,5,0,120,0.19,0.065,2.548884434853642,200,0.25,0.0
legacy,90,5,0,121,0.27,0.085,2.563334784116019,200,0.25,0.0
legacy,90,5,0,122,0.27,0.065,3.340038100179453,200,0.25,0.0
legacy,90,5,0,123,0.185,0.04,2.318320777272066,200,0.25,0.0
legacy,90,5,0,124,0.205,0.065,2.8183922027290826,200,0.25,0.0
legacy,91,5,1,100,0.21,0.075,3.43088391428747,200,0.25,0.05
legacy,91,5,1,101,0.26,0.055,3.455277981451272,200,0.25,0.05
legacy,91,5,1,102,0.24,0.065,3.4662142466943067,200,0.25,0.05
legacy,91,5,1,103,0.21,0.07,3.628657079701567,200,0.25,0.05
legacy,91,5,1,104,0.245,0.085,3.249015832551326,200,0.25,0.05
legacy,91,5,1,105,0.18,0.09,3.072740496526676,200,0.25,0.05
legacy,91,5,1,106,0.235,0.065,2.5930685074818167,200,0.25,0.05
legacy,91,5,1,107,0.23,0.06,3.451210942325888,200,0.25,0.05
legacy,91,5,1,108,0.19,0.09,2.4203729804055225,200,0.25,0.05
legacy,91,5,1,109,0.28,0.085,2.657645021338956,200,0.25,0.05
legacy,91,5,1,110,0.235,0.09,2.9663917265552198,200,0.25,0.05
legacy,91,5,1,111,0.235,0.1,2.86042088750178,200,0.25,0.05
legacy,91,5,1,112,0.24,0.06,3.3606231932823802,200,0.25,0.05
legacy,91,5,1,113,0.23,0.105,2.585346835399721,200,0.25,0.05
legacy,91,5,1,114,0.21,0.08,2.963055883302351,200,0.25,0.05
legacy,91,5,1,115,0.255,0.135,3.5551914168037815,200,0.25,0.05
legacy,91,5,1,116,0.23,0.11,2.8541387355111367,200,0.25,0.05
legacy,91,5,1,117,0.27,0.1,3.1272716348700613,200,0.25,0.05
legacy,91,5,1,118,0.185,0.095,2.9618294275139645,200,0.25,0.05
legacy,91,5,1,119,0.245,0.115,3.1423147876158963,200,0.25,0.05
legacy,91,5,1,120,0.215,0.11,2.5699345188935285,200,0.25,0.05
legacy,91,5,1,121,0.29,0.09,2.6508786135837226,200,0.25,0.05
legacy,91,5,1,122,0.265,0.09,3.383599372048814,200,0.25,0.05
legacy,91,5,1,123,0.2,0.1,2.6840579433588196,200,0.25,0.05
legacy,91,5,1,124,0.21,0.1,2.879825289785473,200,0.25,0.05
legacy,92,5,2,100,0.2,0.14,3.085241130587278,200,0.25,0.1
legacy,92,5,2,101,0.265,0.125,3.2066683518170054,200,0.25,0.1
legacy,92,5,2,102,0.23,0.1,3.3556956749923526,200,0.25,0.1
legacy,92,5,2,103,0.205,0.105,2.953733649232405,200,0.25,0.1
legacy,92,5,2,104,0.235,0.115,2.609235280585933,200,0.25,0.1
legacy,92,5,2,105,0.16,0.12,3.1357330137135992,200,0.25,0.1
legacy,92,5,2,106,0.255,0.11,3.120895164389865,200,0.25,0.1
legacy,92,5,2,107,0.2,0.11,3.2904299029500135,200,0.25,0.1
legacy,92,5,2,108,0.2,0.09,2.545134588276321,200,0.25,0.1
legacy,92,5,2,109,0.255,0.125,3.1797727473171125,200,0.25,0.1
legacy,92,5,2,110,0.265,0.13,3.014283221741725,200,0.25,0.1
legacy,92,5,2,111,0.235,0.15,3.029623671909951,200,0.25,0.1
legacy,92,5,2,112,0.23,0.115,3.246010527259549,200,0.25,0.1
legacy,92,5,2,113,0.205,0.135,2.9499493447805345,200,0.25,0.1
legacy,92,5,2,114,0.23,0.14,2.662567899425135,200,0.25,0.1
legacy,92,5,2,115,0.215,0.125,3.0626467656492746,200,0.25,0.1
legacy,92,5,2,116,0.215,0.14,2.675993597765136,200,0.25,0.1
legacy,92,5,2,117,0.255,0.12,2.63991769846615,200,0.25,0.1
legacy,92,5,2,118,0.185,0.12,2.7842451526770757,200,0.25,0.1
legacy,92,5,2,119,0.23,0.125,2.6652495837808017,200,0.25,0.1
legacy,92,5,2,120,0.21,0.14,3.0497629452323527,200,0.25,0.1
legacy,92,5,2,121,0.285,0.15,2.900881103227477,200,0.25,0.1
legacy,92,5,2,122,0.255,0.13,3.644737260782816,200,0.25,0.1
legacy,92,5,2,123,0.195,0.13,2.856389983583765,200,0.25,0.1
legacy,92,5,2,124,0.195,0.12,2.666157537480797,200,0.25,0.1
legacy,93,5,3,100,0.19,0.19,2.9854241235127335,200,0.25,0.15000000000000002
legacy,93,5,3,101,0.255,0.125,3.465065064729683,200,0.25,0.15000000000000002
legacy,93,5,3,102,0.225,0.145,3.1466356793305654,200,0.25,0.15000000000000002
legacy,93,5,3,103,0.22,0.14,3.382516591325206,200,0.25,0.15000000000000002
legacy,93,5,3,104,0.23,0.12,2.97569716857462,200,0.25,0.15000000000000002
legacy,93,5,3,105,0.165,0.155,3.5859654743415694,200,0.25,0.15000000000000002
legacy,93,5,3,106,0.24,0.16,2.998119979533483,200,0.25,0.15000000000000002
legacy,93,5,3,107,0.21,0.14,2.97014405936193,200,0.25,0.15000000000000002
legacy,93,5,3,108,0.19,0.17,2.5464950247889546,200,0.25,0.15000000000000002
legacy,93,5,3,109,0.265,0.155,3.196766241383938,200,0.25,0.15000000000000002
legacy,93,5,3,110,0.245,0.18,2.764889642745378,200,0.25,0.15000000000000002
legacy,93,5,3,111,0.245,0.175,3.861713274703758,200,0.25,0.15000000000000002
legacy,93,5,3,112,0.23,0.175,3.4611665284624213,200,0.25,0.15000000000000002
legacy,93,5,3,113,0.195,0.2,2.830291494047367,200,0.25,0.15000000000000002
legacy,93,5,3,114,0.24,0.15,3.2578151293792454,200,0.25,0.15000000000000002
legacy,93,5,3,115,0.235,0.18,3.6358157795478063,200,0.25,0.15000000000000002
legacy,93,5,3,116,0.215,0.185,2.8901883661770342,200,0.25,0.15000000000000002
legacy,93,5,3,117,0.26,0.17,3.22086183602322,200,0.25,0.15000000000000002
legacy,93,5,3,118,0.21,0.16,2.9146789803086266,200,0.25,0.15000000000000002
legacy,93,5,3,119,0.22,0.19,3.0784866059781586,200,0.25,0.15000000000000002
legacy,93,5,3,120,0.2,0.205,2.9411317974486413,200,0.25,0.15000000000000002
legacy,93,5,3,121,0.285,0.18,2.8758205951663665,200,0.25,0.15000000000000002
legacy,93,5,3,122,0.275,0.165,3.540108770579619,200,0.25,0.15000000000000002
legacy,93,5,3,123,0.2,0.175,2.8470252452599176,200,0.25,0.15000000000000002
legacy,93,5,3,124,0.21,0.2,2.6797149336392603,200,0.25,0.15000000000000002
legacy,94,5,4,100,0.195,0.19,2.9211929982613456,200,0.25,0.2
legacy,94,5,4,101,0.265,0.145,3.1526485155372574,200,0.25,0.2
legacy,94,5,4,102,0.215,0.16,3.3752077705794257,200,0.25,0.2
legacy,94,5,4,103,0.22,0.175,3.23172311313024,200,0.25,0.2
legacy,94,5,4,104,0.23,0.165,3.1065675404214605,200,0.25,0.2
legacy,94,5,4,105,0.155,0.195,3.4196333682124362,200,0.25,0.2
legacy,94,5,4,106,0.22,0.175,3.194148373596155,200,0.25,0.2
legacy,94,5,4,107,0.225,0.185,2.9906718223885673,200,0.25,0.2
legacy,94,5,4,108,0.195,0.215,3.396365401433586,200,0.25,0.2
legacy,94,5,4,109,0.29,0.205,3.004987584768134,200,0.25,0.2
legacy,94,5,4,110,0.25,0.205,2.866654526488087,200,0.25,0.2
legacy,94,5,4,111,0.24,0.2,3.267156926793325,200,0.25,0.2
legacy,94,5,4,112,0.225,0.205,3.223989796485733,200,0.25,0.2
legacy,94,5,4,113,0.18,0.205,2.837411598277586,200,0.25,0.2
legacy,94,5,4,114,0.225,0.19,2.850144147292981,200,0.25,0.2
legacy,94,5,4,115,0.225,0.195,2.9015312177476336,200,0.25,0.2
legacy,94,5,4,116,0.23,0.195,2.9832495366644083,200,0.25,0.2
legacy,94,5,4,117,0.26,0.205,2.9708262535721803,200,0.25,0.2
legacy,94,5,4,118,0.17,0.185,2.8599188162630096,200,0.25,0.2
legacy,94,5,4,119,0.22,0.21,3.1647081654735745,200,0.25,0.2
legacy,94,5,4,120,0.22,0.235,3.537732438576477,200,0.25,0.2
legacy,94,5,4,121,0.28,0.21,3.178161135970902,200,0.25,0.2
legacy,94,5,4,122,0.27,0.2,3.2815039032019513,200,0.25,0.2
legacy,94,5,4,123,0.195,0.185,3.0056810720597764,200,0.25,0.2
legacy,94,5,4,124,0.2,0.2,2.8470874562913933,200,0.25,0.2
legacy,95,5,5,100,0.19,0.23,2.776647955035263,200,0.25,0.25
legacy,95,5,5,101,0.24,0.2,3.4050312891086185,200,0.25,0.25
legacy,95,5,5,102,0.23,0.21,3.3051170145675406,200,0.25,0.25
legacy,95,5,5,103,0.215,0.235,3.1114095440150207,200,0.25,0.25
legacy,95,5,5,104,0.24,0.205,2.7095841486016754,200,0.25,0.25
legacy,95,5,5,105,0.17,0.23,2.580578203338166,200,0.25,0.25
legacy,95,5,5,106,0.23,0.205,3.0560101370138466,200,0.25,0.25
legacy,95,5,5,107,0.235,0.225,3.2536332206460035,200,0.25,0.25
legacy,95,5,5,108,0.2,0.225,2.5623463028447664,200,0.25,0.25
legacy,95,5,5,109,0.25,0.245,3.1563770540956444,200,0.25,0.25
legacy,95,5,5,110,0.25,0.225,3.285879441948844,200,0.25,0.25
legacy,95,5,5,111,0.24,0.245,3.7242386427853003,200,0.25,0.25
legacy,95,5,5,112,0.25,0.215,2.9915180557914094,200,0.25,0.25
legacy,95,5,5,113,0.21,0.23,2.7075158725015664,200,0.25,0.25
legacy,95,5,5,114,0.23,0.235,2.982500910525869,200,0.25,0.25
legacy,95,5,5,115,0.225,0.235,2.6671359483056936,200,0.25,0.25
legacy,95,5,5,116,0.215,0.25,3.3872052671565234,200,0.25,0.25
legacy,95,5,5,117,0.26,0.235,3.2019006311263727,200,0.25,0.25
legacy,95,5,5,118,0.195,0.22,2.916880997213742,200,0.25,0.25
legacy,95,5,5,119,0.23,0.24,3.2133871067023585,200,0.25,0.25
legacy,95,5,5,120,0.2,0.26,2.998251810160623,200,0.25,0.25
legacy,95,5,5,121,0.295,0.265,3.632561938779846,200,0.25,0.25
legacy,95,5,5,122,0.255,0.235,2.9914477284382923,200,0.25,0.25
legacy,95,5,5,123,0.2,0.23,3.2435493839157643,200,0.25,0.25
legacy,95,5,5,124,0.205,0.235,2.928033475922727,200,0.25,0.25
legacy,96,5,6,100,0.2,0.27,2.9085104749377333,200,0.25,0.30000000000000004
legacy,96,5,6,101,0.26,0.255,3.5087662154357475,200,0.25,0.30000000000000004
legacy,96,5,6,102,0.23,0.25,2.9536030310198647,200,0.25,0.30000000000000004
legacy,96,5,6,103,0.21,0.27,2.920048309258074,200,0.25,0.30000000000000004
legacy,96,5,6,104,0.225,0.255,2.391243766961483,200,0.25,0.30000000000000004
legacy,96,5,6,105,0.175,0.29,2.6117909250351046,200,0.25,0.30000000000000004
legacy,96,5,6,106,0.255,0.26,3.1836731480088964,200,0.25,0.30000000000000004
legacy,96,5,6,107,0.23,0.24,2.9540955058872465,200,0.25,0.30000000000000004
legacy,96,5,6,108,0.19,0.28,3.0763083048958224,200,0.25,0.30000000000000004
legacy,96,5,6,109,0.255,0.295,3.2562877662818703,200,0.25,0.30000000000000004
legacy,96,5,6,110,0.26,0.255,2.829940785074589,200,0.25,0.30000000000000004
legacy,96,5,6,111,0.245,0.265,2.8747200006195412,200,0.25,0.30000000000000004
legacy,96,5,6,112,0.235,0.27,3.2436255231992255,200,0.25,0.30000000000000004
legacy,96,5,6,113,0.215,0.275,2.758389634520202,200,0.25,0.30000000000000004
legacy,96,5,6,114,0.235,0.265,2.9296643945378014,200,0.25,0.30000000000000004
legacy,96,5,6,115,0.23,0.25,3.2137504726399175,200,0.25,0.30000000000000004
legacy,96,5,6,116,0.245,0.275,3.211365633049964,200,0.25,0.30000000000000004
legacy,96,5,6,117,0.27,0.245,3.201106756188366,200,0.25,0.30000000000000004
legacy,96,5,6,118,0.205,0.265,3.061939740905653,200,0.25,0.30000000000000004
legacy,96,5,6,119,0.22,0.295,2.9498189932554153,200,0.25,0.30000000000000004
legacy,96,5,6,120,0.19,0.305,3.2597354635244393,200,0.25,0.30000000000000004
legacy,96,5,6,121,0.29,0.235,3.3307854524391365,200,0.25,0.30000000000000004
legacy,96,5,6,122,0.255,0.265,3.032886626819721,200,0.25,0.30000000000000004
legacy,96,5,6,123,0.205,0.26,2.9744062267199296,200,0.25,0.30000000000000004
legacy,96,5,6,124,0.2,0.27,3.1553053797706947,200,0.25,0.30000000000000004
legacy,97,5,7,100,0.21,0.31,2.923229130296529,200,0.25,0.35000000000000003
legacy,97,5,7,101,0.245,0.275,3.222120041171288,200,0.25,0.35000000000000003
legacy,97,5,7,102,0.225,0.275,3.2423418235002246,200,0.25,0.35000000000000003
legacy,97,5,7,103,0.205,0.28,2.9454620438515757,200,0.25,0.35000000000000003
legacy,97,5,7,104,0.23,0.28,2.6484298241991144,200,0.25,0.35000000000000003
legacy,97,5,7,105,0.175,0.3,2.8504836250511856,200,0.25,0.35000000000000003
legacy,97,5,7,106,0.245,0.3,3.659401090955923,200,0.25,0.35000000000000003
legacy,97,5,7,107,0.225,0.295,3.2914678423398063,200,0.25,0.35000000000000003
legacy,97,5,7,108,0.18,0.3,3.1047451797123737,200,0.25,0.35000000000000003
legacy,97,5,7,109,0.26,0.315,3.0404934208009706,200,0.25,0.35000000000000003
legacy,97,5,7,110,0.26,0.305,3.4998323624400176,200,0.25,0.35000000000000003
legacy,97,5,7,111,0.235,0.295,3.588232109621367,200,0.25,0.35000000000000003
legacy,97,5,7,112,0.21,0.3,3.3305887224983493,200,0.25,0.35000000000000003
legacy,97,5,7,113,0.21,0.34,3.0925411622548853,200,0.25,0.35000000000000003
legacy,97,5,7,114,0.24,0.305,3.332904766262493,200,0.25,0.35000000000000003
legacy,97,5,7,115,0.245,0.31,2.9042743199104906,200,0.25,0.35000000000000003
legacy,97,5,7,116,0.23,0.31,3.1790754519679347,200,0.25,0.35000000000000003
legacy,97,5,7,117,0.265,0.3,3.0877773610526242,200,0.25,0.35000000000000003
legacy,97,5,7,118,0.2,0.32,2.6794163774787774,200,0.25,0.35000000000000003
legacy,97,5,7,119,0.235,0.315,3.505700604355961,200,0.25,0.35000000000000003
legacy,97,5,7,120,0.205,0.33,3.37045829400152,200,0.25,0.35000000000000003
legacy,97,5,7,121,0.29,0.26,3.3825932455224743,200,0.25,0.35000000000000003
legacy,97,5,7,122,0.27,0.29,3.2097202027110745,200,0.25,0.35000000000000003
legacy,97,5,7,123,0.21,0.305,3.326965251461853,200,0.25,0.35000000000000003
legacy,97,5,7,124,0.195,0.325,3.0038859011947294,200,0.25,0.35000000000000003
legacy,98,5,8,100,0.21,0.36,2.6519689406155114,200,0.25,0.4
legacy,98,5,8,101,0.265,0.3,3.4889174370862257,200,0.25,0.4
legacy,98,5,8,102,0.235,0.335,3.166376900886978,200,0.25,0.4
legacy,98,5,8,103,0.225,0.325,3.2148891426692567,200,0.25,0.4
legacy,98,5,8,104,0.225,0.32,2.4839651297781153,200,0.25,0.4
legacy,98,5,8,105,0.175,0.32,2.683136444763201,200,0.25,0.4
legacy,98,5,8,106,0.225,0.34,3.319954432960154,200,0.25,0.4
legacy,98,5,8,107,0.235,0.335,3.1820562663698184,200,0.25,0.4
legacy,98,5,8,108,0.2,0.36,3.210116655808056,200,0.25,0.4
legacy,98,5,8,109,0.265,0.345,3.0937757790182916,200,0.25,0.4
legacy,98,5,8,110,0.275,0.335,3.1922433835940183,200,0.25,0.4
legacy,98,5,8,111,0.245,0.325,3.3835676163536674,200,0.25,0.4
legacy,98,5,8,112,0.225,0.33,3.5574712147032845,200,0.25,0.4
legacy,98,5,8,113,0.185,0.355,3.279523615306256,200,0.25,0.4
legacy,98,5,8,114,0.225,0.345,3.430945475016046,200,0.25,0.4
legacy,98,5,8,115,0.23,0.33,2.6858282947419436,200,0.25,0.4
legacy,98,5,8,116,0.24,0.365,3.1073344072795077,200,0.25,0.4
legacy,98,5,8,117,0.26,0.325,3.528673597614487,200,0.25,0.4
legacy,98,5,8,118,0.195,0.345,2.7052659014407503,200,0.25,0.4
legacy,98,5,8,119,0.225,0.345,3.3620451911096767,200,0.25,0.4
legacy,98,5,8,120,0.2,0.35,3.2578846710844234,200,0.25,0.4
legacy,98,5,8,121,0.29,0.32,3.7621618878467955,200,0.25,0.4
legacy,98,5,8,122,0.285,0.33,3.1677134087063767,200,0.25,0.4
legacy,98,5,8,123,0.195,0.34,3.480153419585173,200,0.25,0.4
legacy,98,5,8,124,0.2,0.345,3.4177469087501606,200,0.25,0.4
legacy,99,5,9,100,0.195,0.385,2.7234214490079136,200,0.25,0.45
legacy,99,5,9,101,0.245,0.31,3.4055000989548883,200,0.25,0.45
legacy,99,5,9,102,0.235,0.355,3.0635370199412972,200,0.25,0.45
legacy,99,5,9,103,0.23,0.36,3.315749723156539,200,0.25,0.45
legacy,99,5,9,104,0.22,0.345,2.616786688039091,200,0.25,0.45
legacy,99,5,9,105,0.18,0.345,2.5360279095200027,200,0.25,0.45
legacy,99,5,9,106,0.245,0.35,3.435775126299457,200,0.25,0.45
legacy,99,5,9,107,0.225,0.335,2.7099322109792077,200,0.25,0.45
legacy,99,5,9,108,0.205,0.38,3.2144322079278815,200,0.25,0.45
legacy,99,5,9,109,0.255,0.37,3.2766796455760723,200,0.25,0.45
legacy,99,5,9,110,0.26,0.365,3.6991718356404055,200,0.25,0.45
legacy,99,5,9,111,0.23,0.35,2.9590091411674995,200,0.25,0.45
legacy,99,5,9,112,0.205,0.37,3.273520855459412,200,0.25,0.45
legacy,99,5,9,113,0.195,0.385,3.350539689332028,200,0.25,0.45
legacy,99,5,9,114,0.235,0.36,3.4038343005433926,200,0.25,0.45
legacy,99,5,9,115,0.225,0.375,2.7865797581838314,200,0.25,0.45
legacy,99,5,9,116,0.215,0.38,3.033200957749328,200,0.25,0.45
legacy,99,5,9,117,0.265,0.37,3.776379426453915,200,0.25,0.45
legacy,99,5,9,118,0.195,0.395,2.380931357027573,200,0.25,0.45
legacy,99,5,9,119,0.24,0.38,3.5816187575529863,200,0.25,0.45
legacy,99,5,9,120,0.21,0.38,3.3973763571755233,200,0.25,0.45
legacy,99,5,9,121,0.29,0.325,3.328841618181725,200,0.25,0.45
legacy,99,5,9,122,0.255,0.37,3.038242050587753,200,0.25,0.45
legacy,99,5,9,123,0.205,0.41,3.3340449536998835,200,0.25,0.45
legacy,99,5,9,124,0.21,0.38,3.1726841061079107,200,0.25,0.45
legacy,100,5,10,100,0.21,0.415,2.6805108524956336,200,0.25,0.5
legacy,100,5,10,101,0.265,0.385,3.416696599028083,200,0.25,0.5
legacy,100,5,10,102,0.23,0.4,2.758099558814143,200,0.25,0.5
legacy,100,5,10,103,0.215,0.395,2.9568503311912475,200,0.25,0.5
legacy,100,5,10,104,0.22,0.415,2.5974073963247544,200,0.25,0.5
legacy,100,5,10,105,0.18,0.415,2.5432557809436327,200,0.25,0.5
legacy,100,5,10,106,0.245,0.395,3.3818695206011973,200,0.25,0.5
legacy,100,5,10,107,0.235,0.385,3.0876590723968804,200,0.25,0.5
legacy,100,5,10,108,0.19,0.425,3.094093063332458,200,0.25,0.5
legacy,100,5,10,109,0.265,0.415,3.343370144590758,200,0.25,0.5
legacy,100,5,10,110,0.26,0.39,3.2318241873410885,200,0.25,0.5
legacy,100,5,10,111,0.245,0.38,2.9128890883731633,200,0.25,0.5
legacy,100,5,10,112,0.225,0.4,3.2264310860803507,200,0.25,0.5
legacy,100,5,10,113,0.22,0.415,3.0524572123263884,200,0.25,0.5
legacy,100,5,10,114,0.22,0.4,3.355196039857059,200,0.25,0.5
legacy,100,5,10,115,0.245,0.42,2.9426296702463026,200,0.25,0.5
legacy,100,5,10,116,0.215,0.425,3.528430452400528,200,0.25,0.5
legacy,100,5,10,117,0.27,0.385,3.068450613334395,200,0.25,0.5
legacy,100,5,10,118,0.19,0.425,2.7161917156638777,200,0.25,0.5
legacy,100,5,10,119,0.23,0.435,3.425134901959608,200,0.25,0.5
legacy,100,5,10,120,0.205,0.42,3.4884048036520596,200,0.25,0.5
legacy,100,5,10,121,0.285,0.35,3.6690671765129186,200,0.25,0.5
legacy,100,5,10,122,0.25,0.4,3.0260012679383625,200,0.25,0.5
legacy,100,5,10,123,0.185,0.425,3.2775113806494267,200,0.25,0.5
legacy,100,5,10,124,0.215,0.42,3.0311587391199124,200,0.25,0.5
legacy,101,5,11,100,0.205,0.455,2.747431418972994,200,0.25,0.55
legacy,101,5,11,101,0.245,0.405,3.561275761520817,200,0.25,0.55
legacy,101,5,11,102,0.23,0.43,2.767694961712581,200,0.25,0.55
legacy,101,5,11,103,0.22,0.425,3.2016963269983716,200,0.25,0.55
legacy,101,5,11,104,0.24,0.415,2.5990789942249166,200,0.25,0.55
legacy,101,5,11,105,0.18,0.45,2.8753397427331286,200,0.25,0.55
legacy,101,5,11,106,0.225,0.435,3.5492193435505714,200,0.25,0.55
legacy,101,5,11,107,0.24,0.415,2.9558429782016304,200,0.25,0.55
legacy,101,5,11,108,0.18,0.46,3.315723055824592,200,0.25,0.55
legacy,101,5,11,109,0.26,0.445,3.1475236940129094,200,0.25,0.55
legacy,101,5,11,110,0.25,0.44,3.6409655978243127,200,0.25,0.55
legacy,101,5,11,111,0.24,0.45,3.457621142225471,200,0.25,0.55
legacy,101,5,11,112,0.215,0.45,3.461354609044069,200,0.25,0.55
legacy,101,5,11,113,0.205,0.44,3.3915471108113673,200,0.25,0.55
legacy,101,5,11,114,0.22,0.445,3.551385027478134,200,0.25,0.55
legacy,101,5,11,115,0.24,0.425,2.970951582387101,200,0.25,0.55
legacy,101,5,11,116,0.225,0.475,3.9587814064601865,200,0.25,0.55
legacy,101,5,11,117,0.27,0.45,3.4215321597742525,200,0.25,0.55
legacy,101,5,11,118,0.2,0.46,2.4556417273579942,200,0.25,0.55
legacy,101,5,11,119,0.25,0.45,3.6341058980764056,200,0.25,0.55
legacy,101,5,11,120,0.21,0.45,3.4955995612067876,200,0.25,0.55
legacy,101,5,11,121,0.295,0.41,3.867469285497735,200,0.25,0.55
legacy,101,5,11,122,0.26,0.445,3.055082637637602,200,0.25,0.55
legacy,101,5,11,123,0.19,0.485,3.2441958874852532,200,0.25,0.55
legacy,101,5,11,124,0.205,0.455,3.000600213189375,200,0.25,0.55
legacy,102,5,12,100,0.2,0.5,3.0521747879697547,200,0.25,0.6000000000000001
legacy,102,5,12,101,0.255,0.435,3.376035704309595,200,0.25,0.6000000000000001
legacy,102,5,12,102,0.235,0.455,3.03562961178764,200,0.25,0.6000000000000001
legacy,102,5,12,103,0.2,0.475,3.341411986258661,200,0.25,0.6000000000000001
legacy,102,5,12,104,0.235,0.46,2.5884038481351315,200,0.25,0.6000000000000001
legacy,102,5,12,105,0.185,0.485,2.2722335746092455,200,0.25,0.6000000000000001
legacy,102,5,12,106,0.24,0.455,3.549265703745021,200,0.25,0.6000000000000001
legacy,102,5,12,107,0.23,0.46,3.0679475630474804,200,0.25,0.6000000000000001
legacy,102,5,12,108,0.18,0.495,3.3095434917465356,200,0.25,0.6000000000000001
legacy,102,5,12,109,0.245,0.465,3.359170684187343,200,0.25,0.6000000000000001
legacy,102,5,12,110,0.26,0.485,3.7579706462663798,200,0.25,0.6000000000000001
legacy,102,5,12,111,0.24,0.49,3.3429793117151236,200,0.25,0.6000000000000001
legacy,102,5,12,112,0.21,0.48,3.328920564046142,200,0.25,0.6000000000000001
legacy,102,5,12,113,0.19,0.495,3.2172404805662804,200,0.25,0.6000000000000001
legacy,102,5,12,114,0.235,0.475,3.8141752992028,200,0.25,0.6000000000000001
legacy,102,5,12,115,0.225,0.485,3.0841788622965867,200,0.25,0.6000000000000001
legacy,102,5,12,116,0.23,0.48,3.783144726773001,200,0.25,0.6000000000000001
legacy,102,5,12,117,0.27,0.455,3.4298580398873697,200,0.25,0.6000000000000001
legacy,102,5,12,118,0.2,0.48,2.8261238439400005,200,0.25,0.6000000000000001
legacy,102,5,12,119,0.225,0.48,4.138858072186215,200,0.25,0.6000000000000001
legacy,102,5,12,120,0.21,0.505,3.5860308132920333,200,0.25,0.6000000000000001
legacy,102,5,12,121,0.255,0.475,3.330104918683004,200,0.25,0.6000000000000001
legacy,102,5,12,122,0.26,0.47,3.587198761013716,200,0.25,0.6000000000000001
legacy,102,5,12,123,0.2,0.535,3.1698867689725296,200,0.25,0.6000000000000001
legacy,102,5,12,124,0.195,0.495,3.3338887719969885,200,0.25,0.6000000000000001
legacy,103,5,13,100,0.21,0.5,2.4993387038096437,200,0.25,0.65
legacy,103,5,13,101,0.265,0.455,3.6831334386847385,200,0.25,0.65
legacy,103,5,13,102,0.225,0.51,2.953620946131038,200,0.25,0.65
legacy,103,5,13,103,0.215,0.51,3.174519054564111,200,0.25,0.65
legacy,103,5,13,104,0.225,0.48,2.322726453388547,200,0.25,0.65
legacy,103,5,13,105,0.185,0.515,2.556701391024409,200,0.25,0.65
legacy,103,5,13,106,0.24,0.48,3.7157675716987875,200,0.25,0.65
legacy,103,5,13,107,0.24,0.49,2.9385656657070043,200,0.25,0.65
legacy,103,5,13,108,0.19,0.545,3.6561836577049185,200,0.25,0.65
legacy,103,5,13,109,0.25,0.49,3.8485809152178536,200,0.25,0.65
legacy,103,5,13,110,0.26,0.5,3.7742753513661076,200,0.25,0.65
legacy,103,5,13,111,0.235,0.495,3.7283095359426257,200,0.25,0.65
legacy,103,5,13,112,0.2,0.51,3.639955389225338,200,0.25,0.65
legacy,103,5,13,113,0.205,0.53,3.267597601516411,200,0.25,0.65
legacy,103,5,13,114,0.23,0.5,3.4719949537274197,200,0.25,0.65
legacy,103,5,13,115,0.235,0.525,2.2772770056836156,200,0.25,0.65
legacy,103,5,13,116,0.22,0.52,3.868096578033039,200,0.25,0.65
legacy,103,5,13,117,0.25,0.495,3.971286513818219,200,0.25,0.65
legacy,103,5,13,118,0.195,0.56,2.3684698506759303,200,0.25,0.65
legacy,103,5,13,119,0.245,0.51,3.517275274705855,200,0.25,0.65
legacy,103,5,13,120,0.21,0.53,3.4343552793498238,200,0.25,0.65
legacy,103,5,13,121,0.28,0.495,3.790808204155037,200,0.25,0.65
legacy,103,5,13,122,0.255,0.505,2.916850881746817,200,0.25,0.65
legacy,103,5,13,123,0.2,0.575,3.6419567191764135,200,0.25,0.65
legacy,103,5,13,124,0.205,0.535,3.592599922460776,200,0.25,0.65
legacy,104,5,14,100,0.21,0.53,3.0011886040906677,200,0.25,0.7000000000000001
legacy,104,5,14,101,0.265,0.49,3.5126774379111327,200,0.25,0.7000000000000001
legacy,104,5,14,102,0.225,0.535,3.223942639735235,200,0.25,0.7000000000000001
legacy,104,5,14,103,0.215,0.525,3.5383881356699702,200,0.25,0.7000000000000001
legacy,104,5,14,104,0.23,0.54,2.556402900091862,200,0.25,0.7000000000000001
legacy,104,5,14,105,0.175,0.58,2.5166151747499885,200,0.25,0.7000000000000001
legacy,104,5,14,106,0.235,0.53,3.8263833983361826,200,0.25,0.7000000000000001
legacy,104,5,14,107,0.235,0.52,3.558880004763058,200,0.25,0.7000000000000001
legacy,104,5,14,108,0.2,0.56,3.9276527267860253,200,0.25,0.7000000000000001
legacy,104,5,14,109,0.24,0.525,3.5665667298892316,200,0.25,0.7000000000000001
legacy,104,5,14,110,0.26,0.525,3.7130610083242446,200,0.25,0.7000000000000001
legacy,104,5,14,111,0.24,0.56,3.2765797361755977,200,0.25,0.7000000000000001
legacy,104,5,14,112,0.21,0.575,3.8977050755036142,200,0.25,0.7000000000000001
legacy,104,5,14,113,0.205,0.565,3.4963980548791063,200,0.25,0.7000000000000001
legacy,104,5,14,114,0.23,0.535,3.754643316876995,200,0.25,0.7000000000000001
legacy,104,5,14,115,0.24,0.56,3.250891431295297,200,0.25,0.7000000000000001
legacy,104,5,14,116,0.225,0.57,3.8157561424829556,200,0.25,0.7000000000000001
legacy,104,5,14,117,0.27,0.535,3.917230157896762,200,0.25,0.7000000000000001
legacy,104,5,14,118,0.195,0.575,3.142949999001896,200,0.25,0.7000000000000001
legacy,104,5,14,119,0.245,0.545,3.7858067825518873,200,0.25,0.7000000000000001
legacy,104,5,14,120,0.205,0.57,3.7114422173012622,200,0.25,0.7000000000000001
legacy,104,5,14,121,0.28,0.54,4.133909022269677,200,0.25,0.7000000000000001
legacy,104,5,14,122,0.25,0.535,3.366956596630172,200,0.25,0.7000000000000001
legacy,104,5,14,123,0.2,0.595,3.767040567074219,200,0.25,0.7000000000000001
legacy,104,5,14,124,0.21,0.58,3.531306427617573,200,0.25,0.7000000000000001
legacy,105,5,15,100,0.195,0.58,3.3027122131308873,200,0.25,0.75
legacy,105,5,15,101,0.26,0.51,3.7557525209603733,200,0.25,0.75
legacy,105,5,15,102,0.225,0.565,3.6865423012529486,200,0.25,0.75
legacy,105,5,15,103,0.22,0.56,3.278269574640875,200,0.25,0.75
legacy,105,5,15,104,0.235,0.545,3.2422765768381883,200,0.25,0.75
legacy,105,5,15,105,0.185,0.605,2.7501608776163313,200,0.25,0.75
legacy,105,5,15,106,0.24,0.565,4.103505500792043,200,0.25,0.75
legacy,105,5,15,107,0.245,0.555,3.180423053651343,200,0.25,0.75
legacy,105,5,15,108,0.19,0.61,3.8243171929280173,200,0.25,0.75
legacy,105,5,15,109,0.255,0.565,3.6101472423397496,200,0.25,0.75
legacy,105,5,15,110,0.265,0.57,4.222314329340864,200,0.25,0.75
legacy,105,5,15,111,0.255,0.595,3.9859341348028154,200,0.25,0.75
legacy,105,5,15,112,0.225,0.59,3.55599340917332,200,0.25,0.75
legacy,105,5,15,113,0.215,0.595,3.7805055500847424,200,0.25,0.75
legacy,105,5,15,114,0.225,0.585,4.288041191931638,200,0.25,0.75
legacy,105,5,15,115,0.23,0.58,3.3844935855211986,200,0.25,0.75
legacy,105,5,15,116,0.22,0.595,4.126919853162376,200,0.25,0.75
legacy,105,5,15,117,0.24,0.59,4.166900319803411,200,0.25,0.75
legacy,105,5,15,118,0.19,0.62,3.1240620463368862,200,0.25,0.75
legacy,105,5,15,119,0.235,0.575,3.794831031719612,200,0.25,0.75
legacy,105,5,15,120,0.205,0.615,4.094897364041621,200,0.25,0.75
legacy,105,5,15,121,0.275,0.56,4.24611714263895,200,0.25,0.75
legacy,105,5,15,122,0.26,0.575,3.0703253538020348,200,0.25,0.75
legacy,105,5,15,123,0.19,0.64,3.9432281656632813,200,0.25,0.75
legacy,105,5,15,124,0.205,0.615,4.056634988076903,200,0.25,0.75
legacy,106,5,16,100,0.205,0.605,3.1262358070385927,200,0.25,0.8
legacy,106,5,16,101,0.26,0.57,3.942947621773608,200,0.25,0.8
legacy,106,5,16,102,0.23,0.6,3.5909456500680705,200,0.25,0.8
legacy,106,5,16,103,0.225,0.595,3.8399683323636964,200,0.25,0.8
legacy,106,5,16,104,0.23,0.59,3.241367355937948,200,0.25,0.8
legacy,106,5,16,105,0.185,0.65,2.945049298551205,200,0.25,0.8
legacy,106,5,16,106,0.245,0.59,3.9606767455601055,200,0.25,0.8
legacy,106,5,16,107,0.23,0.6,3.5831458835543595,200,0.25,0.8
legacy,106,5,16,108,0.19,0.645,4.275917246586257,200,0.25,0.8
legacy,106,5,16,109,0.26,0.595,4.116907007875521,200,0.25,0.8
legacy,106,5,16,110,0.26,0.59,4.3933064519984475,200,0.25,0.8
legacy,106,5,16,111,0.24,0.61,3.675554703665532,200,0.25,0.8
legacy,106,5,16,112,0.225,0.62,4.035812985070496,200,0.25,0.8
legacy,106,5,16,113,0.205,0.63,3.900921963623313,200,0.25,0.8
legacy,106,5,16,114,0.235,0.61,4.104281562489105,200,0.25,0.8
legacy,106,5,16,115,0.23,0.62,3.2399392075332103,200,0.25,0.8
legacy,106,5,16,116,0.225,0.62,4.135102557892756,200,0.25,0.8
legacy,106,5,16,117,0.235,0.635,4.819049549247696,200,0.25,0.8
legacy,106,5,16,118,0.195,0.655,2.918633144850065,200,0.25,0.8
legacy,106,5,16,119,0.245,0.595,3.669724196204139,200,0.25,0.8
legacy,106,5,16,120,0.2,0.66,3.903840968914468,200,0.25,0.8
legacy,106,5,16,121,0.27,0.585,4.04430904796032,200,0.25,0.8
legacy,106,5,16,122,0.265,0.59,3.6906388543264406,200,0.25,0.8
legacy,106,5,16,123,0.2,0.665,4.236204525236174,200,0.25,0.8
legacy,106,5,16,124,0.205,0.655,4.114565443116254,200,0.25,0.8
legacy,107,5,17,100,0.21,0.64,3.4163977074868246,200,0.25,0.8500000000000001
legacy,107,5,17,101,0.265,0.595,4.43067218375626,200,0.25,0.8500000000000001
legacy,107,5,17,102,0.235,0.625,4.341988761253677,200,0.25,0.8500000000000001
legacy,107,5,17,103,0.22,0.635,4.083763758137984,200,0.25,0.8500000000000001
legacy,107,5,17,104,0.235,0.63,2.508953808003381,200,0.25,0.8500000000000001
legacy,107,5,17,105,0.18,0.685,2.8637190943487694,200,0.25,0.8500000000000001
legacy,107,5,17,106,0.245,0.625,4.636813441380175,200,0.25,0.8500000000000001
legacy,107,5,17,107,0.24,0.65,3.5175644040660625,200,0.25,0.8500000000000001
legacy,107,5,17,108,0.19,0.675,4.499988909821768,200,0.25,0.8500000000000001
legacy,107,5,17,109,0.245,0.615,4.324462481311271,200,0.25,0.8500000000000001
legacy,107,5,17,110,0.26,0.62,4.509862657530321,200,0.25,0.8500000000000001
legacy,107,5,17,111,0.235,0.645,3.849164293577661,200,0.25,0.8500000000000001
legacy,107,5,17,112,0.215,0.66,4.0776111182266765,200,0.25,0.8500000000000001
legacy,107,5,17,113,0.205,0.665,3.9981624485627583,200,0.25,0.8500000000000001
legacy,107,5,17,114,0.23,0.655,4.377948474916054,200,0.25,0.8500000000000001
legacy,107,5,17,115,0.25,0.63,3.243512930127263,200,0.25,0.8500000000000001
legacy,107,5,17,116,0.225,0.66,4.28294308410628,200,0.25,0.8500000000000001
legacy,107,5,17,117,0.235,0.655,4.180760050202995,200,0.25,0.8500000000000001
legacy,107,5,17,118,0.19,0.69,3.3274146458054337,200,0.25,0.8500000000000001
legacy,107,5,17,119,0.25,0.635,4.413759091312641,200,0.25,0.8500000000000001
legacy,107,5,17,120,0.205,0.685,4.121799949837948,200,0.25,0.8500000000000001
legacy,107,5,17,121,0.275,0.63,4.105965777736624,200,0.25,0.8500000000000001
legacy,107,5,17,122,0.265,0.63,3.6293593773102737,200,0.25,0.8500000000000001
legacy,107,5,17,123,0.195,0.695,4.046564616132133,200,0.25,0.8500000000000001
legacy,107,5,17,124,0.2,0.69,4.602017102127516,200,0.25,0.8500000000000001
legacy,108,6,0,100,0.24,0.065,3.166332687198882,200,0.30000000000000004,0.0
legacy,108,6,0,101,0.29,0.06,3.209066826341855,200,0.30000000000000004,0.0
legacy,108,6,0,102,0.265,0.055,3.267609889697374,200,0.30000000000000004,0.0
legacy,108,6,0,103,0.255,0.06,2.886527144724414,200,0.30000000000000004,0.0
legacy,108,6,0,104,0.29,0.055,3.2695998224439258,200,0.30000000000000004,0.0
legacy,108,6,0,105,0.24,0.065,3.369834444510923,200,0.30000000000000004,0.0
legacy,108,6,0,106,0.31,0.065,3.4029238969037867,200,0.30000000000000004,0.0
legacy,108,6,0,107,0.25,0.07,3.28086621594573,200,0.30000000000000004,0.0
legacy,108,6,0,108,0.305,0.07,3.1881206298715403,200,0.30000000000000004,0.0
legacy,108,6,0,109,0.255,0.04,2.858761857252489,200,0.30000000000000004,0.0
legacy,108,6,0,110,0.275,0.06,2.960636376808706,200,0.30000000000000004,0.0
legacy,108,6,0,111,0.255,0.055,3.019339657597866,200,0.30000000000000004,0.0
legacy,108,6,0,112,0.235,0.055,3.031903338432416,200,0.30000000000000004,0.0
legacy,108,6,0,113,0.25,0.04,3.594831389664797,200,0.30000000000000004,0.0
legacy,108,6,0,114,0.31,0.1,2.6587097530094286,200,0.30000000000000004,0.0
legacy,108,6,0,115,0.27,0.09,2.916343606454471,200,0.30000000000000004,0.0
legacy,108,6,0,116,0.235,0.08,3.1736459442357354,200,0.30000000000000004,0.0
legacy,108,6,0,117,0.25,0.075,3.2068602392336008,200,0.30000000000000004,0.0
legacy,108,6,0,118,0.27,0.085,3.0073675235927793,200,0.30000000000000004,0.0
legacy,108,6,0,119,0.255,0.085,3.270377895270242,200,0.30000000000000004,0.0
legacy,108,6,0,120,0.25,0.06,3.0514083820006,200,0.30000000000000004,0.0
legacy,108,6,0,121,0.285,0.03,3.376652699164989,200,0.30000000000000004,0.0
legacy,108,6,0,122,0.22,0.09,2.8203133301772128,200,0.30000000000000004,0.0
legacy,108,6,0,123,0.25,0.085,3.1135457204195665,200,0.30000000000000004,0.0
legacy,108,6,0,124,0.245,0.07,2.84716164699329,200,0.30000000000000004,0.0
legacy,109,6,1,100,0.25,0.08,3.211293141125268,200,0.30000000000000004,0.05
legacy,109,6,1,101,0.29,0.09,3.230058121425975,200,0.30000000000000004,0.05
legacy,109,6,1,102,0.28,0.09,3.1006617573303945,200,0.30000000000000004,0.05
legacy,109,6,1,103,0.265,0.08,3.1884545650880796,200,0.30000000000000004,0.05
legacy,109,6,1,104,0.3,0.055,3.514145807172339,200,0.30000000000000004,0.05
legacy,109,6,1,105,0.235,0.095,2.90753816296628,200,0.30000000000000004,0.05
legacy,109,6,1,106,0.305,0.09,2.931098286911401,200,0.30000000000000004,0.05
legacy,109,6,1,107,0.24,0.08,2.947000448555112,200,0.30000000000000004,0.05
legacy,109,6,1,108,0.295,0.075,3.057326157056801,200,0.30000000000000004,0.05
legacy,109,6,1,109,0.28,0.075,3.1990845403757953,200,0.30000000000000004,0.05
legacy,109,6,1,110,0.25,0.085,2.8560725016203166,200,0.30000000000000004,0.05
legacy,109,6,1,111,0.27,0.11,3.3563177956098382,200,0.30000000000000004,0.05
legacy,109,6,1,112,0.25,0.095,2.997571630777934,200,0.30000000000000004,0.05
legacy,109,6,1,113,0.26,0.085,3.4368495890228687,200,0.30000000000000004,0.05
legacy,109,6,1,114,0.28,0.1,3.1443127924193828,200,0.30000000000000004,0.05
legacy,109,6,1,115,0.265,0.095,3.0230191472831485,200,0.30000000000000004,0.05
legacy,109,6,1,116,0.25,0.125,3.1769886991119267,200,0.30000000000000004,0.05
legacy,109,6,1,117,0.26,0.095,3.3935283549278283,200,0.30000000000000004,0.05
legacy,109,6,1,118,0.255,0.065,3.2659945306453784,200,0.30000000000000004,0.05
legacy,109,6,1,119,0.26,0.11,3.597943097884762,200,0.30000000000000004,0.05
legacy,109,6,1,120,0.26,0.105,3.4655289717229225,200,0.30000000000000004,0.05
legacy,109,6,1,121,0.285,0.085,3.522645954387032,200,0.30000000000000004,0.05
legacy,109,6,1,122,0.23,0.085,3.105546703656166,200,0.30000000000000004,0.05
legacy,109,6,1,123,0.235,0.12,2.950902044263348,200,0.30000000000000004,0.05
legacy,109,6,1,124,0.265,0.115,2.569757961453738,200,0.30000000000000004,0.05
legacy,110,6,2,100,0.245,0.155,3.3307600828033035,200,0.30000000000000004,0.1
legacy,110,6,2,101,0.3,0.125,3.7125627798518703,200,0.30000000000000004,0.1
legacy,110,6,2,102,0.27,0.1,2.8147201643028152,200,0.30000000000000004,0.1
legacy,110,6,2,103,0.235,0.09,3.225044592574802,200,0.30000000000000004,0.1
legacy,110,6,2,104,0.295,0.1,3.3097572029345144,200,0.30000000000000004,0.1
legacy,110,6,2,105,0.245,0.115,3.424898290736178,200,0.30000000000000004,0.1
legacy,110,6,2,106,0.31,0.125,3.3272887960561546,200,0.30000000000000004,0.1
legacy,110,6,2,107,0.245,0.09,3.252952074208681,200,0.30000000000000004,0.1
legacy,110,6,2,108,0.315,0.145,3.3219524694929294,200,0.30000000000000004,0.1
legacy,110,6,2,109,0.265,0.115,3.051859756239876,200,0.30000000000000004,0.1
legacy,110,6,2,110,0.29,0.12,2.953464288988514,200,0.30000000000000004,0.1
legacy,110,6,2,111,0.255,0.125,3.0382371946821225,200,0.30000000000000004,0.1
legacy,110,6,2,112,0.25,0.105,3.3146588233541956,200,0.30000000000000004,0.1
legacy,110,6,2,113,0.255,0.12,3.494115060883431,200,0.30000000000000004,0.1
legacy,110,6,2,114,0.275,0.115,2.8298317107784605,200,0.30000000000000004,0.1
legacy,110,6,2,115,0.28,0.095,3.0513390831866247,200,0.30000000000000004,0.1
legacy,110,6,2,116,0.25,0.145,3.310912135831338,200,0.30000000000000004,0.1
legacy,110,6,2,117,0.255,0.155,3.2258601984675654,200,0.30000000000000004,0.1
legacy,110,6,2,118,0.24,0.11,2.949418672569179,200,0.30000000000000004,0.1
legacy,110,6,2,119,0.25,0.145,3.392100895798491,200,0.30000000000000004,0.1
legacy,110,6,2,120,0.24,0.145,3.223639714313811,200,0.30000000000000004,0.1
legacy,110,6,2,121,0.27,0.13,3.4393963219472163,200,0.30000000000000004,0.1
legacy,110,6,2,122,0.215,0.135,2.6746795740533287,200,0.30000000000000004,0.1
legacy,110,6,2,123,0.26,0.12,3.1452553336390183,200,0.30000000000000004,0.1
legacy,110,6,2,124,0.275,0.135,3.1794060623460463,200,0.30000000000000004,0.1
legacy,111,6,3,100,0.225,0.185,3.5076827990837876,200,0.30000000000000004,0.15000000000000002
legacy,111,6,3,101,0.325,0.13,3.401219323062835,200,0.30000000000000004,0.15000000000000002
legacy,111,6,3,102,0.29,0.15,3.128026824277418,200,0.30000000000000004,0.15000000000000002
legacy,111,6,3,103,0.235,0.17,3.231670825804166,200,0.30000000000000004,0.15000000000000002
legacy,111,6,3,104,0.265,0.12,3.4284797543953633,200,0.30000000000000004,0.15000000000000002
legacy,111,6,3,105,0.24,0.18,3.50823843134969,200,0.30000000000000004,0.15000000000000002
legacy,111,6,3,106,0.315,0.16,3.7113261656872294,200,0.30000000000000004,0.15000000000000002
legacy,111,6,3,107,0.275,0.125,3.236576623039009,200,0.30000000000000004,0.15000000000000002
legacy,111,6,3,108,0.305,0.16,3.2942231574619982,200,0.30000000000000004,0.15000000000000002
legacy,111,6,3,109,0.275,0.15,3.057308820670195,200,0.30000000000000004,0.15000000000000002
legacy,111,6,3,110,0.27,0.16,3.0642840171152645,200,0.30000000000000004,0.15000000000000002
legacy,111,6,3,111,0.245,0.16,3.2396500084342224,200,0.30000000000000004,0.15000000000000002
legacy,111,6,3,112,0.26,0.135,3.174967345868049,200,0.30000000000000004,0.15000000000000002
legacy,111,6,3,113,0.235,0.15,3.5514853955376484,200,0.30000000000000004,0.15000000000000002
legacy,111,6,3,114,0.28,0.155,3.4649505642268936,200,0.30000000000000004,0.15000000000000002
legacy,111,6,3,115,0.28,0.185,3.275812592016126,200,0.30000000000000004,0.15000000000000002
legacy,111,6,3,116,0.255,0.21,2.9549438363058314,200,0.30000000000000004,0.15000000000000002
legacy,111,6,3,117,0.255,0.195,3.5488501213915993,200,0.30000000000000004,0.15000000000000002
legacy,111,6,3,118,0.25,0.17,3.3633030911973676,200,0.30000000000000004,0.15000000000000002
legacy,111,6,3,119,0.255,0.185,3.615507198038024,200,0.30000000000000004,0.15000000000000002
legacy,111,6,3,120,0.24,0.165,3.0251839954517363,200,0.30000000000000004,0.15000000000000002
legacy,111,6,3,121,0.3,0.15,3.3148627382962035,200,0.30000000000000004,0.15000000000000002
legacy,111,6,3,122,0.21,0.17,2.8650014674538675,200,0.30000000000000004,0.15000000000000002
legacy,111,6,3,123,0.25,0.175,3.592794120626041,200,0.30000000000000004,0.15000000000000002
legacy,111,6,3,124,0.275,0.185,2.9424383605389597,200,0.30000000000000004,0.15000000000000002
legacy,112,6,4,100,0.25,0.195,3.276904772505286,200,0.30000000000000004,0.2
legacy,112,6,4,101,0.315,0.19,3.589688417492748,200,0.30000000000000004,0.2
legacy,112,6,4,102,0.27,0.175,3.5480962992942127,200,0.30000000000000004,0.2
legacy,112,6,4,103,0.265,0.195,2.8978313365635318,200,0.30000000000000004,0.2
legacy,112,6,4,104,0.295,0.165,3.588169700600623,200,0.30000000000000004,0.2
legacy,112,6,4,105,0.24,0.19,3.154060700962676,200,0.30000000000000004,0.2
legacy,112,6,4,106,0.31,0.205,3.410553710766481,200,0.30000000000000004,0.2
legacy,112,6,4,107,0.255,0.16,3.383136103221324,200,0.30000000000000004,0.2
legacy,112,6,4,108,0.295,0.185,3.500221095093217,200,0.30000000000000004,0.2
legacy,112,6,4,109,0.25,0.185,3.1102224019721683,200,0.30000000000000004,0.2
legacy,112,6,4,110,0.275,0.19,3.2780370216692596,200,0.30000000000000004,0.2
legacy,112,6,4,111,0.24,0.165,2.975877602212174,200,0.30000000000000004,0.2
legacy,112,6,4,112,0.245,0.16,2.9327387786490364,200,0.30000000000000004,0.2
legacy,112,6,4,113,0.245,0.195,3.242226932707707,200,0.30000000000000004,0.2
legacy,112,6,4,114,0.295,0.19,3.465699470037677,200,0.30000000000000004,0.2
legacy,112,6,4,115,0.29,0.185,3.2891892455837377,200,0.30000000000000004,0.2
legacy,112,6,4,116,0.235,0.195,2.9146341301853647,200,0.30000000000000004,0.2
legacy,112,6,4,117,0.26,0.195,2.712347971796571,200,0.30000000000000004,0.2
legacy,112,6,4,118,0.26,0.175,3.464071403004266,200,0.30000000000000004,0.2
legacy,112,6,4,119,0.255,0.19,3.1954685278295596,200,0.30000000000000004,0.2
legacy,112,6,4,120,0.25,0.225,3.250046847031511,200,0.30000000000000004,0.2
legacy,112,6,4,121,0.275,0.2,3.068024956798377,200,0.30000000000000004,0.2
legacy,112,6,4,122,0.21,0.185,2.911399078764129,200,0.30000000000000004,0.2
legacy,112,6,4,123,0.24,0.215,3.0482977105652385,200,0.30000000000000004,0.2
legacy,112,6,4,124,0.275,0.215,3.251289021136013,200,0.30000000000000004,0.2
legacy,113,6,5,100,0.23,0.23,3.0493809304884305,200,0.30000000000000004,0.25
legacy,113,6,5,101,0.32,0.23,3.393908945836236,200,0.30000000000000004,0.25
legacy,113,6,5,102,0.265,0.225,3.62907194169336,200,0.30000000000000004,0.25
legacy,113,6,5,103,0.265,0.21,3.2140648450083726,200,0.30000000000000004,0.25
legacy,113,6,5,104,0.285,0.195,3.404786386855173,200,0.30000000000000004,0.25
legacy,113,6,5,105,0.25,0.245,3.4245341376230187,200,0.30000000000000004,0.25
legacy,113,6,5,106,0.3,0.19,3.4186682527794097,200,0.30000000000000004,0.25
legacy,113,6,5,107,0.275,0.175,3.117230207802809,200,0.30000000000000004,0.25
legacy,113,6,5,108,0.29,0.21,3.127430066394824,200,0.30000000000000004,0.25
legacy,113,6,5,109,0.28,0.22,3.0618277615284795,200,0.30000000000000004,0.25
legacy,113,6,5,110,0.255,0.23,3.465717898731749,200,0.30000000000000004,0.25
legacy,113,6,5,111,0.25,0.22,3.4736910382427357,200,0.30000000000000004,0.25
legacy,113,6,5,112,0.245,0.21,3.3454987354584653,200,0.30000000000000004,0.25
legacy,113,6,5,113,0.265,0.235,3.78184529601937,200,0.30000000000000004,0.25
legacy,113,6,5,114,0.3,0.225,3.4377013597083717,200,0.30000000000000004,0.25
legacy,113,6,5,115,0.295,0.21,3.3205066831975745,200,0.30000000000000004,0.25
legacy,113,6,5,116,0.26,0.23,2.7947316011763985,200,0.30000000000000004,0.25
legacy,113,6,5,117,0.26,0.22,3.557906582383174,200,0.30000000000000004,0.25
legacy,113,6,5,118,0.245,0.215,3.4809386629264183,200,0.30000000000000004,0.25
legacy,113,6,5,119,0.24,0.24,3.4439327801791704,200,0.30000000000000004,0.25
legacy,113,6,5,120,0.24,0.225,3.3232526019681323,200,0.30000000000000004,0.25
legacy,113,6,5,121,0.295,0.245,3.473178517225016,200,0.30000000000000004,0.25
legacy,113,6,5,122,0.22,0.245,3.2981107177599154,200,0.30000000000000004,0.25
legacy,113,6,5,123,0.225,0.245,3.2032924027895184,200,0.30000000000000004,0.25
legacy,113,6,5,124,0.28,0.215,3.410160575633013,200,0.30000000000000004,0.25
legacy,114,6,6,100,0.24,0.275,3.186744547377625,200,0.30000000000000004,0.30000000000000004
legacy,114,6,6,101,0.28,0.23,3.77829705730722,200,0.30000000000000004,0.30000000000000004
legacy,114,6,6,102,0.28,0.25,3.158256560297111,200,0.30000000000000004,0.30000000000000004
legacy,114,6,6,103,0.265,0.23,3.1330194509033884,200,0.30000000000000004,0.30000000000000004
legacy,114,6,6,104,0.31,0.225,3.1832433101106905,200,0.30000000000000004,0.30000000000000004
legacy,114,6,6,105,0.23,0.28,2.901455589471163,200,0.30000000000000004,0.30000000000000004
legacy,114,6,6,106,0.31,0.245,3.207646955396835,200,0.30000000000000004,0.30000000000000004
legacy,114,6,6,107,0.25,0.23,3.1295119989070592,200,0.30000000000000004,0.30000000000000004
legacy,114,6,6,108,0.29,0.24,3.4009424202302614,200,0.30000000000000004,0.30000000000000004
legacy,114,6,6,109,0.265,0.26,3.0996185356741415,200,0.30000000000000004,0.30000000000000004
legacy,114,6,6,110,0.275,0.24,3.1155810379003492,200,0.30000000000000004,0.30000000000000004
legacy,114,6,6,111,0.255,0.275,3.2830693356086957,200,0.30000000000000004,0.30000000000000004
legacy,114,6,6,112,0.26,0.265,3.515037455862138,200,0.30000000000000004,0.30000000000000004
legacy,114,6,6,113,0.245,0.245,2.983557710948623,200,0.30000000000000004,0.30000000000000004
legacy,114,6,6,114,0.295,0.24,3.263885021423333,200,0.30000000000000004,0.30000000000000004
legacy,114,6,6,115,0.285,0.245,3.4955202957441225,200,0.30000000000000004,0.30000000000000004
legacy,114,6,6,116,0.235,0.265,2.917652508335107,200,0.30000000000000004,0.30000000000000004
legacy,114,6,6,117,0.25,0.27,3.455420710067551,200,0.30000000000000004,0.30000000000000004
legacy,114,6,6,118,0.26,0.245,3.003203074203304,200,0.30000000000000004,0.30000000000000004
legacy,114,6,6,119,0.255,0.275,3.3501308042306768,200,0.30000000000000004,0.30000000000000004
legacy,114,6,6,120,0.25,0.28,3.264422589918023,200,0.30000000000000004,0.30000000000000004
legacy,114,6,6,121,0.28,0.245,3.549399810297505,200,0.30000000000000004,0.30000000000000004
legacy,114,6,6,122,0.215,0.27,3.0753429911940096,200,0.30000000000000004,0.30000000000000004
legacy,114,6,6,123,0.24,0.295,3.1988505928906896,200,0.30000000000000004,0.30000000000000004
legacy,114,6,6,124,0.275,0.29,3.1157236071563013,200,0.30000000000000004,0.30000000000000004
legacy,115,6,7,100,0.24,0.31,3.5145122950474192,200,0.30000000000000004,0.35000000000000003
legacy,115,6,7,101,0.295,0.245,3.2803002613491357,200,0.30000000000000004,0.35000000000000003
legacy,115,6,7,102,0.255,0.27,3.677842956989382,200,0.30000000000000004,0.35000000000000003
legacy,115,6,7,103,0.265,0.23,3.06329017366277,200,0.30000000000000004,0.35000000000000003
legacy,115,6,7,104,0.28,0.26,3.521029057548523,200,0.30000000000000004,0.35000000000000003
legacy,115,6,7,105,0.24,0.29,3.1977942192759974,200,0.30000000000000004,0.35000000000000003
legacy,115,6,7,106,0.295,0.285,3.406543529297644,200,0.30000000000000004,0.35000000000000003
legacy,115,6,7,107,0.27,0.235,3.2914156908222254,200,0.30000000000000004,0.35000000000000003
legacy,115,6,7,108,0.29,0.28,2.983756833715672,200,0.30000000000000004,0.35000000000000003
legacy,115,6,7,109,0.265,0.28,3.394330327677801,200,0.30000000000000004,0.35000000000000003
legacy,115,6,7,110,0.265,0.295,3.4071170325148468,200,0.30000000000000004,0.35000000000000003
legacy,115,6,7,111,0.255,0.295,3.35022988513467,200,0.30000000000000004,0.35000000000000003
legacy,115,6,7,112,0.25,0.3,3.6260403016753595,200,0.30000000000000004,0.35000000000000003
legacy,115,6,7,113,0.265,0.305,2.97609571288599,200,0.30000000000000004,0.35000000000000003
legacy,115,6,7,114,0.29,0.295,3.3758265766290334,200,0.30000000000000004,0.35000000000000003
legacy,115,6,7,115,0.275,0.31,3.6671978323195287,200,0.30000000000000004,0.35000000000000003
legacy,115,6,7,116,0.245,0.29,2.704671096795624,200,0.30000000000000004,0.35000000000000003
legacy,115,6,7,117,0.26,0.345,3.6062540489224104,200,0.30000000000000004,0.35000000000000003
legacy,115,6,7,118,0.265,0.315,3.0863221268155576,200,0.30000000000000004,0.35000000000000003
legacy,115,6,7,119,0.255,0.305,3.3252608999762963,200,0.30000000000000004,0.35000000000000003
legacy,115,6,7,120,0.26,0.275,3.013934653854817,200,0.30000000000000004,0.35000000000000003
legacy,115,6,7,121,0.265,0.275,3.3319895797938517,200,0.30000000000000004,0.35000000000000003
legacy,115,6,7,122,0.24,0.285,3.5551521238097816,200,0.30000000000000004,0.35000000000000003
legacy,115,6,7,123,0.25,0.32,3.1915359722715277,200,0.30000000000000004,0.35000000000000003
legacy,115,6,7,124,0.265,0.3,3.4303920970431863,200,0.30000000000000004,0.35000000000000003
legacy,116,6,8,100,0.24,0.36,3.450861500365823,200,0.30000000000000004,0.4
legacy,116,6,8,101,0.315,0.27,3.4710161618071074,200,0.30000000000000004,0.4
legacy,116,6,8,102,0.28,0.31,3.375406393517644,200,0.30000000000000004,0.4
legacy,116,6,8,103,0.265,0.285,3.416173481084122,200,0.30000000000000004,0.4
legacy,116,6,8,104,0.29,0.295,3.357738249661677,200,0.30000000000000004,0.4
legacy,116,6,8,105,0.23,0.33,3.5333752105943974,200,0.30000000000000004,0.4
legacy,116,6,8,106,0.305,0.315,3.550546108537852,200,0.30000000000000004,0.4
legacy,116,6,8,107,0.265,0.275,2.9098039043505106,200,0.30000000000000004,0.4
legacy,116,6,8,108,0.29,0.285,3.5547041201282585,200,0.30000000000000004,0.4
legacy,116,6,8,109,0.27,0.31,3.2446551204098775,200,0.30000000000000004,0.4
legacy,116,6,8,110,0.285,0.31,3.4712729840000502,200,0.30000000000000004,0.4
legacy,116,6,8,111,0.255,0.325,3.2346157406932377,200,0.30000000000000004,0.4
legacy,116,6,8,112,0.255,0.34,3.5769144530364785,200,0.30000000000000004,0.4
legacy,116,6,8,113,0.265,0.32,3.0896538116083834,200,0.30000000000000004,0.4
legacy,116,6,8,114,0.29,0.275,3.364014674957243,200,0.30000000000000004,0.4
legacy,116,6,8,115,0.27,0.305,3.744367848477347,200,0.30000000000000004,0.4
legacy,116,6,8,116,0.25,0.32,2.9118286942559526,200,0.30000000000000004,0.4
legacy,116,6,8,117,0.265,0.325,3.3873254474976897,200,0.30000000000000004,0.4
legacy,116,6,8,118,0.25,0.34,2.9760151046774683,200,0.30000000000000004,0.4
legacy,116,6,8,119,0.255,0.34,3.3272455242925982,200,0.30000000000000004,0.4
legacy,116,6,8,120,0.25,0.34,3.0369542395460587,200,0.30000000000000004,0.4
legacy,116,6,8,121,0.29,0.32,3.3103618338985905,200,0.30000000000000004,0.4
legacy,116,6,8,122,0.22,0.34,3.192792017443905,200,0.30000000000000004,0.4
legacy,116,6,8,123,0.235,0.345,3.2472252640547867,200,0.30000000000000004,0.4
legacy,116,6,8,124,0.26,0.305,3.2871532174576936,200,0.30000000000000004,0.4
legacy,117,6,9,100,0.235,0.37,3.2162028989920803,200,0.30000000000000004,0.45
legacy,117,6,9,101,0.31,0.315,3.890790129455841,200,0.30000000000000004,0.45
legacy,117,6,9,102,0.265,0.335,3.2579586196521597,200,0.30000000000000004,0.45
legacy,117,6,9,103,0.28,0.3,3.242041113788151,200,0.30000000000000004,0.45
legacy,117,6,9,104,0.285,0.295,3.53057614426433,200,0.30000000000000004,0.45
legacy,117,6,9,105,0.225,0.375,2.718087571616569,200,0.30000000000000004,0.45
legacy,117,6,9,106,0.285,0.325,3.399892891266369,200,0.30000000000000004,0.45
legacy,117,6,9,107,0.265,0.335,2.76762497058907,200,0.30000000000000004,0.45
legacy,117,6,9,108,0.3,0.33,4.008558628579284,200,0.30000000000000004,0.45
legacy,117,6,9,109,0.26,0.345,3.1524319950747923,200,0.30000000000000004,0.45
legacy,117,6,9,110,0.27,0.34,3.4925561148492075,200,0.30000000000000004,0.45
legacy,117,6,9,111,0.255,0.35,3.6776369044308264,200,0.30000000000000004,0.45
legacy,117,6,9,112,0.255,0.37,3.919538772830888,200,0.30000000000000004,0.45
legacy,117,6,9,113,0.255,0.35,3.2822124278872695,200,0.30000000000000004,0.45
legacy,117,6,9,114,0.295,0.335,3.6204172927202842,200,0.30000000000000004,0.45
legacy,117,6,9,115,0.275,0.355,3.310618129213146,200,0.30000000000000004,0.45
legacy,117,6,9,116,0.245,0.365,2.8769810019151896,200,0.30000000000000004,0.45
legacy,117,6,9,117,0.25,0.345,3.6092909038748546,200,0.30000000000000004,0.45
legacy,117,6,9,118,0.245,0.35,2.834037626709289,200,0.30000000000000004,0.45
legacy,117,6,9,119,0.25,0.365,3.1935061934109594,200,0.30000000000000004,0.45
legacy,117,6,9,120,0.265,0.395,2.925616314330913,200,0.30000000000000004,0.45
legacy,117,6,9,121,0.285,0.36,3.6575842093854103,200,0.30000000000000004,0.45
legacy,117,6,9,122,0.215,0.36,3.6180237746918955,200,0.30000000000000004,0.45
legacy,117,6,9,123,0.245,0.4,3.3282767656800343,200,0.30000000000000004,0.45
legacy,117,6,9,124,0.27,0.33,3.348342141331461,200,0.30000000000000004,0.45
legacy,118,6,10,100,0.24,0.405,3.1566508061484284,200,0.30000000000000004,0.5
legacy,118,6,10,101,0.32,0.325,4.263282132970186,200,0.30000000000000004,0.5
legacy,118,6,10,102,0.29,0.41,3.0724768920659913,200,0.30000000000000004,0.5
legacy,118,6,10,103,0.26,0.355,3.5042900819237643,200,0.30000000000000004,0.5
legacy,118,6,10,104,0.28,0.33,3.2469859221142157,200,0.30000000000000004,0.5
legacy,118,6,10,105,0.23,0.39,3.1695563758131597,200,0.30000000000000004,0.5
legacy,118,6,10,106,0.32,0.375,3.809124904381309,200,0.30000000000000004,0.5
legacy,118,6,10,107,0.26,0.355,2.783229971970194,200,0.30000000000000004,0.5
legacy,118,6,10,108,0.315,0.345,3.8351572460438104,200,0.30000000000000004,0.5
legacy,118,6,10,109,0.27,0.365,3.592309232987087,200,0.30000000000000004,0.5
legacy,118,6,10,110,0.27,0.375,3.4155560006922427,200,0.30000000000000004,0.5
legacy,118,6,10,111,0.25,0.365,3.6509929981151608,200,0.30000000000000004,0.5
legacy,118,6,10,112,0.255,0.375,3.5313559769696248,200,0.30000000000000004,0.5
legacy,118,6,10,113,0.265,0.38,3.3368116891759674,200,0.30000000000000004,0.5
legacy,118,6,10,114,0.295,0.355,3.3833794378331543,200,0.30000000000000004,0.5
legacy,118,6,10,115,0.285,0.375,3.4016658514085156,200,0.30000000000000004,0.5
legacy,118,6,10,116,0.24,0.41,2.4642626562034176,200,0.30000000000000004,0.5
legacy,118,6,10,117,0.265,0.39,3.405293004013534,200,0.30000000000000004,0.5
legacy,118,6,10,118,0.265,0.4,3.0702587163164954,200,0.30000000000000004,0.5
legacy,118,6,10,119,0.25,0.41,3.1628867798347304,200,0.30000000000000004,0.5
legacy,118,6,10,120,0.245,0.37,3.004992765039083,200,0.30000000000000004,0.5
legacy,118,6,10,121,0.26,0.39,3.4319974886184834,200,0.30000000000000004,0.5
legacy,118,6,10,122,0.24,0.425,3.7201207011858486,200,0.30000000000000004,0.5
legacy,118,6,10,123,0.245,0.41,3.390937192053384,200,0.30000000000000004,0.5
legacy,118,6,10,124,0.265,0.405,3.233037983700253,200,0.30000000000000004,0.5
legacy,119,6,11,100,0.255,0.46,3.6074177492782566,200,0.30000000000000004,0.55
legacy,119,6,11,101,0.305,0.37,3.7780234017649126,200,0.30000000000000004,0.55
legacy,119,6,11,102,0.265,0.4,3.2149400706339373,200,0.30000000000000004,0.55
legacy,119,6,11,103,0.27,0.405,3.5987530210395398,200,0.30000000000000004,0.55
legacy,119,6,11,104,0.295,0.38,3.8633481916810313,200,0.30000000000000004,0.55
legacy,119,6,11,105,0.235,0.43,2.658099549626441,200,0.30000000000000004,0.55
legacy,119,6,11,106,0.3,0.375,3.772019884050276,200,0.30000000000000004,0.55
legacy,119,6,11,107,0.26,0.4,3.1946486023847207,200,0.30000000000000004,0.55
legacy,119,6,11,108,0.305,0.405,3.672405009768303,200,0.30000000000000004,0.55
legacy,119,6,11,109,0.28,0.395,3.871217637142371,200,0.30000000000000004,0.55
legacy,119,6,11,110,0.28,0.405,3.904255891213227,200,0.30000000000000004,0.55
legacy,119,6,11,111,0.245,0.425,3.705107205980487,200,0.30000000000000004,0.55
legacy,119,6,11,112,0.265,0.425,3.408725365637029,200,0.30000000000000004,0.55
legacy,119,6,11,113,0.25,0.415,3.0964006751754956,200,0.30000000000000004,0.55
legacy,119,6,11,114,0.29,0.395,3.7463711595948235,200,0.30000000000000004,0.55
legacy,119,6,11,115,0.285,0.385,3.995110825309035,200,0.30000000000000004,0.55
legacy,119,6,11,116,0.255,0.44,2.973070352353271,200,0.30000000000000004,0.55
legacy,119,6,11,117,0.255,0.42,3.5870607602341544,200,0.30000000000000004,0.55
legacy,119,6,11,118,0.25,0.445,2.877554921223031,200,0.30000000000000004,0.55
legacy,119,6,11,119,0.26,0.42,3.728926975592227,200,0.30000000000000004,0.55
legacy,119,6,11,120,0.26,0.425,3.4067155932513162,200,0.30000000000000004,0.55
legacy,119,6,11,121,0.285,0.395,3.591184001721828,200,0.30000000000000004,0.55
legacy,119,6,11,122,0.21,0.445,3.3724504503435657,200,0.30000000000000004,0.55
legacy,119,6,11,123,0.25,0.445,3.0294387056828294,200,0.30000000000000004,0.55
legacy,119,6,11,124,0.25,0.435,3.4801019914799656,200,0.30000000000000004,0.55
legacy,120,6,12,100,0.23,0.495,3.2120617341161815,200,0.30000000000000004,0.6000000000000001
legacy,120,6,12,101,0.31,0.415,3.6074290873863997,200,0.30000000000000004,0.6000000000000001
legacy,120,6,12,102,0.275,0.445,3.734269603170445,200,0.30000000000000004,0.6000000000000001
legacy,120,6,12,103,0.255,0.43,3.8554799607491934,200,0.30000000000000004,0.6000000000000001
legacy,120,6,12,104,0.29,0.395,3.6406297701424917,200,0.30000000000000004,0.6000000000000001
legacy,120,6,12,105,0.245,0.455,3.25192854299113,200,0.30000000000000004,0.6000000000000001
legacy,120,6,12,106,0.3,0.435,3.88479328613561,200,0.30000000000000004,0.6000000000000001
legacy,120,6,12,107,0.265,0.41,3.180617956717108,200,0.30000000000000004,0.6000000000000001
legacy,120,6,12,108,0.31,0.42,3.821796966979646,200,0.30000000000000004,0.6000000000000001
legacy,120,6,12,109,0.26,0.425,3.8588075879280406,200,0.30000000000000004,0.6000000000000001
legacy,120,6,12,110,0.285,0.445,3.5932468990482347,200,0.30000000000000004,0.6000000000000001
legacy,120,6,12,111,0.25,0.45,3.3227308014929213,200,0.30000000000000004,0.6000000000000001
legacy,120,6,12,112,0.255,0.47,3.531290527430341,200,0.30000000000000004,0.6000000000000001
legacy,120,6,12,113,0.26,0.475,3.3632475982599983,200,0.30000000000000004,0.6000000000000001
legacy,120,6,12,114,0.295,0.425,3.8521657248568637,200,0.30000000000000004,0.6000000000000001
legacy,120,6,12,115,0.28,0.415,3.573986044372822,200,0.30000000000000004,0.6000000000000001
legacy,120,6,12,116,0.26,0.46,2.689315102435565,200,0.30000000000000004,0.6000000000000001
legacy,120,6,12,117,0.25,0.46,3.6219866611027887,200,0.30000000000000004,0.6000000000000001
legacy,120,6,12,118,0.255,0.46,3.440351511141208,200,0.30000000000000004,0.6000000000000001
legacy,120,6,12,119,0.255,0.44,2.8916724305917,200,0.30000000000000004,0.6000000000000001
legacy,120,6,12,120,0.25,0.46,3.779760986615689,200,0.30000000000000004,0.6000000000000001
legacy,120,6,12,121,0.295,0.415,3.621415072990415,200,0.30000000000000004,0.6000000000000001
legacy,120,6,12,122,0.205,0.485,3.5461454013625824,200,0.30000000000000004,0.6000000000000001
legacy,120,6,12,123,0.25,0.475,3.2990948134547926,200,0.30000000000000004,0.6000000000000001
legacy,120,6,12,124,0.26,0.47,3.642905216868419,200,0.30000000000000004,0.6000000000000001
legacy,121,6,13,100,0.245,0.48,3.5563763228506535,200,0.30000000000000004,0.65
legacy,121,6,13,101,0.3,0.445,4.1087225815480055,200,0.30000000000000004,0.65
legacy,121,6,13,102,0.275,0.465,3.7821478461230615,200,0.30000000000000004,0.65
legacy,121,6,13,103,0.275,0.45,3.7265324786400105,200,0.30000000000000004,0.65
legacy,121,6,13,104,0.275,0.46,3.601938350795174,200,0.30000000000000004,0.65
legacy,121,6,13,105,0.235,0.495,2.9987979376383884,200,0.30000000000000004,0.65
legacy,121,6,13,106,0.31,0.43,3.8419468256894036,200,0.30000000000000004,0.65
legacy,121,6,13,107,0.265,0.47,3.2102530023138525,200,0.30000000000000004,0.65
legacy,121,6,13,108,0.295,0.47,3.7282112818821473,200,0.30000000000000004,0.65
legacy,121,6,13,109,0.26,0.46,3.7597171663001006,200,0.30000000000000004,0.65
legacy,121,6,13,110,0.27,0.47,3.8696066455268663,200,0.30000000000000004,0.65
legacy,121,6,13,111,0.26,0.51,3.196454465248229,200,0.30000000000000004,0.65
legacy,121,6,13,112,0.255,0.495,3.825671466577515,200,0.30000000000000004,0.65
legacy,121,6,13,113,0.265,0.485,3.3719800216714146,200,0.30000000000000004,0.65
legacy,121,6,13,114,0.305,0.475,3.9671384220169967,200,0.30000000000000004,0.65
legacy,121,6,13,115,0.27,0.47,3.5716314736288477,200,0.30000000000000004,0.65
legacy,121,6,13,116,0.25,0.5,2.569446978869075,200,0.30000000000000004,0.65
legacy,121,6,13,117,0.26,0.495,3.991484003011435,200,0.30000000000000004,0.65
legacy,121,6,13,118,0.26,0.485,3.3099476097413945,200,0.30000000000000004,0.65
legacy,121,6,13,119,0.27,0.485,3.286787197547253,200,0.30000000000000004,0.65
legacy,121,6,13,120,0.275,0.48,3.279513978270971,200,0.30000000000000004,0.65
legacy,121,6,13,121,0.29,0.475,3.885771061434336,200,0.30000000000000004,0.65
legacy,121,6,13,122,0.22,0.515,3.7943917986163327,200,0.30000000000000004,0.65
legacy,121,6,13,123,0.255,0.515,3.3892851143207627,200,0.30000000000000004,0.65
legacy,121,6,13,124,0.25,0.49,3.67274186905736,200,0.30000000000000004,0.65
legacy,122,6,14,100,0.25,0.505,3.421721239271161,200,0.30000000000000004,0.7000000000000001
legacy,122,6,14,101,0.3,0.47,3.542161069527857,200,0.30000000000000004,0.7000000000000001
legacy,122,6,14,102,0.275,0.495,3.4891071565299274,200,0.30000000000000004,0.7000000000000001
legacy,122,6,14,103,0.265,0.485,4.18120837628851,200,0.30000000000000004,0.7000000000000001
legacy,122,6,14,104,0.28,0.465,3.9906098654740974,200,0.30000000000000004,0.7000000000000001
legacy,122,6,14,105,0.235,0.515,2.8921228727745865,200,0.30000000000000004,0.7000000000000001
legacy,122,6,14,106,0.32,0.47,4.08166806297906,200,0.30000000000000004,0.7000000000000001
legacy,122,6,14,107,0.27,0.5,2.8016197213217584,200,0.30000000000000004,0.7000000000000001
legacy,122,6,14,108,0.305,0.49,4.020565870613621,200,0.30000000000000004,0.7000000000000001
legacy,122,6,14,109,0.26,0.505,3.6798400136538567,200,0.30000000000000004,0.7000000000000001
legacy,122,6,14,110,0.285,0.5,3.6741695228981115,200,0.30000000000000004,0.7000000000000001
legacy,122,6,14,111,0.255,0.525,3.8384745331528007,200,0.30000000000000004,0.7000000000000001
legacy,122,6,14,112,0.255,0.52,4.063167253554965,200,0.30000000000000004,0.7000000000000001
legacy,122,6,14,113,0.27,0.53,3.367674205790406,200,0.30000000000000004,0.7000000000000001
legacy,122,6,14,114,0.295,0.49,4.013224529715661,200,0.30000000000000004,0.7000000000000001
legacy,122,6,14,115,0.28,0.5,3.6623183099402588,200,0.30000000000000004,0.7000000000000001
legacy,122,6,14,116,0.25,0.54,3.2844261782192494,200,0.30000000000000004,0.7000000000000001
legacy,122,6,14,117,0.265,0.52,4.068920157424481,200,0.30000000000000004,0.7000000000000001
legacy,122,6,14,118,0.255,0.53,3.2063903959836835,200,0.30000000000000004,0.7000000000000001
legacy,122,6,14,119,0.265,0.52,3.4798839566581945,200,0.30000000000000004,0.7000000000000001
legacy,122,6,14,120,0.27,0.515,3.812441896889882,200,0.30000000000000004,0.7000000000000001
legacy,122,6,14,121,0.285,0.48,4.146276160567968,200,0.30000000000000004,0.7000000000000001
legacy,122,6,14,122,0.22,0.565,3.3609484912980125,200,0.30000000000000004,0.7000000000000001
legacy,122,6,14,123,0.25,0.54,3.3776372013807237,200,0.30000000000000004,0.7000000000000001
legacy,122,6,14,124,0.255,0.53,3.743469482523763,200,0.30000000000000004,0.7000000000000001
legacy,123,6,15,100,0.25,0.55,3.6617558533786307,200,0.30000000000000004,0.75
legacy,123,6,15,101,0.305,0.485,4.21253922879389,200,0.30000000000000004,0.75
legacy,123,6,15,102,0.28,0.535,3.945060235131682,200,0.30000000000000004,0.75
legacy,123,6,15,103,0.265,0.5,3.608485537610511,200,0.30000000000000004,0.75
legacy,123,6,15,104,0.285,0.51,4.28341489545497,200,0.30000000000000004,0.75
legacy,123,6,15,105,0.24,0.58,3.3577777669298614,200,0.30000000000000004,0.75
legacy,123,6,15,106,0.315,0.5,4.178517883790114,200,0.30000000000000004,0.75
legacy,123,6,15,107,0.26,0.525,3.2369705372637467,200,0.30000000000000004,0.75
legacy,123,6,15,108,0.295,0.53,3.917876217627582,200,0.30000000000000004,0.75
legacy,123,6,15,109,0.26,0.53,4.388901946935719,200,0.30000000000000004,0.75
legacy,123,6,15,110,0.27,0.545,3.931083603293067,200,0.30000000000000004,0.75
legacy,123,6,15,111,0.255,0.565,3.619466579139657,200,0.30000000000000004,0.75
legacy,123,6,15,112,0.255,0.545,4.069023406538156,200,0.30000000000000004,0.75
legacy,123,6,15,113,0.265,0.555,3.3591313559889464,200,0.30000000000000004,0.75
legacy,123,6,15,114,0.29,0.52,4.3457718366381535,200,0.30000000000000004,0.75
legacy,123,6,15,115,0.28,0.535,4.219829012217688,200,0.30000000000000004,0.75
legacy,123,6,15,116,0.255,0.575,3.0304621197951396,200,0.30000000000000004,0.75
legacy,123,6,15,117,0.265,0.555,4.285497640685792,200,0.30000000000000004,0.75
legacy,123,6,15,118,0.255,0.555,3.5098058178839415,200,0.30000000000000004,0.75
legacy,123,6,15,119,0.26,0.555,3.1716720570569685,200,0.30000000000000004,0.75
legacy,123,6,15,120,0.27,0.55,3.877346380955373,200,0.30000000000000004,0.75
legacy,123,6,15,121,0.29,0.54,3.5606679311432483,200,0.30000000000000004,0.75
legacy,123,6,15,122,0.215,0.6,3.758071828998039,200,0.30000000000000004,0.75
legacy,123,6,15,123,0.25,0.585,3.584038779046617,200,0.30000000000000004,0.75
legacy,123,6,15,124,0.255,0.565,3.6966552442865686,200,0.30000000000000004,0.75
legacy,124,6,16,100,0.25,0.57,3.8737655798649824,200,0.30000000000000004,0.8
legacy,124,6,16,101,0.315,0.525,3.7540749941064537,200,0.30000000000000004,0.8
legacy,124,6,16,102,0.27,0.57,3.7401063536665786,200,0.30000000000000004,0.8
legacy,124,6,16,103,0.275,0.56,3.876050442558109,200,0.30000000000000004,0.8
legacy,124,6,16,104,0.29,0.555,4.16460641189555,200,0.30000000000000004,0.8
legacy,124,6,16,105,0.245,0.595,3.5077773566097905,200,0.30000000000000004,0.8
legacy,124,6,16,106,0.305,0.535,4.280983642625398,200,0.30000000000000004,0.8
legacy,124,6,16,107,0.27,0.56,3.367489534442734,200,0.30000000000000004,0.8
legacy,124,6,16,108,0.3,0.55,4.003859071049442,200,0.30000000000000004,0.8
legacy,124,6,16,109,0.27,0.56,4.2596392645056,200,0.30000000000000004,0.8
legacy,124,6,16,110,0.275,0.565,4.171552875722886,200,0.30000000000000004,0.8
legacy,124,6,16,111,0.255,0.585,3.705143981793293,200,0.30000000000000004,0.8
legacy,124,6,16,112,0.26,0.585,4.03803557062221,200,0.30000000000000004,0.8
legacy,124,6,16,113,0.26,0.565,2.960098203037947,200,0.30000000000000004,0.8
legacy,124,6,16,114,0.28,0.56,4.315715231818374,200,0.30000000000000004,0.8
legacy,124,6,16,115,0.285,0.555,4.2446324910065805,200,0.30000000000000004,0.8
legacy,124,6,16,116,0.245,0.62,3.0629044735588513,200,0.30000000000000004,0.8
legacy,124,6,16,117,0.275,0.585,4.771660715048492,200,0.30000000000000004,0.8
legacy,124,6,16,118,0.26,0.59,3.303586623285002,200,0.30000000000000004,0.8
legacy,124,6,16,119,0.27,0.595,3.293694212282486,200,0.30000000000000004,0.8
legacy,124,6,16,120,0.265,0.58,3.5340728642123964,200,0.30000000000000004,0.8
legacy,124,6,16,121,0.29,0.565,4.587939714419247,200,0.30000000000000004,0.8
legacy,124,6,16,122,0.21,0.655,3.8655561686817577,200,0.30000000000000004,0.8
legacy,124,6,16,123,0.245,0.615,3.7548701453769184,200,0.30000000000000004,0.8
legacy,124,6,16,124,0.255,0.595,4.284792236368997,200,0.30000000000000004,0.8
legacy,125,6,17,100,0.25,0.6,3.605869707067268,200,0.30000000000000004,0.8500000000000001
legacy,125,6,17,101,0.305,0.56,3.930750772033424,200,0.30000000000000004,0.8500000000000001
legacy,125,6,17,102,0.27,0.6,4.279180515106182,200,0.30000000000000004,0.8500000000000001
legacy,125,6,17,103,0.27,0.59,4.356562232607251,200,0.30000000000000004,0.8500000000000001
legacy,125,6,17,104,0.28,0.59,4.486041337827296,200,0.30000000000000004,0.8500000000000001
legacy,125,6,17,105,0.24,0.65,3.9862725115618387,200,0.30000000000000004,0.8500000000000001
legacy,125,6,17,106,0.305,0.58,4.326249032427841,200,0.30000000000000004,0.8500000000000001
legacy,125,6,17,107,0.27,0.6,3.4563363614077875,200,0.30000000000000004,0.8500000000000001
legacy,125,6,17,108,0.3,0.57,4.698496391356584,200,0.30000000000000004,0.8500000000000001
legacy,125,6,17,109,0.27,0.6,4.068513233148504,200,0.30000000000000004,0.8500000000000001
legacy,125,6,17,110,0.275,0.615,4.454544545900095,200,0.30000000000000004,0.8500000000000001
legacy,125,6,17,111,0.255,0.625,4.242526170492605,200,0.30000000000000004,0.8500000000000001
legacy,125,6,17,112,0.255,0.63,4.055330500487186,200,0.30000000000000004,0.8500000000000001
legacy,125,6,17,113,0.26,0.61,3.738677183919929,200,0.30000000000000004,0.8500000000000001
legacy,125,6,17,114,0.295,0.595,4.3698419880755175,200,0.30000000000000004,0.8500000000000001
legacy,125,6,17,115,0.27,0.625,4.191387446413594,200,0.30000000000000004,0.8500000000000001
legacy,125,6,17,116,0.25,0.64,3.70864331765799,200,0.30000000000000004,0.8500000000000001
legacy,125,6,17,117,0.265,0.615,4.2771787127886265,200,0.30000000000000004,0.8500000000000001
legacy,125,6,17,118,0.26,0.625,4.158842622495264,200,0.30000000000000004,0.8500000000000001
legacy,125,6,17,119,0.26,0.625,4.038160762948171,200,0.30000000000000004,0.8500000000000001
legacy,125,6,17,120,0.27,0.625,4.2491401211851505,200,0.30000000000000004,0.8500000000000001
legacy,125,6,17,121,0.295,0.6,4.231696743665654,200,0.30000000000000004,0.8500000000000001
legacy,125,6,17,122,0.21,0.68,4.26414774902557,200,0.30000000000000004,0.8500000000000001
legacy,125,6,17,123,0.245,0.65,3.6897957219246815,200,0.30000000000000004,0.8500000000000001
legacy,125,6,17,124,0.255,0.64,4.183224041359593,200,0.30000000000000004,0.8500000000000001
legacy,126,7,0,100,0.285,0.065,3.040217491684651,200,0.35000000000000003,0.0
legacy,126,7,0,101,0.31,0.05,3.6865312696038575,200,0.35000000000000003,0.0
legacy,126,7,0,102,0.315,0.085,3.6066056701182934,200,0.35000000000000003,0.0
legacy,126,7,0,103,0.315,0.055,3.9045974553500002,200,0.35000000000000003,0.0
legacy,126,7,0,104,0.34,0.055,3.6890159968749634,200,0.35000000000000003,0.0
legacy,126,7,0,105,0.275,0.035,3.5200980123934493,200,0.35000000000000003,0.0
legacy,126,7,0,106,0.325,0.07,3.2024116664763813,200,0.35000000000000003,0.0
legacy,126,7,0,107,0.35,0.06,2.930600122807452,200,0.35000000000000003,0.0
legacy,126,7,0,108,0.365,0.035,4.0235012064141635,200,0.35000000000000003,0.0
legacy,126,7,0,109,0.26,0.065,2.7570371901361215,200,0.35000000000000003,0.0
legacy,126,7,0,110,0.32,0.065,3.579244606658607,200,0.35000000000000003,0.0
legacy,126,7,0,111,0.3,0.055,2.9702062359289734,200,0.35000000000000003,0.0
legacy,126,7,0,112,0.28,0.07,3.351630717688262,200,0.35000000000000003,0.0
legacy,126,7,0,113,0.285,0.085,2.8935477703200125,200,0.35000000000000003,0.0
legacy,126,7,0,114,0.34,0.04,3.722461553518583,200,0.35000000000000003,0.0
legacy,126,7,0,115,0.28,0.05,3.302697819345917,200,0.35000000000000003,0.0
legacy,126,7,0,116,0.345,0.075,3.6141821481342595,200,0.35000000000000003,0.0
legacy,126,7,0,117,0.355,0.07,3.4079873115765213,200,0.35000000000000003,0.0
legacy,126,7,0,118,0.325,0.105,3.484545854194528,200,0.35000000000000003,0.0
legacy,126,7,0,119,0.365,0.09,3.4371267201388247,200,0.35000000000000003,0.0
legacy,126,7,0,120,0.375,0.095,3.392068827960769,200,0.35000000000000003,0.0
legacy,126,7,0,121,0.285,0.065,2.93267685107203,200,0.35000000000000003,0.0
legacy,126,7,0,122,0.295,0.07,2.9957316673454693,200,0.35000000000000003,0.0
legacy,126,7,0,123,0.315,0.075,3.436985523014335,200,0.35000000000000003,0.0
legacy,126,7,0,124,0.285,0.12,3.310657713199447,200,0.35000000000000003,0.0
legacy,127,7,1,100,0.275,0.07,3.094579180466801,200,0.35000000000000003,0.05
legacy,127,7,1,101,0.31,0.06,3.554008197320313,200,0.35000000000000003,0.05
legacy,127,7,1,102,0.305,0.075,3.351639421914172,200,0.35000000000000003,0.05
legacy,127,7,1,103,0.315,0.075,4.0904938393123125,200,0.35000000000000003,0.05
legacy,127,7,1,104,0.37,0.075,4.008232087387665,200,0.35000000000000003,0.05
legacy,127,7,1,105,0.27,0.075,3.1954755956122325,200,0.35000000000000003,0.05
legacy,127,7,1,106,0.33,0.115,2.941420986337413,200,0.35000000000000003,0.05
legacy,127,7,1,107,0.345,0.1,3.240173392709128,200,0.35000000000000003,0.05
legacy,127,7,1,108,0.375,0.07,3.509502924057264,200,0.35000000000000003,0.05
legacy,127,7,1,109,0.275,0.085,2.791803775635376,200,0.35000000000000003,0.05
legacy,127,7,1,110,0.33,0.08,3.5707180593544354,200,0.35000000000000003,0.05
legacy,127,7,1,111,0.285,0.09,3.0493608766373472,200,0.35000000000000003,0.05
legacy,127,7,1,112,0.275,0.115,3.1963275547867847,200,0.35000000000000003,0.05
legacy,127,7,1,113,0.285,0.09,3.0107502988984196,200,0.35000000000000003,0.05
legacy,127,7,1,114,0.38,0.06,3.264607010261757,200,0.35000000000000003,0.05
legacy,127,7,1,115,0.315,0.07,3.2659877936497694,200,0.35000000000000003,0.05
legacy,127,7,1,116,0.33,0.11,3.444331486486387,200,0.35000000000000003,0.05
legacy,127,7,1,117,0.335,0.09,3.4370859640207607,200,0.35000000000000003,0.05
legacy,127,7,1,118,0.3,0.1,3.19204830475329,200,0.35000000000000003,0.05
legacy,127,7,1,119,0.32,0.105,3.3645416503059598,200,0.35000000000000003,0.05
legacy,127,7,1,120,0.37,0.125,3.3204332423578724,200,0.35000000000000003,0.05
legacy,127,7,1,121,0.275,0.08,2.8457295684792054,200,0.35000000000000003,0.05
legacy,127,7,1,122,0.275,0.095,2.6803510177608634,200,0.35000000000000003,0.05
legacy,127,7,1,123,0.325,0.14,3.42167925794599,200,0.35000000000000003,0.05
legacy,127,7,1,124,0.285,0.115,3.463523590953878,200,0.35000000000000003,0.05
legacy,128,7,2,100,0.28,0.15,3.260883420873833,200,0.35000000000000003,0.1
legacy,128,7,2,101,0.315,0.1,3.717625201094005,200,0.35000000000000003,0.1
legacy,128,7,2,102,0.315,0.145,3.388895384410836,200,0.35000000000000003,0.1
legacy,128,7,2,103,0.31,0.11,3.843772009276249,200,0.35000000000000003,0.1
legacy,128,7,2,104,0.34,0.055,3.7492654758040658,200,0.35000000000000003,0.1
legacy,128,7,2,105,0.29,0.12,3.320103158234046,200,0.35000000000000003,0.1
legacy,128,7,2,106,0.34,0.125,3.3950676582860484,200,0.35000000000000003,0.1
legacy,128,7,2,107,0.34,0.13,3.3374114217650774,200,0.35000000000000003,0.1
legacy,128,7,2,108,0.39,0.105,3.450561141608172,200,0.35000000000000003,0.1
legacy,128,7,2,109,0.27,0.1,2.8110231353428277,200,0.35000000000000003,0.1
legacy,128,7,2,110,0.29,0.12,3.4706940401818325,200,0.35000000000000003,0.1
legacy,128,7,2,111,0.285,0.15,3.187510725027453,200,0.35000000000000003,0.1
legacy,128,7,2,112,0.285,0.12,3.3226202073912647,200,0.35000000000000003,0.1
legacy,128,7,2,113,0.275,0.155,3.0968356033764515,200,0.35000000000000003,0.1
legacy,128,7,2,114,0.365,0.085,3.7867207263283893,200,0.35000000000000003,0.1
legacy,128,7,2,115,0.315,0.13,3.379793179883502,200,0.35000000000000003,0.1
legacy,128,7,2,116,0.365,0.17,3.575645455123838,200,0.35000000000000003,0.1
legacy,128,7,2,117,0.34,0.13,3.7621983530484417,200,0.35000000000000003,0.1
legacy,128,7,2,118,0.31,0.135,3.3713010821637592,200,0.35000000000000003,0.1
legacy,128,7,2,119,0.345,0.165,3.53081889800019,200,0.35000000000000003,0.1
legacy,128,7,2,120,0.38,0.14,3.3527218587471714,200,0.35000000000000003,0.1
legacy,128,7,2,121,0.28,0.14,2.9855829820015556,200,0.35000000000000003,0.1
legacy,128,7,2,122,0.285,0.13,2.715049321470868,200,0.35000000000000003,0.1
legacy,128,7,2,123,0.325,0.155,3.1537352456659256,200,0.35000000000000003,0.1
legacy,128,7,2,124,0.295,0.14,3.6201458150675556,200,0.35000000000000003,0.1
legacy,129,7,3,100,0.295,0.165,3.0907247393571775,200,0.35000000000000003,0.15000000000000002
legacy,129,7,3,101,0.29,0.11,3.7350448393805435,200,0.35000000000000003,0.15000000000000002
legacy,129,7,3,102,0.285,0.13,3.3067381700974647,200,0.35000000000000003,0.15000000000000002
legacy,129,7,3,103,0.305,0.145,3.3123337373953636,200,0.35000000000000003,0.15000000000000002
legacy,129,7,3,104,0.35,0.13,3.36007554523114,200,0.35000000000000003,0.15000000000000002
legacy,129,7,3,105,0.28,0.12,3.803001833294616,200,0.35000000000000003,0.15000000000000002
legacy,129,7,3,106,0.325,0.155,3.4571183005043116,200,0.35000000000000003,0.15000000000000002
legacy,129,7,3,107,0.32,0.15,2.9626172737252032,200,0.35000000000000003,0.15000000000000002
legacy,129,7,3,108,0.375,0.135,3.742505965015639,200,0.35000000000000003,0.15000000000000002
legacy,129,7,3,109,0.275,0.105,2.723035357748379,200,0.35000000000000003,0.15000000000000002
legacy,129,7,3,110,0.32,0.155,3.0654966902293794,200,0.35000000000000003,0.15000000000000002
legacy,129,7,3,111,0.305,0.165,2.8124254615005255,200,0.35000000000000003,0.15000000000000002
legacy,129,7,3,112,0.315,0.14,3.161263541391855,200,0.35000000000000003,0.15000000000000002
legacy,129,7,3,113,0.275,0.16,3.344641929142718,200,0.35000000000000003,0.15000000000000002
legacy,129,7,3,114,0.36,0.135,3.904724044894709,200,0.35000000000000003,0.15000000000000002
legacy,129,7,3,115,0.305,0.125,3.306561364130747,200,0.35000000000000003,0.15000000000000002
legacy,129,7,3,116,0.34,0.16,3.2764954409179166,200,0.35000000000000003,0.15000000000000002
legacy,129,7,3,117,0.345,0.155,3.411214050786473,200,0.35000000000000003,0.15000000000000002
legacy,129,7,3,118,0.33,0.18,3.529962976903492,200,0.35000000000000003,0.15000000000000002
legacy,129,7,3,119,0.35,0.19,3.1667867326309977,200,0.35000000000000003,0.15000000000000002
legacy,129,7,3,120,0.38,0.16,3.5216413020190007,200,0.35000000000000003,0.15000000000000002
legacy,129,7,3,121,0.275,0.175,3.153852449401937,200,0.35000000000000003,0.15000000000000002
legacy,129,7,3,122,0.27,0.16,3.090442918522791,200,0.35000000000000003,0.15000000000000002
legacy,129,7,3,123,0.31,0.155,3.3202592043246706,200,0.35000000000000003,0.15000000000000002
legacy,129,7,3,124,0.275,0.175,3.2248013673390874,200,0.35000000000000003,0.15000000000000002
legacy,130,7,4,100,0.29,0.18,3.277047286226365,200,0.35000000000000003,0.2
legacy,130,7,4,101,0.31,0.155,3.7978763497052173,200,0.35000000000000003,0.2
legacy,130,7,4,102,0.315,0.195,3.343996740788055,200,0.35000000000000003,0.2
legacy,130,7,4,103,0.31,0.175,3.3270312007003877,200,0.35000000000000003,0.2
legacy,130,7,4,104,0.345,0.135,3.317783910934491,200,0.35000000000000003,0.2
legacy,130,7,4,105,0.3,0.165,3.781905661339199,200,0.35000000000000003,0.2
legacy,130,7,4,106,0.345,0.205,3.5482348775252217,200,0.35000000000000003,0.2
legacy,130,7,4,107,0.345,0.195,3.496573425861966,200,0.35000000000000003,0.2
legacy,130,7,4,108,0.385,0.15,3.8315129520893056,200,0.35000000000000003,0.2
legacy,130,7,4,109,0.3,0.175,3.3576035346707833,200,0.35000000000000003,0.2
legacy,130,7,4,110,0.32,0.155,3.6360648662153174,200,0.35000000000000003,0.2
legacy,130,7,4,111,0.285,0.19,3.3508279233389895,200,0.35000000000000003,0.2
legacy,130,7,4,112,0.3,0.215,3.4675423348270726,200,0.35000000000000003,0.2
legacy,130,7,4,113,0.29,0.2,3.2275037890342877,200,0.35000000000000003,0.2
legacy,130,7,4,114,0.35,0.155,3.615236100698176,200,0.35000000000000003,0.2
legacy,130,7,4,115,0.305,0.195,3.4997523625767553,200,0.35000000000000003,0.2
legacy,130,7,4,116,0.365,0.195,3.617943131905436,200,0.35000000000000003,0.2
legacy,130,7,4,117,0.345,0.195,3.6053556754780107,200,0.35000000000000003,0.2
legacy,130,7,4,118,0.315,0.21,3.266799404590662,200,0.35000000000000003,0.2
legacy,130,7,4,119,0.37,0.195,3.684518312799041,200,0.35000000000000003,0.2
legacy,130,7,4,120,0.375,0.17,3.6457535830993906,200,0.35000000000000003,0.2
legacy,130,7,4,121,0.275,0.195,3.4465506421019,200,0.35000000000000003,0.2
legacy,130,7,4,122,0.275,0.21,3.3059862335947785,200,0.35000000000000003,0.2
legacy,130,7,4,123,0.32,0.19,3.6778017578813023,200,0.35000000000000003,0.2
legacy,130,7,4,124,0.275,0.215,3.2385209749328054,200,0.35000000000000003,0.2
legacy,131,7,5,100,0.28,0.215,3.0382690894350914,200,0.35000000000000003,0.25
legacy,131,7,5,101,0.31,0.185,3.274375270702977,200,0.35000000000000003,0.25
legacy,131,7,5,102,0.315,0.215,3.3274296861879007,200,0.35000000000000003,0.25
legacy,131,7,5,103,0.32,0.17,3.4312074891615088,200,0.35000000000000003,0.25
legacy,131,7,5,104,0.38,0.155,2.9852741821844884,200,0.35000000000000003,0.25
legacy,131,7,5,105,0.295,0.21,3.314473314172071,200,0.35000000000000003,0.25
legacy,131,7,5,106,0.32,0.23,3.5054133807560186,200,0.35000000000000003,0.25
legacy,131,7,5,107,0.325,0.22,3.4523708992691615,200,0.35000000000000003,0.25
legacy,131,7,5,108,0.375,0.165,3.7767938380648105,200,0.35000000000000003,0.25
legacy,131,7,5,109,0.285,0.205,3.1359223098408093,200,0.35000000000000003,0.25
legacy,131,7,5,110,0.31,0.185,3.427494256787966,200,0.35000000000000003,0.25
legacy,131,7,5,111,0.3,0.22,3.121424550200241,200,0.35000000000000003,0.25
legacy,131,7,5,112,0.305,0.24,3.2811461326420037,200,0.35000000000000003,0.25
legacy,131,7,5,113,0.285,0.215,3.2358606096304334,200,0.35000000000000003,0.25
legacy,131,7,5,114,0.355,0.175,3.415997701861952,200,0.35000000000000003,0.25
legacy,131,7,5,115,0.32,0.22,3.5192533866605102,200,0.35000000000000003,0.25
legacy,131,7,5,116,0.36,0.22,3.4567718295779764,200,0.35000000000000003,0.25
legacy,131,7,5,117,0.345,0.23,3.2901871890661663,200,0.35000000000000003,0.25
legacy,131,7,5,118,0.33,0.23,3.282660108501282,200,0.35000000000000003,0.25
legacy,131,7,5,119,0.35,0.205,3.8179700058454493,200,0.35000000000000003,0.25
legacy,131,7,5,120,0.385,0.22,3.3863129554395575,200,0.35000000000000003,0.25
legacy,131,7,5,121,0.3,0.23,3.2090988869765638,200,0.35000000000000003,0.25
legacy,131,7,5,122,0.295,0.245,3.629994074724223,200,0.35000000000000003,0.25
legacy,131,7,5,123,0.305,0.23,3.4584630008833943,200,0.35000000000000003,0.25
legacy,131,7,5,124,0.275,0.26,3.185732919694809,200,0.35000000000000003,0.25
legacy,132,7,6,100,0.295,0.24,3.165935282625046,200,0.35000000000000003,0.30000000000000004
legacy,132,7,6,101,0.325,0.2,3.2988645639530954,200,0.35000000000000003,0.30000000000000004
legacy,132,7,6,102,0.295,0.255,3.225146454450852,200,0.35000000000000003,0.30000000000000004
legacy,132,7,6,103,0.3,0.215,3.2655999969004497,200,0.35000000000000003,0.30000000000000004
legacy,132,7,6,104,0.35,0.19,3.4064366103809935,200,0.35000000000000003,0.30000000000000004
legacy,132,7,6,105,0.295,0.225,3.3642747855647843,200,0.35000000000000003,0.30000000000000004
legacy,132,7,6,106,0.33,0.275,3.4273737445703443,200,0.35000000000000003,0.30000000000000004
legacy,132,7,6,107,0.33,0.255,3.488135652060095,200,0.35000000000000003,0.30000000000000004
legacy,132,7,6,108,0.39,0.21,3.636316451630793,200,0.35000000000000003,0.30000000000000004
legacy,132,7,6,109,0.3,0.215,3.42835493558098,200,0.35000000000000003,0.30000000000000004
legacy,132,7,6,110,0.325,0.24,3.393201161944174,200,0.35000000000000003,0.30000000000000004
legacy,132,7,6,111,0.285,0.24,2.6124090743285273,200,0.35000000000000003,0.30000000000000004
legacy,132,7,6,112,0.28,0.26,3.667280213049489,200,0.35000000000000003,0.30000000000000004
legacy,132,7,6,113,0.295,0.29,3.3561338905644296,200,0.35000000000000003,0.30000000000000004
legacy,132,7,6,114,0.365,0.225,2.993509278438339,200,0.35000000000000003,0.30000000000000004
legacy,132,7,6,115,0.315,0.245,3.4909625119122314,200,0.35000000000000003,0.30000000000000004
legacy,132,7,6,116,0.335,0.255,3.3817515816310117,200,0.35000000000000003,0.30000000000000004
legacy,132,7,6,117,0.32,0.245,3.582098514537157,200,0.35000000000000003,0.30000000000000004
legacy,132,7,6,118,0.31,0.275,3.092526955490702,200,0.35000000000000003,0.30000000000000004
legacy,132,7,6,119,0.35,0.26,3.7084179940002735,200,0.35000000000000003,0.30000000000000004
legacy,132,7,6,120,0.39,0.24,2.9967277166596715,200,0.35000000000000003,0.30000000000000004
legacy,132,7,6,121,0.29,0.245,3.365998307658618,200,0.35000000000000003,0.30000000000000004
legacy,132,7,6,122,0.28,0.245,3.6539162200656166,200,0.35000000000000003,0.30000000000000004
legacy,132,7,6,123,0.325,0.215,3.698788749487318,200,0.35000000000000003,0.30000000000000004
legacy,132,7,6,124,0.255,0.295,3.293981370989506,200,0.35000000000000003,0.30000000000000004
legacy,133,7,7,100,0.25,0.28,2.8022588683709286,200,0.35000000000000003,0.35000000000000003
legacy,133,7,7,101,0.295,0.24,3.0711315102534424,200,0.35000000000000003,0.35000000000000003
legacy,133,7,7,102,0.315,0.25,3.811170007616397,200,0.35000000000000003,0.35000000000000003
legacy,133,7,7,103,0.325,0.205,3.4196391239991737,200,0.35000000000000003,0.35000000000000003
legacy,133,7,7,104,0.35,0.235,2.804200636571488,200,0.35000000000000003,0.35000000000000003
legacy,133,7,7,105,0.295,0.255,3.7451214434038365,200,0.35000000000000003,0.35000000000000003
legacy,133,7,7,106,0.33,0.265,3.8594428885668703,200,0.35000000000000003,0.35000000000000003
legacy,133,7,7,107,0.335,0.28,3.925790858363101,200,0.35000000000000003,0.35000000000000003
legacy,133,7,7,108,0.395,0.195,4.0666227747573265,200,0.35000000000000003,0.35000000000000003
legacy,133,7,7,109,0.29,0.25,3.5064356963564114,200,0.35000000000000003,0.35000000000000003
legacy,133,7,7,110,0.325,0.25,3.9544595893456096,200,0.35000000000000003,0.35000000000000003
legacy,133,7,7,111,0.28,0.275,2.938457432811085,200,0.35000000000000003,0.35000000000000003
legacy,133,7,7,112,0.3,0.29,3.1335610639818845,200,0.35000000000000003,0.35000000000000003
legacy,133,7,7,113,0.275,0.265,3.4780927796265377,200,0.35000000000000003,0.35000000000000003
legacy,133,7,7,114,0.355,0.24,3.013346120331473,200,0.35000000000000003,0.35000000000000003
legacy,133,7,7,115,0.315,0.275,3.7992422529329275,200,0.35000000000000003,0.35000000000000003
legacy,133,7,7,116,0.35,0.28,2.925629086395469,200,0.35000000000000003,0.35000000000000003
legacy,133,7,7,117,0.34,0.27,3.773981757095761,200,0.35000000000000003,0.35000000000000003
legacy,133,7,7,118,0.315,0.285,3.3067939107583464,200,0.35000000000000003,0.35000000000000003
legacy,133,7,7,119,0.36,0.315,4.050340440027082,200,0.35000000000000003,0.35000000000000003
legacy,133,7,7,120,0.365,0.245,3.029673859341811,200,0.35000000000000003,0.35000000000000003
legacy,133,7,7,121,0.275,0.29,3.4588401023645066,200,0.35000000000000003,0.35000000000000003
legacy,133,7,7,122,0.29,0.32,3.7825024494060546,200,0.35000000000000003,0.35000000000000003
legacy,133,7,7,123,0.325,0.255,3.3693489581885654,200,0.35000000000000003,0.35000000000000003
legacy,133,7,7,124,0.26,0.32,3.2512400324806516,200,0.35000000000000003,0.35000000000000003
legacy,134,7,8,100,0.3,0.325,3.243162693176938,200,0.35000000000000003,0.4
legacy,134,7,8,101,0.305,0.255,3.565459693046591,200,0.35000000000000003,0.4
legacy,134,7,8,102,0.3,0.32,3.4035879041561214,200,0.35000000000000003,0.4
legacy,134,7,8,103,0.315,0.255,3.4994927512822915,200,0.35000000000000003,0.4
legacy,134,7,8,104,0.365,0.26,2.6263777825000734,200,0.35000000000000003,0.4
legacy,134,7,8,105,0.295,0.285,3.3441583838439954,200,0.35000000000000003,0.4
legacy,134,7,8,106,0.325,0.295,3.4915497985344097,200,0.35000000000000003,0.4
legacy,134,7,8,107,0.33,0.295,3.862336365060697,200,0.35000000000000003,0.4
legacy,134,7,8,108,0.395,0.23,4.14038587036191,200,0.35000000000000003,0.4
legacy,134,7,8,109,0.305,0.26,3.1822492761145473,200,0.35000000000000003,0.4
legacy,134,7,8,110,0.325,0.27,3.4514881539381697,200,0.35000000000000003,0.4
legacy,134,7,8,111,0.29,0.32,2.8469806580356862,200,0.35000000000000003,0.4
legacy,134,7,8,112,0.305,0.3,3.6208509877805692,200,0.35000000000000003,0.4
legacy,134,7,8,113,0.28,0.3,3.404219305191948,200,0.35000000000000003,0.4
legacy,134,7,8,114,0.375,0.27,3.556586549400771,200,0.35000000000000003,0.4
legacy,134,7,8,115,0.31,0.295,3.7055772327385506,200,0.35000000000000003,0.4
legacy,134,7,8,116,0.33,0.28,3.258099900128533,200,0.35000000000000003,0.4
legacy,134,7,8,117,0.325,0.31,3.813862635767442,200,0.35000000000000003,0.4
legacy,134,7,8,118,0.315,0.325,2.87136918656805,200,0.35000000000000003,0.4
legacy,134,7,8,119,0.35,0.305,3.7823821137968903,200,0.35000000000000003,0.4
legacy,134,7,8,120,0.38,0.29,3.20666849407168,200,0.35000000000000003,0.4
legacy,134,7,8,121,0.27,0.34,3.4228929600142153,200,0.35000000000000003,0.4
legacy,134,7,8,122,0.28,0.34,3.4865169168634007,200,0.35000000000000003,0.4
legacy,134,7,8,123,0.315,0.265,3.4109807693328262,200,0.35000000000000003,0.4
legacy,134,7,8,124,0.285,0.37,3.2232048105538262,200,0.35000000000000003,0.4
legacy,135,7,9,100,0.29,0.34,3.433187386850044,200,0.35000000000000003,0.45
legacy,135,7,9,101,0.315,0.285,3.650303818707198,200,0.35000000000000003,0.45
legacy,135,7,9,102,0.295,0.355,3.4948908979035376,200,0.35000000000000003,0.45
legacy,135,7,9,103,0.33,0.31,3.4354914759716753,200,0.35000000000000003,0.45
legacy,135,7,9,104,0.365,0.275,2.9232231164291,200,0.35000000000000003,0.45
legacy,135,7,9,105,0.295,0.345,3.65192281768376,200,0.35000000000000003,0.45
legacy,135,7,9,106,0.34,0.345,3.4012334501341037,200,0.35000000000000003,0.45
legacy,135,7,9,107,0.32,0.315,3.1510745128193105,200,0.35000000000000003,0.45
legacy,135,7,9,108,0.385,0.275,3.861989236230836,200,0.35000000000000003,0.45
legacy,135,7,9,109,0.305,0.285,3.75845237943205,200,0.35000000000000003,0.45
legacy,135,7,9,110,0.33,0.3,3.763022643496643,200,0.35000000000000003,0.45
legacy,135,7,9,111,0.295,0.37,2.804787752890413,200,0.35000000000000003,0.45
legacy,135,7,9,112,0.29,0.315,3.627518620673412,200,0.35000000000000003,0.45
legacy,135,7,9,113,0.28,0.345,3.4466138700276376,200,0.35000000000000003,0.45
legacy,135,7,9,114,0.36,0.305,3.2448483515480957,200,0.35000000000000003,0.45
legacy,135,7,9,115,0.285,0.33,3.9239822415375496,200,0.35000000000000003,0.45
legacy,135,7,9,116,0.35,0.315,2.821654439160239,200,0.35000000000000003,0.45
legacy,135,7,9,117,0.36,0.34,3.9182717715125106,200,0.35000000000000003,0.45
legacy,135,7,9,118,0.32,0.36,3.1550448352560854,200,0.35000000000000003,0.45
legacy,135,7,9,119,0.33,0.33,3.4885679327230257,200,0.35000000000000003,0.45
legacy,135,7,9,120,0.38,0.31,2.8050687171373356,200,0.35000000000000003,0.45
legacy,135,7,9,121,0.285,0.35,3.52241252989322,200,0.35000000000000003,0.45
legacy,135,7,9,122,0.28,0.365,3.345070558809305,200,0.35000000000000003,0.45
legacy,135,7,9,123,0.33,0.325,3.412690197112032,200,0.35000000000000003,0.45
legacy,135,7,9,124,0.27,0.39,3.0741040548847844,200,0.35000000000000003,0.45
legacy,136,7,10,100,0.29,0.37,3.293062232188828,200,0.35000000000000003,0.5
legacy,136,7,10,101,0.32,0.31,3.103600768231333,200,0.35000000000000003,0.5
legacy,136,7,10,102,0.3,0.39,3.6921380507320034,200,0.35000000000000003,0.5
legacy,136,7,10,103,0.315,0.32,3.3822747608037185,200,0.35000000000000003,0.5
legacy,136,7,10,104,0.36,0.315,2.5130605570887123,200,0.35000000000000003,0.5
legacy,136,7,10,105,0.295,0.32,3.4357273602017466,200,0.35000000000000003,0.5
legacy,136,7,10,106,0.32,0.365,3.4884277336198037,200,0.35000000000000003,0.5
legacy,136,7,10,107,0.35,0.33,3.7103265516430395,200,0.35000000000000003,0.5
legacy,136,7,10,108,0.395,0.3,3.841479593938577,200,0.35000000000000003,0.5
legacy,136,7,10,109,0.305,0.32,3.4747642275119723,200,0.35000000000000003,0.5
legacy,136,7,10,110,0.32,0.35,3.5314437765886657,200,0.35000000000000003,0.5
legacy,136,7,10,111,0.29,0.38,2.6094613547453833,200,0.35000000000000003,0.5
legacy,136,7,10,112,0.3,0.335,3.4765580373898315,200,0.35000000000000003,0.5
legacy,136,7,10,113,0.285,0.365,4.203539045837418,200,0.35000000000000003,0.5
legacy,136,7,10,114,0.35,0.355,3.468566147347608,200,0.35000000000000003,0.5
legacy,136,7,10,115,0.315,0.37,3.801271348354264,200,0.35000000000000003,0.5
legacy,136,7,10,116,0.34,0.365,3.1022844328160977,200,0.35000000000000003,0.5
legacy,136,7,10,117,0.32,0.355,3.7381101669699435,200,0.35000000000000003,0.5
legacy,136,7,10,118,0.33,0.375,3.2340124324713178,200,0.35000000000000003,0.5
legacy,136,7,10,119,0.355,0.36,4.199897200841419,200,0.35000000000000003,0.5
legacy,136,7,10,120,0.36,0.325,3.1445221500521474,200,0.35000000000000003,0.5
legacy,136,7,10,121,0.285,0.4,3.4047908981794626,200,0.35000000000000003,0.5
legacy,136,7,10,122,0.305,0.4,3.660997570253546,200,0.35000000000000003,0.5
legacy,136,7,10,123,0.32,0.365,3.5742778777900663,200,0.35000000000000003,0.5
legacy,136,7,10,124,0.25,0.41,3.2260368142157527,200,0.35000000000000003,0.5
legacy,137,7,11,100,0.3,0.415,3.9563384872033747,200,0.35000000000000003,0.55
legacy,137,7,11,101,0.315,0.355,3.452356586661208,200,0.35000000000000003,0.55
legacy,137,7,11,102,0.305,0.405,3.4838103279160695,200,0.35000000000000003,0.55
legacy,137,7,11,103,0.33,0.355,3.7932122175793186,200,0.35000000000000003,0.55
legacy,137,7,11,104,0.36,0.35,3.1086986745156135,200,0.35000000000000003,0.55
legacy,137,7,11,105,0.315,0.36,3.6831015543757086,200,0.35000000000000003,0.55
legacy,137,7,11,106,0.32,0.385,3.8864678117195757,200,0.35000000000000003,0.55
legacy,137,7,11,107,0.335,0.345,3.922720883502844,200,0.35000000000000003,0.55
legacy,137,7,11,108,0.395,0.315,3.638753763462162,200,0.35000000000000003,0.55
legacy,137,7,11,109,0.3,0.36,3.663225265717791,200,0.35000000000000003,0.55
legacy,137,7,11,110,0.33,0.36,4.149830043669075,200,0.35000000000000003,0.55
legacy,137,7,11,111,0.28,0.425,2.4518864822689417,200,0.35000000000000003,0.55
legacy,137,7,11,112,0.29,0.385,3.406505480919735,200,0.35000000000000003,0.55
legacy,137,7,11,113,0.285,0.42,3.4348325437654252,200,0.35000000000000003,0.55
legacy,137,7,11,114,0.355,0.365,3.1299490042417784,200,0.35000000000000003,0.55
legacy,137,7,11,115,0.305,0.4,4.1189931366014525,200,0.35000000000000003,0.55
legacy,137,7,11,116,0.345,0.37,2.9655791460651892,200,0.35000000000000003,0.55
legacy,137,7,11,117,0.335,0.365,3.7817596423493764,200,0.35000000000000003,0.55
legacy,137,7,11,118,0.31,0.395,2.780854004625601,200,0.35000000000000003,0.55
legacy,137,7,11,119,0.36,0.4,3.748797302120485,200,0.35000000000000003,0.55
legacy,137,7,11,120,0.35,0.37,3.2043993541339146,200,0.35000000000000003,0.55
legacy,137,7,11,121,0.285,0.42,3.8813017107488474,200,0.35000000000000003,0.55
legacy,137,7,11,122,0.28,0.415,3.7585467363717684,200,0.35000000000000003,0.55
legacy,137,7,11,123,0.3,0.405,3.443762914760303,200,0.35000000000000003,0.55
legacy,137,7,11,124,0.265,0.46,3.2545221311763926,200,0.35000000000000003,0.55
legacy,138,7,12,100,0.295,0.46,3.535886586322165,200,0.35000000000000003,0.6000000000000001
legacy,138,7,12,101,0.315,0.41,3.5301964527182226,200,0.35000000000000003,0.6000000000000001
legacy,138,7,12,102,0.305,0.43,3.9745278294754756,200,0.35000000000000003,0.6000000000000001
legacy,138,7,12,103,0.33,0.375,3.8260029519846794,200,0.35000000000000003,0.6000000000000001
legacy,138,7,12,104,0.37,0.365,3.2881091409774195,200,0.35000000000000003,0.6000000000000001
legacy,138,7,12,105,0.295,0.405,3.539889970464318,200,0.35000000000000003,0.6000000000000001
legacy,138,7,12,106,0.33,0.42,3.8331991958873743,200,0.35000000000000003,0.6000000000000001
legacy,138,7,12,107,0.33,0.41,4.133560122217358,200,0.35000000000000003,0.6000000000000001
legacy,138,7,12,108,0.375,0.37,3.6744347864099707,200,0.35000000000000003,0.6000000000000001
legacy,138,7,12,109,0.3,0.38,3.762645160786674,200,0.35000000000000003,0.6000000000000001
legacy,138,7,12,110,0.315,0.385,3.6719474660130778,200,0.35000000000000003,0.6000000000000001
legacy,138,7,12,111,0.27,0.44,2.369619411916229,200,0.35000000000000003,0.6000000000000001
legacy,138,7,12,112,0.295,0.42,3.5952262633082084,200,0.35000000000000003,0.6000000000000001
legacy,138,7,12,113,0.29,0.445,3.7252916493667745,200,0.35000000000000003,0.6000000000000001
legacy,138,7,12,114,0.355,0.38,3.5879984263808145,200,0.35000000000000003,0.6000000000000001
legacy,138,7,12,115,0.315,0.425,3.8620723551220237,200,0.35000000000000003,0.6000000000000001
legacy,138,7,12,116,0.32,0.42,3.4603045800124024,200,0.35000000000000003,0.6000000000000001
legacy,138,7,12,117,0.34,0.43,3.5575401895526495,200,0.35000000000000003,0.6000000000000001
legacy,138,7,12,118,0.305,0.44,2.769292369802729,200,0.35000000000000003,0.6000000000000001
legacy,138,7,12,119,0.335,0.39,3.8191303173446136,200,0.35000000000000003,0.6000000000000001
legacy,138,7,12,120,0.365,0.37,3.0909624269987783,200,0.35000000000000003,0.6000000000000001
legacy,138,7,12,121,0.275,0.465,3.726956003311889,200,0.35000000000000003,0.6000000000000001
legacy,138,7,12,122,0.29,0.44,3.6158807484592153,200,0.35000000000000003,0.6000000000000001
legacy,138,7,12,123,0.3,0.425,3.342479630789669,200,0.35000000000000003,0.6000000000000001
legacy,138,7,12,124,0.27,0.485,3.7000439780637078,200,0.35000000000000003,0.6000000000000001
legacy,139,7,13,100,0.29,0.43,3.7470576262056055,200,0.35000000000000003,0.65
legacy,139,7,13,101,0.3,0.415,3.531489835842913,200,0.35000000000000003,0.65
legacy,139,7,13,102,0.31,0.445,4.329351706485482,200,0.35000000000000003,0.65
legacy,139,7,13,103,0.3,0.425,3.160905468911056,200,0.35000000000000003,0.65
legacy,139,7,13,104,0.385,0.41,3.1740539884676906,200,0.35000000000000003,0.65
legacy,139,7,13,105,0.305,0.44,3.6534971621934575,200,0.35000000000000003,0.65
legacy,139,7,13,106,0.325,0.445,4.053471563516749,200,0.35000000000000003,0.65
legacy,139,7,13,107,0.32,0.44,4.227744322316493,200,0.35000000000000003,0.65
legacy,139,7,13,108,0.385,0.405,4.02437237574482,200,0.35000000000000003,0.65
legacy,139,7,13,109,0.3,0.455,3.921730796750654,200,0.35000000000000003,0.65
legacy,139,7,13,110,0.33,0.435,3.469518542864748,200,0.35000000000000003,0.65
legacy,139,7,13,111,0.29,0.48,2.793026510282577,200,0.35000000000000003,0.65
legacy,139,7,13,112,0.3,0.45,3.9227591500124066,200,0.35000000000000003,0.65
legacy,139,7,13,113,0.28,0.465,3.7755042962874574,200,0.35000000000000003,0.65
legacy,139,7,13,114,0.365,0.42,3.245109296906242,200,0.35000000000000003,0.65
legacy,139,7,13,115,0.31,0.485,3.8206582308972314,200,0.35000000000000003,0.65
legacy,139,7,13,116,0.35,0.445,3.9206578636671616,200,0.35000000000000003,0.65
legacy,139,7,13,117,0.32,0.44,3.824618900885116,200,0.35000000000000003,0.65
legacy,139,7,13,118,0.32,0.455,2.908853219428275,200,0.35000000000000003,0.65
legacy,139,7,13,119,0.36,0.42,3.619155853336644,200,0.35000000000000003,0.65
legacy,139,7,13,120,0.375,0.4,3.5168329885742855,200,0.35000000000000003,0.65
legacy,139,7,13,121,0.28,0.485,3.571234069023805,200,0.35000000000000003,0.65
legacy,139,7,13,122,0.28,0.49,3.871590961079377,200,0.35000000000000003,0.65
legacy,139,7,13,123,0.29,0.48,3.4476132908632406,200,0.35000000000000003,0.65
legacy,139,7,13,124,0.26,0.49,3.866454399184725,200,0.35000000000000003,0.65
legacy,140,7,14,100,0.305,0.46,4.039010781218391,200,0.35000000000000003,0.7000000000000001
legacy,140,7,14,101,0.32,0.455,4.038491788386916,200,0.35000000000000003,0.7000000000000001
legacy,140,7,14,102,0.305,0.475,3.8865123417829035,200,0.35000000000000003,0.7000000000000001
legacy,140,7,14,103,0.315,0.47,3.48820204677397,200,0.35000000000000003,0.7000000000000001
legacy,140,7,14,104,0.355,0.415,3.1382327553881066,200,0.35000000000000003,0.7000000000000001
legacy,140,7,14,105,0.3,0.445,3.817217256659486,200,0.35000000000000003,0.7000000000000001
legacy,140,7,14,106,0.3,0.48,3.921038387793034,200,0.35000000000000003,0.7000000000000001
legacy,140,7,14,107,0.335,0.445,4.275661326896542,200,0.35000000000000003,0.7000000000000001
legacy,140,7,14,108,0.37,0.415,4.258138993375465,200,0.35000000000000003,0.7000000000000001
legacy,140,7,14,109,0.3,0.46,3.9575303308575953,200,0.35000000000000003,0.7000000000000001
legacy,140,7,14,110,0.32,0.465,3.7660766678671984,200,0.35000000000000003,0.7000000000000001
legacy,140,7,14,111,0.28,0.5,2.8434989772134247,200,0.35000000000000003,0.7000000000000001
legacy,140,7,14,112,0.295,0.48,3.5391111240821416,200,0.35000000000000003,0.7000000000000001
legacy,140,7,14,113,0.275,0.49,3.9634180301592954,200,0.35000000000000003,0.7000000000000001
legacy,140,7,14,114,0.345,0.45,2.822569280947002,200,0.35000000000000003,0.7000000000000001
legacy,140,7,14,115,0.3,0.495,3.8326213541298615,200,0.35000000000000003,0.7000000000000001
legacy,140,7,14,116,0.35,0.475,3.316135980650729,200,0.35000000000000003,0.7000000000000001
legacy,140,7,14,117,0.325,0.475,4.137874614359054,200,0.35000000000000003,0.7000000000000001
legacy,140,7,14,118,0.305,0.49,2.956242816444515,200,0.35000000000000003,0.7000000000000001
legacy,140,7,14,119,0.355,0.46,4.317490475449665,200,0.35000000000000003,0.7000000000000001
legacy,140,7,14,120,0.37,0.46,3.4790264938203292,200,0.35000000000000003,0.7000000000000001
legacy,140,7,14,121,0.275,0.51,3.9147829161876486,200,0.35000000000000003,0.7000000000000001
legacy,140,7,14,122,0.295,0.51,4.304781380104334,200,0.35000000000000003,0.7000000000000001
legacy,140,7,14,123,0.295,0.5,3.2414777650572573,200,0.35000000000000003,0.7000000000000001
legacy,140,7,14,124,0.255,0.535,3.7803622130944854,200,0.35000000000000003,0.7000000000000001
legacy,141,7,15,100,0.295,0.495,4.38371391303127,200,0.35000000000000003,0.75
legacy,141,7,15,101,0.31,0.47,3.7095588907637733,200,0.35000000000000003,0.75
legacy,141,7,15,102,0.295,0.495,3.841596479541963,200,0.35000000000000003,0.75
legacy,141,7,15,103,0.33,0.49,3.473376309914077,200,0.35000000000000003,0.75
legacy,141,7,15,104,0.375,0.445,3.6135620729882056,200,0.35000000000000003,0.75
legacy,141,7,15,105,0.305,0.505,4.052786267311254,200,0.35000000000000003,0.75
legacy,141,7,15,106,0.32,0.515,3.9061205685367275,200,0.35000000000000003,0.75
legacy,141,7,15,107,0.32,0.49,4.305805924492439,200,0.35000000000000003,0.75
legacy,141,7,15,108,0.39,0.435,4.041760348393051,200,0.35000000000000003,0.75
legacy,141,7,15,109,0.31,0.5,3.989945169905986,200,0.35000000000000003,0.75
legacy,141,7,15,110,0.32,0.51,4.108023597837246,200,0.35000000000000003,0.75
legacy,141,7,15,111,0.29,0.53,3.4344497447753337,200,0.35000000000000003,0.75
legacy,141,7,15,112,0.295,0.515,3.723278171332997,200,0.35000000000000003,0.75
legacy,141,7,15,113,0.275,0.53,4.383659273982382,200,0.35000000000000003,0.75
legacy,141,7,15,114,0.36,0.46,3.5940742451252015,200,0.35000000000000003,0.75
legacy,141,7,15,115,0.315,0.53,4.475082932783177,200,0.35000000000000003,0.75
legacy,141,7,15,116,0.365,0.495,3.6932144575991526,200,0.35000000000000003,0.75
legacy,141,7,15,117,0.32,0.505,3.8071026800446646,200,0.35000000000000003,0.75
legacy,141,7,15,118,0.29,0.52,3.3705402246616982,200,0.35000000000000003,0.75
legacy,141,7,15,119,0.365,0.48,4.167887143946141,200,0.35000000000000003,0.75
legacy,141,7,15,120,0.365,0.46,3.5333318579756936,200,0.35000000000000003,0.75
legacy,141,7,15,121,0.28,0.56,4.308124205940265,200,0.35000000000000003,0.75
legacy,141,7,15,122,0.285,0.54,4.343605120348304,200,0.35000000000000003,0.75
legacy,141,7,15,123,0.31,0.53,3.6117035858026494,200,0.35000000000000003,0.75
legacy,141,7,15,124,0.25,0.57,3.4471848959004117,200,0.35000000000000003,0.75
legacy,142,7,16,100,0.305,0.515,4.4876227706687555,200,0.35000000000000003,0.8
legacy,142,7,16,101,0.31,0.515,3.7041202167567553,200,0.35000000000000003,0.8
legacy,142,7,16,102,0.31,0.53,3.809842124405794,200,0.35000000000000003,0.8
legacy,142,7,16,103,0.32,0.515,3.84790202864374,200,0.35000000000000003,0.8
legacy,142,7,16,104,0.355,0.48,3.0409983072681657,200,0.35000000000000003,0.8
legacy,142,7,16,105,0.305,0.54,3.8637781507467106,200,0.35000000000000003,0.8
legacy,142,7,16,106,0.31,0.53,4.256460849476742,200,0.35000000000000003,0.8
legacy,142,7,16,107,0.32,0.515,4.456301545386029,200,0.35000000000000003,0.8
legacy,142,7,16,108,0.375,0.46,4.076089487822637,200,0.35000000000000003,0.8
legacy,142,7,16,109,0.305,0.52,4.2371354373775025,200,0.35000000000000003,0.8
legacy,142,7,16,110,0.32,0.515,4.36965077783954,200,0.35000000000000003,0.8
legacy,142,7,16,111,0.29,0.56,3.1402557429885247,200,0.35000000000000003,0.8
legacy,142,7,16,112,0.29,0.555,4.244143125611987,200,0.35000000000000003,0.8
legacy,142,7,16,113,0.28,0.575,4.520985567846918,200,0.35000000000000003,0.8
legacy,142,7,16,114,0.355,0.495,3.4948206406393014,200,0.35000000000000003,0.8
legacy,142,7,16,115,0.315,0.57,4.7534828898551265,200,0.35000000000000003,0.8
legacy,142,7,16,116,0.305,0.53,3.4358682880041447,200,0.35000000000000003,0.8
legacy,142,7,16,117,0.33,0.54,4.217725945861458,200,0.35000000000000003,0.8
legacy,142,7,16,118,0.305,0.545,3.3174728589687015,200,0.35000000000000003,0.8
legacy,142,7,16,119,0.37,0.49,4.232628978431686,200,0.35000000000000003,0.8
legacy,142,7,16,120,0.375,0.475,3.431583282837139,200,0.35000000000000003,0.8
legacy,142,7,16,121,0.28,0.575,4.68081193256197,200,0.35000000000000003,0.8
legacy,142,7,16,122,0.28,0.565,4.364983862444567,200,0.35000000000000003,0.8
legacy,142,7,16,123,0.295,0.56,4.036784734519206,200,0.35000000000000003,0.8
legacy,142,7,16,124,0.255,0.615,4.240068412549485,200,0.35000000000000003,0.8
legacy,143,7,17,100,0.305,0.545,4.6854703548646635,200,0.35000000000000003,0.8500000000000001
legacy,143,7,17,101,0.315,0.545,3.751412945559831,200,0.35000000000000003,0.8500000000000001
legacy,143,7,17,102,0.3,0.56,4.161183601725718,200,0.35000000000000003,0.8500000000000001
legacy,143,7,17,103,0.32,0.54,4.018603532976748,200,0.35000000000000003,0.8500000000000001
legacy,143,7,17,104,0.375,0.495,3.4068734689742866,200,0.35000000000000003,0.8500000000000001
legacy,143,7,17,105,0.305,0.565,4.743166976184196,200,0.35000000000000003,0.8500000000000001
legacy,143,7,17,106,0.31,0.55,4.1097167370497,200,0.35000000000000003,0.8500000000000001
legacy,143,7,17,107,0.33,0.56,4.563396881179187,200,0.35000000000000003,0.8500000000000001
legacy,143,7,17,108,0.385,0.49,4.113721338081853,200,0.35000000000000003,0.8500000000000001
legacy,143,7,17,109,0.305,0.57,5.1264606186479895,200,0.35000000000000003,0.8500000000000001
legacy,143,7,17,110,0.325,0.555,3.99952910022029,200,0.35000000000000003,0.8500000000000001
legacy,143,7,17,111,0.29,0.595,3.1421463665039404,200,0.35000000000000003,0.8500000000000001
legacy,143,7,17,112,0.295,0.58,4.36867173958525,200,0.35000000000000003,0.8500000000000001
legacy,143,7,17,113,0.28,0.6,4.6631877382280305,200,0.35000000000000003,0.8500000000000001
legacy,143,7,17,114,0.355,0.535,3.6566016696648562,200,0.35000000000000003,0.8500000000000001
legacy,143,7,17,115,0.325,0.565,4.634819494065829,200,0.35000000000000003,0.8500000000000001
legacy,143,7,17,116,0.32,0.575,3.910990182875047,200,0.35000000000000003,0.8500000000000001
legacy,143,7,17,117,0.325,0.555,3.920448639437728,200,0.35000000000000003,0.8500000000000001
legacy,143,7,17,118,0.305,0.58,3.744905713126799,200,0.35000000000000003,0.8500000000000001
legacy,143,7,17,119,0.36,0.525,4.336084478796138,200,0.35000000000000003,0.8500000000000001
legacy,143,7,17,120,0.38,0.525,3.6853782456134194,200,0.35000000000000003,0.8500000000000001
legacy,143,7,17,121,0.275,0.615,4.659981933435174,200,0.35000000000000003,0.8500000000000001
legacy,143,7,17,122,0.29,0.6,4.518399772329713,200,0.35000000000000003,0.8500000000000001
legacy,143,7,17,123,0.3,0.59,4.191533992462636,200,0.35000000000000003,0.8500000000000001
legacy,143,7,17,124,0.25,0.645,4.06473839754295,200,0.35000000000000003,0.8500000000000001
legacy,144,8,0,100,0.33,0.08,3.7870029659857414,200,0.4,0.0
legacy,144,8,0,101,0.35,0.045,3.5098452559554096,200,0.4,0.0
legacy,144,8,0,102,0.335,0.055,2.9461811077080573,200,0.4,0.0
legacy,144,8,0,103,0.35,0.08,3.572947907220573,200,0.4,0.0
legacy,144,8,0,104,0.345,0.045,2.9487741337467672,200,0.4,0.0
legacy,144,8,0,105,0.335,0.085,3.3349862181379795,200,0.4,0.0
legacy,144,8,0,106,0.355,0.08,2.9530036098825536,200,0.4,0.0
legacy,144,8,0,107,0.395,0.04,3.6026898622473187,200,0.4,0.0
legacy,144,8,0,108,0.46,0.07,3.72781108258957,200,0.4,0.0
legacy,144,8,0,109,0.37,0.065,3.0644748311928662,200,0.4,0.0
legacy,144,8,0,110,0.385,0.085,3.7015195362011353,200,0.4,0.0
legacy,144,8,0,111,0.335,0.085,3.1180660626636927,200,0.4,0.0
legacy,144,8,0,112,0.375,0.04,3.5507993942274068,200,0.4,0.0
legacy,144,8,0,113,0.355,0.07,3.115915875372794,200,0.4,0.0
legacy,144,8,0,114,0.33,0.065,3.127192402966506,200,0.4,0.0
legacy,144,8,0,115,0.4,0.07,3.7211421151115918,200,0.4,0.0
legacy,144,8,0,116,0.335,0.095,3.5232304718228216,200,0.4,0.0
legacy,144,8,0,117,0.39,0.065,3.871505831005682,200,0.4,0.0
legacy,144,8,0,118,0.34,0.055,3.2796594958104457,200,0.4,0.0
legacy,144,8,0,119,0.41,0.1,3.621910562667837,200,0.4,0.0
legacy,144,8,0,120,0.4,0.045,3.908084246289984,200,0.4,0.0
legacy,144,8,0,121,0.345,0.06,3.224351085845043,200,0.4,0.0
legacy,144,8,0,122,0.345,0.065,3.5370012308392984,200,0.4,0.0
legacy,144,8,0,123,0.355,0.09,3.268571616785611,200,0.4,0.0
legacy,144,8,0,124,0.33,0.065,2.8813633360105144,200,0.4,0.0
legacy,145,8,1,100,0.305,0.075,3.4522553631146367,200,0.4,0.05
legacy,145,8,1,101,0.355,0.06,3.4140600261081615,200,0.4,0.05
legacy,145,8,1,102,0.345,0.1,3.2447556539012448,200,0.4,0.05
legacy,145,8,1,103,0.33,0.075,3.31565016146008,200,0.4,0.05
legacy,145,8,1,104,0.325,0.065,3.3275469282479446,200,0.4,0.05
legacy,145,8,1,105,0.36,0.09,3.713477543508241,200,0.4,0.05
legacy,145,8,1,106,0.32,0.12,3.543919116349357,200,0.4,0.05
legacy,145,8,1,107,0.375,0.08,3.8607649155644967,200,0.4,0.05
legacy,145,8,1,108,0.485,0.095,3.647970468828259,200,0.4,0.05
legacy,145,8,1,109,0.36,0.095,3.085052502017983,200,0.4,0.05
legacy,145,8,1,110,0.365,0.11,3.8398051984068418,200,0.4,0.05
legacy,145,8,1,111,0.35,0.13,3.241458058867837,200,0.4,0.05
legacy,145,8,1,112,0.365,0.06,3.667422543337696,200,0.4,0.05
legacy,145,8,1,113,0.345,0.095,3.5886540222076917,200,0.4,0.05
legacy,145,8,1,114,0.335,0.105,3.010807986656722,200,0.4,0.05
legacy,145,8,1,115,0.39,0.1,3.2921769093745685,200,0.4,0.05
legacy,145,8,1,116,0.315,0.1,3.5664945686999148,200,0.4,0.05
legacy,145,8,1,117,0.4,0.085,3.2822522198483206,200,0.4,0.05
legacy,145,8,1,118,0.33,0.115,3.3923080678080795,200,0.4,0.05
legacy,145,8,1,119,0.405,0.115,3.7587554073433904,200,0.4,0.05
legacy,145,8,1,120,0.4,0.1,3.622498192299371,200,0.4,0.05
legacy,145,8,1,121,0.34,0.08,3.360862980171728,200,0.4,0.05
legacy,145,8,1,122,0.355,0.115,3.580946846777366,200,0.4,0.05
legacy,145,8,1,123,0.31,0.115,2.8696323979259573,200,0.4,0.05
legacy,145,8,1,124,0.355,0.125,3.214695979232488,200,0.4,0.05
legacy,146,8,2,100,0.3,0.15,3.7823195446126388,200,0.4,0.1
legacy,146,8,2,101,0.36,0.105,3.512807230890977,200,0.4,0.1
legacy,146,8,2,102,0.37,0.115,3.361659414172311,200,0.4,0.1
legacy,146,8,2,103,0.355,0.105,3.7567451474773925,200,0.4,0.1
legacy,146,8,2,104,0.37,0.085,3.007756144347377,200,0.4,0.1
legacy,146,8,2,105,0.36,0.135,3.3413109447427627,200,0.4,0.1
legacy,146,8,2,106,0.34,0.125,3.7464102440209848,200,0.4,0.1
legacy,146,8,2,107,0.375,0.1,3.4566144747456633,200,0.4,0.1
legacy,146,8,2,108,0.475,0.12,4.165710075067934,200,0.4,0.1
legacy,146,8,2,109,0.34,0.145,3.0871505040656184,200,0.4,0.1
legacy,146,8,2,110,0.35,0.145,3.622139621591622,200,0.4,0.1
legacy,146,8,2,111,0.365,0.095,3.495864140136466,200,0.4,0.1
legacy,146,8,2,112,0.375,0.075,3.7590418827664758,200,0.4,0.1
legacy,146,8,2,113,0.33,0.13,3.3087475627684797,200,0.4,0.1
legacy,146,8,2,114,0.32,0.15,3.047953132633394,200,0.4,0.1
legacy,146,8,2,115,0.35,0.13,3.232335475482714,200,0.4,0.1
legacy,146,8,2,116,0.295,0.08,3.2061844024947783,200,0.4,0.1
legacy,146,8,2,117,0.36,0.14,3.3272923271973793,200,0.4,0.1
legacy,146,8,2,118,0.335,0.11,3.7232650526966147,200,0.4,0.1
legacy,146,8,2,119,0.39,0.145,3.3607348762431735,200,0.4,0.1
legacy,146,8,2,120,0.395,0.125,4.114116781718933,200,0.4,0.1
legacy,146,8,2,121,0.335,0.115,3.6684723226410303,200,0.4,0.1
legacy,146,8,2,122,0.335,0.14,3.741797789221843,200,0.4,0.1
legacy,146,8,2,123,0.3,0.14,2.8992389786446595,200,0.4,0.1
legacy,146,8,2,124,0.37,0.145,3.516990222549922,200,0.4,0.1
legacy,147,8,3,100,0.31,0.165,3.7267442056802533,200,0.4,0.15000000000000002
legacy,147,8,3,101,0.345,0.115,3.273675787473444,200,0.4,0.15000000000000002
legacy,147,8,3,102,0.325,0.165,3.163714710579177,200,0.4,0.15000000000000002
legacy,147,8,3,103,0.335,0.135,4.007865799151492,200,0.4,0.15000000000000002
legacy,147,8,3,104,0.36,0.095,3.122860111298151,200,0.4,0.15000000000000002
legacy,147,8,3,105,0.35,0.16,3.456801607755368,200,0.4,0.15000000000000002
legacy,147,8,3,106,0.355,0.135,3.1048168069754998,200,0.4,0.15000000000000002
legacy,147,8,3,107,0.365,0.13,4.110770993274538,200,0.4,0.15000000000000002
legacy,147,8,3,108,0.485,0.125,3.9021958455853207,200,0.4,0.15000000000000002
legacy,147,8,3,109,0.365,0.15,3.386300723825293,200,0.4,0.15000000000000002
legacy,147,8,3,110,0.39,0.16,3.7161535643572705,200,0.4,0.15000000000000002
legacy,147,8,3,111,0.335,0.14,3.355069138755256,200,0.4,0.15000000000000002
legacy,147,8,3,112,0.375,0.13,3.314427054669027,200,0.4,0.15000000000000002
legacy,147,8,3,113,0.36,0.155,3.821175325073335,200,0.4,0.15000000000000002
legacy,147,8,3,114,0.355,0.16,3.2952021688956283,200,0.4,0.15000000000000002
legacy,147,8,3,115,0.335,0.165,3.2800136001881772,200,0.4,0.15000000000000002
legacy,147,8,3,116,0.335,0.16,3.0235555165596524,200,0.4,0.15000000000000002
legacy,147,8,3,117,0.37,0.18,3.3356430246614486,200,0.4,0.15000000000000002
legacy,147,8,3,118,0.31,0.185,3.352129418934951,200,0.4,0.15000000000000002
legacy,147,8,3,119,0.42,0.15,3.2238004804175504,200,0.4,0.15000000000000002
legacy,147,8,3,120,0.39,0.18,3.8186386673850548,200,0.4,0.15000000000000002
legacy,147,8,3,121,0.33,0.13,3.6541139965339915,200,0.4,0.15000000000000002
legacy,147,8,3,122,0.32,0.19,3.626251029175921,200,0.4,0.15000000000000002
legacy,147,8,3,123,0.325,0.175,3.3713025191906456,200,0.4,0.15000000000000002
legacy,147,8,3,124,0.35,0.17,3.3030644351662657,200,0.4,0.15000000000000002
legacy,148,8,4,100,0.305,0.18,3.7304747759508388,200,0.4,0.2
legacy,148,8,4,101,0.35,0.16,3.3093461291812165,200,0.4,0.2
legacy,148,8,4,102,0.34,0.17,3.59185098672191,200,0.4,0.2
legacy,148,8,4,103,0.33,0.155,3.4724531850327067,200,0.4,0.2
legacy,148,8,4,104,0.34,0.145,3.437934507194185,200,0.4,0.2
legacy,148,8,4,105,0.325,0.185,3.618203323637075,200,0.4,0.2
legacy,148,8,4,106,0.32,0.185,3.222109595818478,200,0.4,0.2
legacy,148,8,4,107,0.36,0.17,3.7370511158101194,200,0.4,0.2
legacy,148,8,4,108,0.475,0.135,3.792052016880181,200,0.4,0.2
legacy,148,8,4,109,0.34,0.17,3.2649255226845573,200,0.4,0.2
legacy,148,8,4,110,0.375,0.185,3.9393364837392393,200,0.4,0.2
legacy,148,8,4,111,0.39,0.17,3.461206923850895,200,0.4,0.2
legacy,148,8,4,112,0.35,0.185,3.310231657752982,200,0.4,0.2
legacy,148,8,4,113,0.355,0.185,3.0329077960856576,200,0.4,0.2
legacy,148,8,4,114,0.32,0.175,3.3817149540486526,200,0.4,0.2
legacy,148,8,4,115,0.375,0.165,3.2009145454644026,200,0.4,0.2
legacy,148,8,4,116,0.3,0.17,3.0954618138156955,200,0.4,0.2
legacy,148,8,4,117,0.385,0.165,3.688791607611392,200,0.4,0.2
legacy,148,8,4,118,0.35,0.19,3.2653455756647816,200,0.4,0.2
legacy,148,8,4,119,0.4,0.17,3.5701456403337404,200,0.4,0.2
legacy,148,8,4,120,0.405,0.19,3.870233406184832,200,0.4,0.2
legacy,148,8,4,121,0.35,0.17,3.4870911069469797,200,0.4,0.2
legacy,148,8,4,122,0.34,0.205,3.449823850120012,200,0.4,0.2
legacy,148,8,4,123,0.345,0.185,3.556695484917299,200,0.4,0.2
legacy,148,8,4,124,0.35,0.22,3.7533584417982673,200,0.4,0.2
legacy,149,8,5,100,0.305,0.215,3.4150267329633546,200,0.4,0.25
legacy,149,8,5,101,0.375,0.2,3.2317304396268094,200,0.4,0.25
legacy,149,8,5,102,0.355,0.18,3.7525050915165448,200,0.4,0.25
legacy,149,8,5,103,0.36,0.17,3.643962922132724,200,0.4,0.25
legacy,149,8,5,104,0.375,0.145,3.4716557363545024,200,0.4,0.25
legacy,149,8,5,105,0.34,0.205,3.5275748736854173,200,0.4,0.25
legacy,149,8,5,106,0.36,0.225,3.7495266690830658,200,0.4,0.25
legacy,149,8,5,107,0.37,0.195,3.7338082681740183,200,0.4,0.25
legacy,149,8,5,108,0.5,0.165,3.764745701348929,200,0.4,0.25
legacy,149,8,5,109,0.335,0.215,3.58396015756568,200,0.4,0.25
legacy,149,8,5,110,0.375,0.21,3.6238108079203477,200,0.4,0.25
legacy,149,8,5,111,0.355,0.165,3.4899632386878467,200,0.4,0.25
legacy,149,8,5,112,0.365,0.195,3.6151970091539214,200,0.4,0.25
legacy,149,8,5,113,0.345,0.195,3.33640584180347,200,0.4,0.25
legacy,149,8,5,114,0.32,0.215,3.2223459819650837,200,0.4,0.25
legacy,149,8,5,115,0.375,0.215,3.3351622915512222,200,0.4,0.25
legacy,149,8,5,116,0.325,0.205,3.211030904624971,200,0.4,0.25
legacy,149,8,5,117,0.37,0.175,3.533162426714094,200,0.4,0.25
legacy,149,8,5,118,0.35,0.205,3.8949095173975445,200,0.4,0.25
legacy,149,8,5,119,0.375,0.175,3.6615902834175937,200,0.4,0.25
legacy,149,8,5,120,0.415,0.19,3.9679633430377725,200,0.4,0.25
legacy,149,8,5,121,0.34,0.195,3.4123863130159804,200,0.4,0.25
legacy,149,8,5,122,0.36,0.225,3.626819267420582,200,0.4,0.25
legacy,149,8,5,123,0.34,0.22,3.8847596027672897,200,0.4,0.25
legacy,149,8,5,124,0.325,0.235,3.549695480672871,200,0.4,0.25
legacy,150,8,6,100,0.29,0.25,3.735335623631055,200,0.4,0.30000000000000004
legacy,150,8,6,101,0.36,0.2,3.2003726909332353,200,0.4,0.30000000000000004
legacy,150,8,6,102,0.34,0.215,3.6244058408343447,200,0.4,0.30000000000000004
legacy,150,8,6,103,0.36,0.195,3.8100933225031635,200,0.4,0.30000000000000004
legacy,150,8,6,104,0.37,0.185,3.3840066889711795,200,0.4,0.30000000000000004
legacy,150,8,6,105,0.335,0.195,3.2231857026509574,200,0.4,0.30000000000000004
legacy,150,8,6,106,0.345,0.25,3.4831393788679192,200,0.4,0.30000000000000004
legacy,150,8,6,107,0.37,0.225,3.6839217002880464,200,0.4,0.30000000000000004
legacy,150,8,6,108,0.455,0.19,3.311105733488932,200,0.4,0.30000000000000004
legacy,150,8,6,109,0.32,0.23,3.2586996912750936,200,0.4,0.30000000000000004
legacy,150,8,6,110,0.375,0.265,3.4612520330485648,200,0.4,0.30000000000000004
legacy,150,8,6,111,0.375,0.195,3.8703090393618114,200,0.4,0.30000000000000004
legacy,150,8,6,112,0.375,0.195,3.2537779730365064,200,0.4,0.30000000000000004
legacy,150,8,6,113,0.335,0.23,3.2674022529645983,200,0.4,0.30000000000000004
legacy,150,8,6,114,0.335,0.24,3.4120015180743017,200,0.4,0.30000000000000004
legacy,150,8,6,115,0.365,0.23,3.5516893069560833,200,0.4,0.30000000000000004
legacy,150,8,6,116,0.315,0.225,2.814280058430185,200,0.4,0.30000000000000004
legacy,150,8,6,117,0.355,0.24,3.618649626265767,200,0.4,0.30000000000000004
legacy,150,8,6,118,0.345,0.185,3.4829402733432353,200,0.4,0.30000000000000004
legacy,150,8,6,119,0.405,0.22,4.049048586617238,200,0.4,0.30000000000000004
legacy,150,8,6,120,0.39,0.205,3.8718781094131227,200,0.4,0.30000000000000004
legacy,150,8,6,121,0.345,0.22,3.4335559926027264,200,0.4,0.30000000000000004
legacy,150,8,6,122,0.325,0.26,3.376106429690361,200,0.4,0.30000000000000004
legacy,150,8,6,123,0.345,0.24,3.026159316147142,200,0.4,0.30000000000000004
legacy,150,8,6,124,0.35,0.26,4.04299778445066,200,0.4,0.30000000000000004
legacy,151,8,7,100,0.295,0.285,3.6167409209002233,200,0.4,0.35000000000000003
legacy,151,8,7,101,0.355,0.215,3.16214881031562,200,0.4,0.35000000000000003
legacy,151,8,7,102,0.345,0.245,3.6352963151079036,200,0.4,0.35000000000000003
legacy,151,8,7,103,0.34,0.215,3.3517846047728432,200,0.4,0.35000000000000003
legacy,151,8,7,104,0.375,0.22,3.722821712173652,200,0.4,0.35000000000000003
legacy,151,8,7,105,0.365,0.225,3.8551110547556586,200,0.4,0.35000000000000003
legacy,151,8,7,106,0.335,0.25,3.4335050440082364,200,0.4,0.35000000000000003
legacy,151,8,7,107,0.385,0.225,3.884514099160857,200,0.4,0.35000000000000003
legacy,151,8,7,108,0.475,0.19,4.250395491364718,200,0.4,0.35000000000000003
legacy,151,8,7,109,0.345,0.275,3.6645859083733403,200,0.4,0.35000000000000003
legacy,151,8,7,110,0.35,0.285,3.635926625717714,200,0.4,0.35000000000000003
legacy,151,8,7,111,0.36,0.24,3.8955550902710687,200,0.4,0.35000000000000003
legacy,151,8,7,112,0.35,0.245,3.4892756252397197,200,0.4,0.35000000000000003
legacy,151,8,7,113,0.345,0.27,3.4460991702293677,200,0.4,0.35000000000000003
legacy,151,8,7,114,0.34,0.29,3.5028119767296304,200,0.4,0.35000000000000003
legacy,151,8,7,115,0.375,0.235,3.7147112732622958,200,0.4,0.35000000000000003
legacy,151,8,7,116,0.325,0.295,3.519118482826377,200,0.4,0.35000000000000003
legacy,151,8,7,117,0.385,0.24,4.210019860634212,200,0.4,0.35000000000000003
legacy,151,8,7,118,0.34,0.265,3.475342616918509,200,0.4,0.35000000000000003
legacy,151,8,7,119,0.4,0.22,3.4891116127952517,200,0.4,0.35000000000000003
legacy,151,8,7,120,0.395,0.26,4.330454088570721,200,0.4,0.35000000000000003
legacy,151,8,7,121,0.345,0.25,3.0616737995428163,200,0.4,0.35000000000000003
legacy,151,8,7,122,0.345,0.285,3.2477366310821436,200,0.4,0.35000000000000003
legacy,151,8,7,123,0.34,0.33,3.5661602578798215,200,0.4,0.35000000000000003
legacy,151,8,7,124,0.35,0.275,3.991450262221841,200,0.4,0.35000000000000003
legacy,152,8,8,100,0.315,0.31,3.2845769098148145,200,0.4,0.4
legacy,152,8,8,101,0.365,0.245,2.7825609057108496,200,0.4,0.4
legacy,152,8,8,102,0.33,0.285,3.457142286279859,200,0.4,0.4
legacy,152,8,8,103,0.345,0.255,3.5905477324664816,200,0.4,0.4
legacy,152,8,8,104,0.35,0.25,3.729211782946498,200,0.4,0.4
legacy,152,8,8,105,0.33,0.25,3.980281409150176,200,0.4,0.4
legacy,152,8,8,106,0.32,0.29,3.78842063274699,200,0.4,0.4
legacy,152,8,8,107,0.375,0.265,3.4027679080833404,200,0.4,0.4
legacy,152,8,8,108,0.47,0.235,3.653963709791065,200,0.4,0.4
legacy,152,8,8,109,0.335,0.305,3.615431166808506,200,0.4,0.4
legacy,152,8,8,110,0.36,0.305,3.78866500913775,200,0.4,0.4
legacy,152,8,8,111,0.36,0.26,3.773081948562337,200,0.4,0.4
legacy,152,8,8,112,0.385,0.255,3.4692686381179523,200,0.4,0.4
legacy,152,8,8,113,0.35,0.285,3.4644847938682553,200,0.4,0.4
legacy,152,8,8,114,0.345,0.315,3.748042508684914,200,0.4,0.4
legacy,152,8,8,115,0.385,0.25,3.423582588212503,200,0.4,0.4
legacy,152,8,8,116,0.325,0.295,2.9508693523218272,200,0.4,0.4
legacy,152,8,8,117,0.39,0.285,3.466663372907608,200,0.4,0.4
legacy,152,8,8,118,0.335,0.28,3.749872763207839,200,0.4,0.4
legacy,152,8,8,119,0.41,0.24,3.876964421488324,200,0.4,0.4
legacy,152,8,8,120,0.41,0.255,3.742105071824417,200,0.4,0.4
legacy,152,8,8,121,0.34,0.3,3.1480868938868345,200,0.4,0.4
legacy,152,8,8,122,0.355,0.32,3.766369531140689,200,0.4,0.4
legacy,152,8,8,123,0.345,0.325,3.4986594767172265,200,0.4,0.4
legacy,152,8,8,124,0.335,0.295,3.3840906236238526,200,0.4,0.4
legacy,153,8,9,100,0.315,0.335,3.763718338510569,200,0.4,0.45
legacy,153,8,9,101,0.375,0.275,3.309911715983551,200,0.4,0.45
legacy,153,8,9,102,0.335,0.315,3.561668407693986,200,0.4,0.45
legacy,153,8,9,103,0.365,0.275,3.603277404214174,200,0.4,0.45
legacy,153,8,9,104,0.37,0.285,3.8420780973519095,200,0.4,0.45
legacy,153,8,9,105,0.335,0.3,3.5687150179430085,200,0.4,0.45
legacy,153,8,9,106,0.335,0.355,3.7435085396405636,200,0.4,0.45
legacy,153,8,9,107,0.38,0.285,3.674399959163785,200,0.4,0.45
legacy,153,8,9,108,0.475,0.245,3.4739119271035643,200,0.4,0.45
legacy,153,8,9,109,0.345,0.335,3.7182043184474516,200,0.4,0.45
legacy,153,8,9,110,0.335,0.325,3.71188468069907,200,0.4,0.45
legacy,153,8,9,111,0.36,0.285,3.6796828827407837,200,0.4,0.45
legacy,153,8,9,112,0.375,0.285,3.8441791007320445,200,0.4,0.45
legacy,153,8,9,113,0.335,0.33,3.5384752703173183,200,0.4,0.45
legacy,153,8,9,114,0.335,0.3,3.7755399146812967,200,0.4,0.45
legacy,153,8,9,115,0.385,0.295,3.113734653593891,200,0.4,0.45
legacy,153,8,9,116,0.315,0.32,2.740771636039909,200,0.4,0.45
legacy,153,8,9,117,0.38,0.315,4.109944444309132,200,0.4,0.45
legacy,153,8,9,118,0.31,0.32,3.613057744279543,200,0.4,0.45
legacy,153,8,9,119,0.4,0.28,3.940730283991694,200,0.4,0.45
legacy,153,8,9,120,0.435,0.295,3.763552146710708,200,0.4,0.45
legacy,153,8,9,121,0.34,0.34,3.5528507199184993,200,0.4,0.45
legacy,153,8,9,122,0.355,0.35,3.4692764854878635,200,0.4,0.45
legacy,153,8,9,123,0.305,0.34,3.5936738606866374,200,0.4,0.45
legacy,153,8,9,124,0.36,0.315,4.00241931891167,200,0.4,0.45
legacy,154,8,10,100,0.325,0.365,3.7450004743262197,200,0.4,0.5
legacy,154,8,10,101,0.365,0.295,3.350018358051059,200,0.4,0.5
legacy,154,8,10,102,0.33,0.345,3.6940541818114956,200,0.4,0.5
legacy,154,8,10,103,0.345,0.3,3.439059434048403,200,0.4,0.5
legacy,154,8,10,104,0.355,0.3,3.550143926039285,200,0.4,0.5
legacy,154,8,10,105,0.345,0.305,4.016624164201606,200,0.4,0.5
legacy,154,8,10,106,0.33,0.345,3.5364949859276176,200,0.4,0.5
legacy,154,8,10,107,0.375,0.315,3.8645275205182417,200,0.4,0.5
legacy,154,8,10,108,0.45,0.305,3.3339246504542257,200,0.4,0.5
legacy,154,8,10,109,0.355,0.365,3.6528062556549,200,0.4,0.5
legacy,154,8,10,110,0.35,0.345,3.859489777567419,200,0.4,0.5
legacy,154,8,10,111,0.36,0.33,3.993590798565705,200,0.4,0.5
legacy,154,8,10,112,0.36,0.34,3.612151838454823,200,0.4,0.5
legacy,154,8,10,113,0.34,0.345,4.104843936213651,200,0.4,0.5
legacy,154,8,10,114,0.33,0.335,3.3275523572642887,200,0.4,0.5
legacy,154,8,10,115,0.38,0.295,3.4479225748958786,200,0.4,0.5
legacy,154,8,10,116,0.33,0.37,3.167703166802122,200,0.4,0.5
legacy,154,8,10,117,0.38,0.3,3.700428298846673,200,0.4,0.5
legacy,154,8,10,118,0.335,0.35,3.3353983577727457,200,0.4,0.5
legacy,154,8,10,119,0.405,0.31,3.2940793520441276,200,0.4,0.5
legacy,154,8,10,120,0.4,0.335,3.822026368281008,200,0.4,0.5
legacy,154,8,10,121,0.355,0.375,3.1935487434103838,200,0.4,0.5
legacy,154,8,10,122,0.335,0.36,3.6894433892882823,200,0.4,0.5
legacy,154,8,10,123,0.32,0.355,3.916983380953425,200,0.4,0.5
legacy,154,8,10,124,0.37,0.325,3.830675866945952,200,0.4,0.5
legacy,155,8,11,100,0.315,0.405,4.0780361546075685,200,0.4,0.55
legacy,155,8,11,101,0.35,0.35,3.0932265283113494,200,0.4,0.55
legacy,155,8,11,102,0.335,0.41,3.804808971655969,200,0.4,0.55
legacy,155,8,11,103,0.36,0.35,3.561940299290917,200,0.4,0.55
legacy,155,8,11,104,0.365,0.325,3.6967907566543965,200,0.4,0.55
legacy,155,8,11,105,0.345,0.345,4.000516981722741,200,0.4,0.55
legacy,155,8,11,106,0.325,0.38,3.699147264066973,200,0.4,0.55
legacy,155,8,11,107,0.39,0.33,4.11208100632277,200,0.4,0.55
legacy,155,8,11,108,0.46,0.295,3.360054179351502,200,0.4,0.55
legacy,155,8,11,109,0.335,0.385,3.974750340254492,200,0.4,0.55
legacy,155,8,11,110,0.355,0.345,4.155956251210481,200,0.4,0.55
legacy,155,8,11,111,0.365,0.34,4.065486150402061,200,0.4,0.55
legacy,155,8,11,112,0.38,0.355,3.5192160364085248,200,0.4,0.55
legacy,155,8,11,113,0.35,0.365,3.8761322928053246,200,0.4,0.55
legacy,155,8,11,114,0.335,0.37,4.0778114799219,200,0.4,0.55
legacy,155,8,11,115,0.37,0.335,3.3882542650106084,200,0.4,0.55
legacy,155,8,11,116,0.325,0.42,3.440323266850326,200,0.4,0.55
legacy,155,8,11,117,0.39,0.37,4.328566402907202,200,0.4,0.55
legacy,155,8,11,118,0.34,0.375,3.7504832253269402,200,0.4,0.55
legacy,155,8,11,119,0.425,0.32,3.6570822890266577,200,0.4,0.55
legacy,155,8,11,120,0.405,0.345,3.965267605879569,200,0.4,0.55
legacy,155,8,11,121,0.34,0.37,3.0459239260710897,200,0.4,0.55
legacy,155,8,11,122,0.305,0.385,3.5939147394833437,200,0.4,0.55
legacy,155,8,11,123,0.335,0.405,3.2646475454785757,200,0.4,0.55
legacy,155,8,11,124,0.36,0.37,4.295241172400178,200,0.4,0.55
legacy,156,8,12,100,0.3,0.45,3.93136415319192,200,0.4,0.6000000000000001
legacy,156,8,12,101,0.365,0.375,3.318294235356179,200,0.4,0.6000000000000001
legacy,156,8,12,102,0.335,0.45,3.912404657994563,200,0.4,0.6000000000000001
legacy,156,8,12,103,0.355,0.375,3.6402018622467227,200,0.4,0.6000000000000001
legacy,156,8,12,104,0.365,0.375,3.7662214654692137,200,0.4,0.6000000000000001
legacy,156,8,12,105,0.35,0.39,3.9140054311415313,200,0.4,0.6000000000000001
legacy,156,8,12,106,0.325,0.41,3.997311527466538,200,0.4,0.6000000000000001
legacy,156,8,12,107,0.375,0.37,4.165467676663763,200,0.4,0.6000000000000001
legacy,156,8,12,108,0.465,0.305,3.660558670243057,200,0.4,0.6000000000000001
legacy,156,8,12,109,0.34,0.43,4.162980953537354,200,0.4,0.6000000000000001
legacy,156,8,12,110,0.335,0.37,4.200957985993488,200,0.4,0.6000000000000001
legacy,156,8,12,111,0.375,0.395,3.6712675280826623,200,0.4,0.6000000000000001
legacy,156,8,12,112,0.37,0.39,3.6192789631735502,200,0.4,0.6000000000000001
legacy,156,8,12,113,0.325,0.385,3.6526920058909527,200,0.4,0.6000000000000001
legacy,156,8,12,114,0.32,0.4,3.996590675568839,200,0.4,0.6000000000000001
legacy,156,8,12,115,0.39,0.38,3.7556232870882535,200,0.4,0.6000000000000001
legacy,156,8,12,116,0.315,0.435,3.349386860294511,200,0.4,0.6000000000000001
legacy,156,8,12,117,0.36,0.375,3.818132382135208,200,0.4,0.6000000000000001
legacy,156,8,12,118,0.33,0.425,3.659913188236057,200,0.4,0.6000000000000001
legacy,156,8,12,119,0.405,0.37,4.1852019255111985,200,0.4,0.6000000000000001
legacy,156,8,12,120,0.41,0.375,3.9840848604924117,200,0.4,0.6000000000000001
legacy,156,8,12,121,0.345,0.405,3.4429445448330616,200,0.4,0.6000000000000001
legacy,156,8,12,122,0.335,0.425,4.0997461764186,200,0.4,0.6000000000000001
legacy,156,8,12,123,0.345,0.435,3.685455340364631,200,0.4,0.6000000000000001
legacy,156,8,12,124,0.365,0.415,4.040743008939222,200,0.4,0.6000000000000001
legacy,157,8,13,100,0.32,0.42,3.6049700535423663,200,0.4,0.65
legacy,157,8,13,101,0.36,0.385,3.3051636021845616,200,0.4,0.65
legacy,157,8,13,102,0.34,0.405,3.908378309018109,200,0.4,0.65
legacy,157,8,13,103,0.35,0.405,3.333917670478198,200,0.4,0.65
legacy,157,8,13,104,0.36,0.405,4.159145592700277,200,0.4,0.65
legacy,157,8,13,105,0.33,0.435,4.055888371241516,200,0.4,0.65
legacy,157,8,13,106,0.325,0.45,4.031995048863545,200,0.4,0.65
legacy,157,8,13,107,0.375,0.37,4.291366910240927,200,0.4,0.65
legacy,157,8,13,108,0.45,0.34,4.241379140220252,200,0.4,0.65
legacy,157,8,13,109,0.335,0.445,3.838484486118474,200,0.4,0.65
legacy,157,8,13,110,0.36,0.41,4.2915373465169155,200,0.4,0.65
legacy,157,8,13,111,0.375,0.4,3.6801047095095716,200,0.4,0.65
legacy,157,8,13,112,0.375,0.385,3.788419647716417,200,0.4,0.65
legacy,157,8,13,113,0.33,0.435,3.8302127263387784,200,0.4,0.65
legacy,157,8,13,114,0.34,0.45,3.898468607404576,200,0.4,0.65
legacy,157,8,13,115,0.405,0.405,3.8344210046971807,200,0.4,0.65
legacy,157,8,13,116,0.315,0.445,3.4375890679989083,200,0.4,0.65
legacy,157,8,13,117,0.365,0.405,3.9148154339710017,200,0.4,0.65
legacy,157,8,13,118,0.34,0.44,3.569555128765749,200,0.4,0.65
legacy,157,8,13,119,0.39,0.41,3.9064817813534956,200,0.4,0.65
legacy,157,8,13,120,0.415,0.415,4.064234048026971,200,0.4,0.65
legacy,157,8,13,121,0.33,0.44,2.854681900807352,200,0.4,0.65
legacy,157,8,13,122,0.35,0.47,3.97644439889995,200,0.4,0.65
legacy,157,8,13,123,0.335,0.46,3.9954096968868753,200,0.4,0.65
legacy,157,8,13,124,0.375,0.415,3.9149824131268747,200,0.4,0.65
legacy,158,8,14,100,0.325,0.45,4.006700804275567,200,0.4,0.7000000000000001
legacy,158,8,14,101,0.37,0.435,3.599135943482419,200,0.4,0.7000000000000001
legacy,158,8,14,102,0.345,0.455,4.127111210960372,200,0.4,0.7000000000000001
legacy,158,8,14,103,0.35,0.425,3.687711231699792,200,0.4,0.7000000000000001
legacy,158,8,14,104,0.365,0.42,4.042889127630623,200,0.4,0.7000000000000001
legacy,158,8,14,105,0.335,0.44,4.27566947748194,200,0.4,0.7000000000000001
legacy,158,8,14,106,0.305,0.485,3.996944833840646,200,0.4,0.7000000000000001
legacy,158,8,14,107,0.39,0.4,3.7959421417543346,200,0.4,0.7000000000000001
legacy,158,8,14,108,0.47,0.385,4.023871761723209,200,0.4,0.7000000000000001
legacy,158,8,14,109,0.34,0.47,4.023904665850591,200,0.4,0.7000000000000001
legacy,158,8,14,110,0.35,0.445,4.298835545996221,200,0.4,0.7000000000000001
legacy,158,8,14,111,0.365,0.445,4.237953812396687,200,0.4,0.7000000000000001
legacy,158,8,14,112,0.365,0.45,3.6970231504766513,200,0.4,0.7000000000000001
legacy,158,8,14,113,0.34,0.465,4.014886666320603,200,0.4,0.7000000000000001
legacy,158,8,14,114,0.32,0.47,4.312817726790505,200,0.4,0.7000000000000001
legacy,158,8,14,115,0.385,0.43,3.744159659157146,200,0.4,0.7000000000000001
legacy,158,8,14,116,0.31,0.505,3.252331674447811,200,0.4,0.7000000000000001
legacy,158,8,14,117,0.365,0.43,4.1024032508393375,200,0.4,0.7000000000000001
legacy,158,8,14,118,0.33,0.465,3.7703902627582555,200,0.4,0.7000000000000001
legacy,158,8,14,119,0.41,0.405,4.021919996752434,200,0.4,0.7000000000000001
legacy,158,8,14,120,0.4,0.405,3.9711173019472494,200,0.4,0.7000000000000001
legacy,158,8,14,121,0.345,0.49,3.436706988499676,200,0.4,0.7000000000000001
legacy,158,8,14,122,0.325,0.49,4.4286493829020515,200,0.4,0.7000000000000001
legacy,158,8,14,123,0.33,0.48,4.215957900033925,200,0.4,0.7000000000000001
legacy,158,8,14,124,0.365,0.425,4.276083167726215,200,0.4,0.7000000000000001
legacy,159,8,15,100,0.32,0.475,4.2511091586287595,200,0.4,0.75
legacy,159,8,15,101,0.365,0.455,3.40583804454725,200,0.4,0.75
legacy,159,8,15,102,0.345,0.465,4.1224434641102174,200,0.4,0.75
legacy,159,8,15,103,0.355,0.465,4.259102112371722,200,0.4,0.75
legacy,159,8,15,104,0.38,0.445,4.135558075006939,200,0.4,0.75
legacy,159,8,15,105,0.355,0.465,3.9603701598015015,200,0.4,0.75
legacy,159,8,15,106,0.335,0.49,4.303608838834266,200,0.4,0.75
legacy,159,8,15,107,0.37,0.455,4.317908756906182,200,0.4,0.75
legacy,159,8,15,108,0.45,0.38,4.07051787334624,200,0.4,0.75
legacy,159,8,15,109,0.335,0.51,3.762698976587209,200,0.4,0.75
legacy,159,8,15,110,0.365,0.455,3.8590040712939384,200,0.4,0.75
legacy,159,8,15,111,0.365,0.47,4.0827436451595025,200,0.4,0.75
legacy,159,8,15,112,0.375,0.475,3.7721248546914423,200,0.4,0.75
legacy,159,8,15,113,0.32,0.505,4.565452690918646,200,0.4,0.75
legacy,159,8,15,114,0.33,0.49,4.156230812773345,200,0.4,0.75
legacy,159,8,15,115,0.37,0.455,3.7171364701893013,200,0.4,0.75
legacy,159,8,15,116,0.31,0.52,3.0108628464381595,200,0.4,0.75
legacy,159,8,15,117,0.39,0.46,4.162182536178496,200,0.4,0.75
legacy,159,8,15,118,0.315,0.495,4.091300280083002,200,0.4,0.75
legacy,159,8,15,119,0.39,0.445,4.120642986759842,200,0.4,0.75
legacy,159,8,15,120,0.405,0.47,4.0942727702765245,200,0.4,0.75
legacy,159,8,15,121,0.33,0.5,3.2762043256916833,200,0.4,0.75
legacy,159,8,15,122,0.325,0.515,4.258260682913621,200,0.4,0.75
legacy,159,8,15,123,0.345,0.5,3.973167999309152,200,0.4,0.75
legacy,159,8,15,124,0.375,0.46,4.401252433228199,200,0.4,0.75
legacy,160,8,16,100,0.325,0.495,4.161603722413878,200,0.4,0.8
legacy,160,8,16,101,0.35,0.48,3.76994571032807,200,0.4,0.8
legacy,160,8,16,102,0.335,0.5,4.1934322689430115,200,0.4,0.8
legacy,160,8,16,103,0.36,0.49,3.6154276756036414,200,0.4,0.8
legacy,160,8,16,104,0.355,0.48,4.066628548310774,200,0.4,0.8
legacy,160,8,16,105,0.35,0.5,4.57699053680314,200,0.4,0.8
legacy,160,8,16,106,0.325,0.525,4.258702850158438,200,0.4,0.8
legacy,160,8,16,107,0.38,0.47,3.868559314576702,200,0.4,0.8
legacy,160,8,16,108,0.455,0.395,3.40542564064129,200,0.4,0.8
legacy,160,8,16,109,0.34,0.52,4.601332457047863,200,0.4,0.8
legacy,160,8,16,110,0.355,0.505,4.40295169718711,200,0.4,0.8
legacy,160,8,16,111,0.375,0.495,4.022080255561718,200,0.4,0.8
legacy,160,8,16,112,0.385,0.485,3.6415056704212896,200,0.4,0.8
legacy,160,8,16,113,0.32,0.535,4.512971863137635,200,0.4,0.8
legacy,160,8,16,114,0.335,0.52,4.29963845238523,200,0.4,0.8
legacy,160,8,16,115,0.385,0.475,3.4703434863145084,200,0.4,0.8
legacy,160,8,16,116,0.325,0.525,3.007268117683931,200,0.4,0.8
legacy,160,8,16,117,0.385,0.47,4.115591189973303,200,0.4,0.8
legacy,160,8,16,118,0.325,0.535,3.9932465336846046,200,0.4,0.8
legacy,160,8,16,119,0.395,0.47,4.637538402279079,200,0.4,0.8
legacy,160,8,16,120,0.42,0.465,4.406161935330951,200,0.4,0.8
legacy,160,8,16,121,0.34,0.515,3.84049925591058,200,0.4,0.8
legacy,160,8,16,122,0.32,0.535,4.18026678449932,200,0.4,0.8
legacy,160,8,16,123,0.335,0.53,4.320314589292374,200,0.4,0.8
legacy,160,8,16,124,0.365,0.505,4.265400433771987,200,0.4,0.8
legacy,161,8,17,100,0.325,0.525,3.981703362765498,200,0.4,0.8500000000000001
legacy,161,8,17,101,0.365,0.505,3.550525836115504,200,0.4,0.8500000000000001
legacy,161,8,17,102,0.34,0.525,4.425841319168851,200,0.4,0.8500000000000001
legacy,161,8,17,103,0.355,0.51,4.005472053695823,200,0.4,0.8500000000000001
legacy,161,8,17,104,0.37,0.5,4.536962310402764,200,0.4,0.8500000000000001
legacy,161,8,17,105,0.34,0.53,4.432068417762623,200,0.4,0.8500000000000001
legacy,161,8,17,106,0.32,0.565,4.42426114868174,200,0.4,0.8500000000000001
legacy,161,8,17,107,0.375,0.505,4.336069416397803,200,0.4,0.8500000000000001
legacy,161,8,17,108,0.455,0.43,3.7840621680250646,200,0.4,0.8500000000000001
legacy,161,8,17,109,0.345,0.53,4.624160089536897,200,0.4,0.8500000000000001
legacy,161,8,17,110,0.355,0.525,4.386572820961406,200,0.4,0.8500000000000001
legacy,161,8,17,111,0.37,0.515,4.274070163905208,200,0.4,0.8500000000000001
legacy,161,8,17,112,0.365,0.51,4.0396604994123,200,0.4,0.8500000000000001
legacy,161,8,17,113,0.32,0.555,4.676202857893169,200,0.4,0.8500000000000001
legacy,161,8,17,114,0.335,0.55,5.156294173153371,200,0.4,0.8500000000000001
legacy,161,8,17,115,0.365,0.525,3.926876445632831,200,0.4,0.8500000000000001
legacy,161,8,17,116,0.33,0.56,3.475156756624758,200,0.4,0.8500000000000001
legacy,161,8,17,117,0.395,0.5,4.429167664822945,200,0.4,0.8500000000000001
legacy,161,8,17,118,0.34,0.56,4.16412334302124,200,0.4,0.8500000000000001
legacy,161,8,17,119,0.39,0.505,4.487451883591694,200,0.4,0.8500000000000001
legacy,161,8,17,120,0.41,0.48,4.018896265682407,200,0.4,0.8500000000000001
legacy,161,8,17,121,0.34,0.56,3.857686818770799,200,0.4,0.8500000000000001
legacy,161,8,17,122,0.33,0.57,4.646383477684305,200,0.4,0.8500000000000001
legacy,161,8,17,123,0.335,0.56,4.219756415264051,200,0.4,0.8500000000000001
legacy,161,8,17,124,0.37,0.53,4.737913534928165,200,0.4,0.8500000000000001
legacy,162,9,0,100,0.34,0.075,3.1218403273665842,200,0.45,0.0
legacy,162,9,0,101,0.395,0.075,3.537686999481224,200,0.45,0.0
legacy,162,9,0,102,0.38,0.085,3.826390368330727,200,0.45,0.0
legacy,162,9,0,103,0.355,0.06,3.4686677931680743,200,0.45,0.0
legacy,162,9,0,104,0.39,0.105,3.7036043212758547,200,0.45,0.0
legacy,162,9,0,105,0.365,0.07,3.3443897574234267,200,0.45,0.0
legacy,162,9,0,106,0.425,0.095,4.017464825929567,200,0.45,0.0
legacy,162,9,0,107,0.355,0.05,4.01821734301043,200,0.45,0.0
legacy,162,9,0,108,0.44,0.085,3.727989571946633,200,0.45,0.0
legacy,162,9,0,109,0.39,0.09,3.733861310243631,200,0.45,0.0
legacy,162,9,0,110,0.365,0.085,3.2221301708491596,200,0.45,0.0
legacy,162,9,0,111,0.385,0.065,3.4110620340918705,200,0.45,0.0
legacy,162,9,0,112,0.365,0.06,4.121740837058083,200,0.45,0.0
legacy,162,9,0,113,0.46,0.075,3.9735300000755003,200,0.45,0.0
legacy,162,9,0,114,0.395,0.075,3.620032093408556,200,0.45,0.0
legacy,162,9,0,115,0.395,0.07,3.2155906048636016,200,0.45,0.0
legacy,162,9,0,116,0.36,0.055,3.837264978611923,200,0.45,0.0
legacy,162,9,0,117,0.41,0.07,3.6850407385914288,200,0.45,0.0
legacy,162,9,0,118,0.4,0.085,3.242030136494656,200,0.45,0.0
legacy,162,9,0,119,0.475,0.08,3.779562005181049,200,0.45,0.0
legacy,162,9,0,120,0.345,0.065,3.157087902194231,200,0.45,0.0
legacy,162,9,0,121,0.38,0.1,3.925182063541367,200,0.45,0.0
legacy,162,9,0,122,0.47,0.08,3.7424243270020225,200,0.45,0.0
legacy,162,9,0,123,0.39,0.075,3.927801885731899,200,0.45,0.0
legacy,162,9,0,124,0.42,0.07,3.8619484153218355,200,0.45,0.0
legacy,163,9,1,100,0.34,0.075,2.843329450313024,200,0.45,0.05
legacy,163,9,1,101,0.37,0.075,3.8242604492304975,200,0.45,0.05
legacy,163,9,1,102,0.405,0.11,3.511870095960722,200,0.45,0.05
legacy,163,9,1,103,0.365,0.07,3.7884561527095943,200,0.45,0.05
legacy,163,9,1,104,0.37,0.08,3.495258468863404,200,0.45,0.05
legacy,163,9,1,105,0.375,0.075,3.5190966859938686,200,0.45,0.05
legacy,163,9,1,106,0.385,0.115,3.503553440373139,200,0.45,0.05
legacy,163,9,1,107,0.35,0.095,3.6657695830613126,200,0.45,0.05
legacy,163,9,1,108,0.445,0.095,3.8678288481454386,200,0.45,0.05
legacy,163,9,1,109,0.4,0.08,3.828330178424169,200,0.45,0.05
legacy,163,9,1,110,0.33,0.08,3.528790484713661,200,0.45,0.05
legacy,163,9,1,111,0.39,0.09,3.3858265092772966,200,0.45,0.05
legacy,163,9,1,112,0.39,0.075,3.3523618898754215,200,0.45,0.05
legacy,163,9,1,113,0.435,0.095,3.600925269665904,200,0.45,0.05
legacy,163,9,1,114,0.415,0.08,3.638295256084372,200,0.45,0.05
legacy,163,9,1,115,0.41,0.1,3.4202238161945178,200,0.45,0.05
legacy,163,9,1,116,0.345,0.045,4.089936066906634,200,0.45,0.05
legacy,163,9,1,117,0.425,0.09,4.1728590954723686,200,0.45,0.05
legacy,163,9,1,118,0.375,0.125,3.3335318147290907,200,0.45,0.05
legacy,163,9,1,119,0.48,0.085,3.6707076008929027,200,0.45,0.05
legacy,163,9,1,120,0.315,0.115,2.9997698860405477,200,0.45,0.05
legacy,163,9,1,121,0.38,0.11,3.7897973985117845,200,0.45,0.05
legacy,163,9,1,122,0.465,0.1,3.8329625052413974,200,0.45,0.05
legacy,163,9,1,123,0.375,0.115,3.990480044012942,200,0.45,0.05
legacy,163,9,1,124,0.385,0.095,3.5687597920988336,200,0.45,0.05
legacy,164,9,2,100,0.335,0.14,3.2115293554005393,200,0.45,0.1
legacy,164,9,2,101,0.34,0.13,3.5855082584102167,200,0.45,0.1
legacy,164,9,2,102,0.4,0.105,3.797571443602683,200,0.45,0.1
legacy,164,9,2,103,0.335,0.105,4.081460451796263,200,0.45,0.1
legacy,164,9,2,104,0.375,0.11,3.213541687812068,200,0.45,0.1
legacy,164,9,2,105,0.355,0.105,3.9212197270272036,200,0.45,0.1
legacy,164,9,2,106,0.405,0.13,3.567066673090758,200,0.45,0.1
legacy,164,9,2,107,0.365,0.095,3.3398113490500485,200,0.45,0.1
legacy,164,9,2,108,0.43,0.13,3.1194228633288255,200,0.45,0.1
legacy,164,9,2,109,0.395,0.1,3.5952797093034974,200,0.45,0.1
legacy,164,9,2,110,0.33,0.125,3.524921992963426,200,0.45,0.1
legacy,164,9,2,111,0.37,0.1,3.9471313859349793,200,0.45,0.1
legacy,164,9,2,112,0.405,0.125,3.758411760197648,200,0.45,0.1
legacy,164,9,2,113,0.455,0.135,3.7978942296719422,200,0.45,0.1
legacy,164,9,2,114,0.39,0.115,3.5418486280234145,200,0.45,0.1
legacy,164,9,2,115,0.4,0.13,3.3823702762663084,200,0.45,0.1
legacy,164,9,2,116,0.34,0.12,3.2640653266330015,200,0.45,0.1
legacy,164,9,2,117,0.44,0.14,3.869259675439316,200,0.45,0.1
legacy,164,9,2,118,0.4,0.155,2.996361305245308,200,0.45,0.1
legacy,164,9,2,119,0.5,0.135,3.985880086999881,200,0.45,0.1
legacy,164,9,2,120,0.345,0.16,3.3252821029691457,200,0.45,0.1
legacy,164,9,2,121,0.36,0.135,3.914454888629765,200,0.45,0.1
legacy,164,9,2,122,0.48,0.105,3.8199952472350547,200,0.45,0.1
legacy,164,9,2,123,0.385,0.115,3.773052455117674,200,0.45,0.1
legacy,164,9,2,124,0.4,0.095,3.7545812494965958,200,0.45,0.1
legacy,165,9,3,100,0.325,0.15,3.0402091202370207,200,0.45,0.15000000000000002
legacy,165,9,3,101,0.37,0.11,3.521551225852371,200,0.45,0.15000000000000002
legacy,165,9,3,102,0.42,0.12,3.567458227813656,200,0.45,0.15000000000000002
legacy,165,9,3,103,0.36,0.12,3.733660010398528,200,0.45,0.15000000000000002
legacy,165,9,3,104,0.375,0.155,3.5672687584710605,200,0.45,0.15000000000000002
legacy,165,9,3,105,0.365,0.14,3.6947582790744127,200,0.45,0.15000000000000002
legacy,165,9,3,106,0.415,0.145,3.7385726115448907,200,0.45,0.15000000000000002
legacy,165,9,3,107,0.355,0.145,3.2901414445056925,200,0.45,0.15000000000000002
legacy,165,9,3,108,0.425,0.165,3.2955292995255347,200,0.45,0.15000000000000002
legacy,165,9,3,109,0.415,0.145,3.4664572704079926,200,0.45,0.15000000000000002
legacy,165,9,3,110,0.335,0.16,3.3277513595022103,200,0.45,0.15000000000000002
legacy,165,9,3,111,0.385,0.11,3.8415688970684374,200,0.45,0.15000000000000002
legacy,165,9,3,112,0.375,0.12,3.351042161479206,200,0.45,0.15000000000000002
legacy,165,9,3,113,0.44,0.16,3.553019561150526,200,0.45,0.15000000000000002
legacy,165,9,3,114,0.425,0.14,3.5531434770106047,200,0.45,0.15000000000000002
legacy,165,9,3,115,0.415,0.18,3.6096579732005476,200,0.45,0.15000000000000002
legacy,165,9,3,116,0.35,0.12,3.2465892141779364,200,0.45,0.15000000000000002
legacy,165,9,3,117,0.405,0.16,3.5456977466017383,200,0.45,0.15000000000000002
legacy,165,9,3,118,0.395,0.155,3.2308147561520446,200,0.45,0.15000000000000002
legacy,165,9,3,119,0.47,0.13,3.9842516082464874,200,0.45,0.15000000000000002
legacy,165,9,3,120,0.315,0.16,3.49765552386536,200,0.45,0.15000000000000002
legacy,165,9,3,121,0.36,0.15,3.3063494538082536,200,0.45,0.15000000000000002
legacy,165,9,3,122,0.46,0.14,3.8791940936987164,200,0.45,0.15000000000000002
legacy,165,9,3,123,0.36,0.13,3.750915474760717,200,0.45,0.15000000000000002
legacy,165,9,3,124,0.405,0.135,3.593451687277974,200,0.45,0.15000000000000002
legacy,166,9,4,100,0.35,0.16,3.3481363367919164,200,0.45,0.2
legacy,166,9,4,101,0.4,0.155,3.7922267504701987,200,0.45,0.2
legacy,166,9,4,102,0.37,0.15,3.8407628716628444,200,0.45,0.2
legacy,166,9,4,103,0.38,0.16,3.5027180263553235,200,0.45,0.2
legacy,166,9,4,104,0.41,0.135,3.8725519434877627,200,0.45,0.2
legacy,166,9,4,105,0.375,0.175,3.6379319726793606,200,0.45,0.2
legacy,166,9,4,106,0.425,0.195,3.7683428080794776,200,0.45,0.2
legacy,166,9,4,107,0.345,0.17,2.9009545194694963,200,0.45,0.2
legacy,166,9,4,108,0.41,0.185,3.6396533796939967,200,0.45,0.2
legacy,166,9,4,109,0.375,0.18,3.6252772409788383,200,0.45,0.2
legacy,166,9,4,110,0.35,0.18,3.4224895616535913,200,0.45,0.2
legacy,166,9,4,111,0.385,0.16,3.3941575448479453,200,0.45,0.2
legacy,166,9,4,112,0.395,0.17,3.2440691219064717,200,0.45,0.2
legacy,166,9,4,113,0.43,0.17,3.212285688351762,200,0.45,0.2
legacy,166,9,4,114,0.405,0.14,3.558552543352945,200,0.45,0.2
legacy,166,9,4,115,0.41,0.155,3.568028030269049,200,0.45,0.2
legacy,166,9,4,116,0.365,0.165,3.2767071159023016,200,0.45,0.2
legacy,166,9,4,117,0.42,0.2,3.8538184849377344,200,0.45,0.2
legacy,166,9,4,118,0.41,0.175,3.641741349476193,200,0.45,0.2
legacy,166,9,4,119,0.465,0.155,4.073494051688483,200,0.45,0.2
legacy,166,9,4,120,0.295,0.185,3.1398627123668836,200,0.45,0.2
legacy,166,9,4,121,0.365,0.17,3.3214232163271276,200,0.45,0.2
legacy,166,9,4,122,0.475,0.155,4.224977966525563,200,0.45,0.2
legacy,166,9,4,123,0.38,0.19,3.379748785765195,200,0.45,0.2
legacy,166,9,4,124,0.41,0.17,3.7916856745188072,200,0.45,0.2
legacy,167,9,5,100,0.355,0.205,3.395087046768444,200,0.45,0.25
legacy,167,9,5,101,0.395,0.165,3.9489530744717745,200,0.45,0.25
legacy,167,9,5,102,0.395,0.22,3.8131821646028796,200,0.45,0.25
legacy,167,9,5,103,0.355,0.165,3.47614043547902,200,0.45,0.25
legacy,167,9,5,104,0.41,0.175,3.982527184743938,200,0.45,0.25
legacy,167,9,5,105,0.355,0.155,3.4768500661362247,200,0.45,0.25
legacy,167,9,5,106,0.4,0.225,3.671647179233012,200,0.45,0.25
legacy,167,9,5,107,0.365,0.175,3.4327039178592798,200,0.45,0.25
legacy,167,9,5,108,0.395,0.235,3.173209253602827,200,0.45,0.25
legacy,167,9,5,109,0.39,0.21,3.767130926704392,200,0.45,0.25
legacy,167,9,5,110,0.34,0.195,3.747813117794663,200,0.45,0.25
legacy,167,9,5,111,0.4,0.18,3.4384858782143977,200,0.45,0.25
legacy,167,9,5,112,0.37,0.185,3.0814620471531073,200,0.45,0.25
legacy,167,9,5,113,0.43,0.195,3.7812035361226224,200,0.45,0.25
legacy,167,9,5,114,0.405,0.185,3.600364824453158,200,0.45,0.25
legacy,167,9,5,115,0.385,0.15,3.7686042142078664,200,0.45,0.25
legacy,167,9,5,116,0.35,0.175,3.5491343890533984,200,0.45,0.25
legacy,167,9,5,117,0.38,0.185,3.764734437052706,200,0.45,0.25
legacy,167,9,5,118,0.39,0.23,3.243587820104923,200,0.45,0.25
legacy,167,9,5,119,0.46,0.2,3.2533791597145916,200,0.45,0.25
legacy,167,9,5,120,0.32,0.2,3.2930626888045844,200,0.45,0.25
legacy,167,9,5,121,0.37,0.18,3.5744681213414435,200,0.45,0.25
legacy,167,9,5,122,0.45,0.18,3.62916898961648,200,0.45,0.25
legacy,167,9,5,123,0.37,0.2,3.6024636118344957,200,0.45,0.25
legacy,167,9,5,124,0.42,0.205,3.8940254001262304,200,0.45,0.25
legacy,168,9,6,100,0.36,0.235,3.4130616467902244,200,0.45,0.30000000000000004
legacy,168,9,6,101,0.38,0.205,3.8054562124564035,200,0.45,0.30000000000000004
legacy,168,9,6,102,0.41,0.205,3.3035913165815254,200,0.45,0.30000000000000004
legacy,168,9,6,103,0.38,0.205,3.4206068695383425,200,0.45,0.30000000000000004
legacy,168,9,6,104,0.425,0.19,3.8302364048076685,200,0.45,0.30000000000000004
legacy,168,9,6,105,0.36,0.19,3.93924590011964,200,0.45,0.30000000000000004
legacy,168,9,6,106,0.41,0.2,3.213625678462678,200,0.45,0.30000000000000004
legacy,168,9,6,107,0.355,0.235,2.9717593673697307,200,0.45,0.30000000000000004
legacy,168,9,6,108,0.44,0.245,3.4237163509690616,200,0.45,0.30000000000000004
legacy,168,9,6,109,0.4,0.22,3.0591842463914736,200,0.45,0.30000000000000004
legacy,168,9,6,110,0.325,0.27,3.38483375666342,200,0.45,0.30000000000000004
legacy,168,9,6,111,0.365,0.215,3.705532459711406,200,0.45,0.30000000000000004
legacy,168,9,6,112,0.395,0.215,3.7702542421425282,200,0.45,0.30000000000000004
legacy,168,9,6,113,0.43,0.215,3.5912511865359638,200,0.45,0.30000000000000004
legacy,168,9,6,114,0.39,0.2,3.4433499264546854,200,0.45,0.30000000000000004
legacy,168,9,6,115,0.4,0.185,3.640803742996744,200,0.45,0.30000000000000004
legacy,168,9,6,116,0.34,0.2,3.370566098756392,200,0.45,0.30000000000000004
legacy,168,9,6,117,0.385,0.255,3.520034701948142,200,0.45,0.30000000000000004
legacy,168,9,6,118,0.41,0.235,3.335410993661063,200,0.45,0.30000000000000004
legacy,168,9,6,119,0.5,0.195,4.218354993331625,200,0.45,0.30000000000000004
legacy,168,9,6,120,0.325,0.245,3.2064655914146845,200,0.45,0.30000000000000004
legacy,168,9,6,121,0.37,0.23,3.5740879115308912,200,0.45,0.30000000000000004
legacy,168,9,6,122,0.435,0.2,3.5686262114907503,200,0.45,0.30000000000000004
legacy,168,9,6,123,0.385,0.215,3.4604706018667195,200,0.45,0.30000000000000004
legacy,168,9,6,124,0.41,0.21,3.794794851693648,200,0.45,0.30000000000000004
legacy,169,9,7,100,0.36,0.26,3.626807735852405,200,0.45,0.35000000000000003
legacy,169,9,7,101,0.365,0.21,3.8331614370179663,200,0.45,0.35000000000000003
legacy,169,9,7,102,0.395,0.265,3.518710392687889,200,0.45,0.35000000000000003
legacy,169,9,7,103,0.345,0.21,3.8340920729790424,200,0.45,0.35000000000000003
legacy,169,9,7,104,0.39,0.225,3.649194144788897,200,0.45,0.35000000000000003
legacy,169,9,7,105,0.37,0.235,3.968879942337833,200,0.45,0.35000000000000003
legacy,169,9,7,106,0.405,0.25,3.394637713959267,200,0.45,0.35000000000000003
legacy,169,9,7,107,0.375,0.235,3.6123417446478663,200,0.45,0.35000000000000003
legacy,169,9,7,108,0.42,0.26,3.6967138265968957,200,0.45,0.35000000000000003
legacy,169,9,7,109,0.38,0.25,3.2582370218537933,200,0.45,0.35000000000000003
legacy,169,9,7,110,0.345,0.3,3.5317779538238767,200,0.45,0.35000000000000003
legacy,169,9,7,111,0.395,0.2,3.6371715185863054,200,0.45,0.35000000000000003
legacy,169,9,7,112,0.375,0.215,3.5789373760143097,200,0.45,0.35000000000000003
legacy,169,9,7,113,0.435,0.23,3.22432711751255,200,0.45,0.35000000000000003
legacy,169,9,7,114,0.385,0.215,3.616800817895861,200,0.45,0.35000000000000003
legacy,169,9,7,115,0.42,0.225,4.124019669608895,200,0.45,0.35000000000000003
legacy,169,9,7,116,0.36,0.235,3.258376218736595,200,0.45,0.35000000000000003
legacy,169,9,7,117,0.41,0.255,4.0414024455615305,200,0.45,0.35000000000000003
legacy,169,9,7,118,0.42,0.245,3.4490507830619426,200,0.45,0.35000000000000003
legacy,169,9,7,119,0.49,0.19,4.26185768855066,200,0.45,0.35000000000000003
legacy,169,9,7,120,0.33,0.3,3.5107863395779497,200,0.45,0.35000000000000003
legacy,169,9,7,121,0.35,0.25,3.525612989623462,200,0.45,0.35000000000000003
legacy,169,9,7,122,0.465,0.205,4.181958600670914,200,0.45,0.35000000000000003
legacy,169,9,7,123,0.37,0.28,3.2665946747831316,200,0.45,0.35000000000000003
legacy,169,9,7,124,0.41,0.225,3.974800644318708,200,0.45,0.35000000000000003
legacy,170,9,8,100,0.355,0.3,3.7684501289358168,200,0.45,0.4
legacy,170,9,8,101,0.385,0.24,3.7262983588570626,200,0.45,0.4
legacy,170,9,8,102,0.4,0.245,3.5565505167729135,200,0.45,0.4
legacy,170,9,8,103,0.36,0.265,3.631826851684021,200,0.45,0.4
legacy,170,9,8,104,0.395,0.25,3.5169134062234115,200,0.45,0.4
legacy,170,9,8,105,0.355,0.27,3.72213399790698,200,0.45,0.4
legacy,170,9,8,106,0.385,0.28,3.0185002859477685,200,0.45,0.4
legacy,170,9,8,107,0.37,0.25,3.0486713872278033,200,0.45,0.4
legacy,170,9,8,108,0.395,0.29,3.695607813184913,200,0.45,0.4
legacy,170,9,8,109,0.4,0.28,3.224752821158978,200,0.45,0.4
legacy,170,9,8,110,0.345,0.295,3.713718616049894,200,0.45,0.4
legacy,170,9,8,111,0.375,0.255,3.9804086109098455,200,0.45,0.4
legacy,170,9,8,112,0.39,0.27,3.7309070394816137,200,0.45,0.4
legacy,170,9,8,113,0.445,0.25,3.380236423298064,200,0.45,0.4
legacy,170,9,8,114,0.405,0.265,3.4410985174972586,200,0.45,0.4
legacy,170,9,8,115,0.42,0.245,4.199883704921213,200,0.45,0.4
legacy,170,9,8,116,0.33,0.27,3.2754110172224347,200,0.45,0.4
legacy,170,9,8,117,0.41,0.29,3.7627086722737717,200,0.45,0.4
legacy,170,9,8,118,0.39,0.27,3.562594732067041,200,0.45,0.4
legacy,170,9,8,119,0.5,0.23,3.8075521997476436,200,0.45,0.4
legacy,170,9,8,120,0.305,0.3,3.5552619224349242,200,0.45,0.4
legacy,170,9,8,121,0.36,0.295,4.00736510885509,200,0.45,0.4
legacy,170,9,8,122,0.485,0.22,4.106389468040576,200,0.45,0.4
legacy,170,9,8,123,0.375,0.28,3.1564217434347235,200,0.45,0.4
legacy,170,9,8,124,0.425,0.25,3.8150544178642165,200,0.45,0.4
legacy,171,9,9,100,0.35,0.3,3.857883959380766,200,0.45,0.45
legacy,171,9,9,101,0.37,0.255,3.935662132203655,200,0.45,0.45
legacy,171,9,9,102,0.395,0.295,3.632632434582116,200,0.45,0.45
legacy,171,9,9,103,0.38,0.285,3.7011206027647683,200,0.45,0.45
legacy,171,9,9,104,0.4,0.26,3.867525851333471,200,0.45,0.45
legacy,171,9,9,105,0.38,0.28,3.7212142328300306,200,0.45,0.45
legacy,171,9,9,106,0.39,0.305,3.517999590574635,200,0.45,0.45
legacy,171,9,9,107,0.345,0.305,3.4032646681146206,200,0.45,0.45
legacy,171,9,9,108,0.38,0.3,2.9959129411378758,200,0.45,0.45
legacy,171,9,9,109,0.41,0.265,3.490124547254942,200,0.45,0.45
legacy,171,9,9,110,0.35,0.335,3.584614530665033,200,0.45,0.45
legacy,171,9,9,111,0.4,0.29,3.8526964217740876,200,0.45,0.45
legacy,171,9,9,112,0.38,0.29,3.4012351214713332,200,0.45,0.45
legacy,171,9,9,113,0.42,0.3,3.1347077409596262,200,0.45,0.45
legacy,171,9,9,114,0.4,0.27,3.348627800906786,200,0.45,0.45
legacy,171,9,9,115,0.405,0.27,3.8169720911130844,200,0.45,0.45
legacy,171,9,9,116,0.355,0.305,2.9528994989980366,200,0.45,0.45
legacy,171,9,9,117,0.41,0.33,3.87150716374948,200,0.45,0.45
legacy,171,9,9,118,0.405,0.33,3.1873705255183866,200,0.45,0.45
legacy,171,9,9,119,0.485,0.255,4.206333429633846,200,0.45,0.45
legacy,171,9,9,120,0.32,0.35,3.6989127925425738,200,0.45,0.45
legacy,171,9,9,121,0.39,0.31,4.205275832574095,200,0.45,0.45
legacy,171,9,9,122,0.485,0.245,4.158112870582683,200,0.45,0.45
legacy,171,9,9,123,0.365,0.315,3.63741553311898,200,0.45,0.45
legacy,171,9,9,124,0.425,0.28,3.935760683938545,200,0.45,0.45
legacy,172,9,10,100,0.375,0.33,3.720716066945995,200,0.45,0.5
legacy,172,9,10,101,0.39,0.31,4.024087118587471,200,0.45,0.5
legacy,172,9,10,102,0.4,0.32,3.3912300258314745,200,0.45,0.5
legacy,172,9,10,103,0.355,0.295,3.6027939076455304,200,0.45,0.5
legacy,172,9,10,104,0.41,0.285,3.586801669290993,200,0.45,0.5
legacy,172,9,10,105,0.37,0.3,3.624238330964421,200,0.45,0.5
legacy,172,9,10,106,0.42,0.305,3.674397330584639,200,0.45,0.5
legacy,172,9,10,107,0.37,0.32,3.1635410290529222,200,0.45,0.5
legacy,172,9,10,108,0.4,0.3,2.7501104999869006,200,0.45,0.5
legacy,172,9,10,109,0.41,0.315,3.0332848261397927,200,0.45,0.5
legacy,172,9,10,110,0.335,0.35,3.836389269617075,200,0.45,0.5
legacy,172,9,10,111,0.36,0.31,4.1306954081255824,200,0.45,0.5
legacy,172,9,10,112,0.37,0.295,3.3042471283462977,200,0.45,0.5
legacy,172,9,10,113,0.435,0.27,3.23620501629897,200,0.45,0.5
legacy,172,9,10,114,0.395,0.32,3.8342689801952496,200,0.45,0.5
legacy,172,9,10,115,0.405,0.28,4.060927701182839,200,0.45,0.5
legacy,172,9,10,116,0.36,0.345,3.2067265838611014,200,0.45,0.5
legacy,172,9,10,117,0.4,0.365,4.6046301393766536,200,0.45,0.5
legacy,172,9,10,118,0.395,0.325,2.726812511107283,200,0.45,0.5
legacy,172,9,10,119,0.485,0.26,4.290298413597413,200,0.45,0.5
legacy,172,9,10,120,0.34,0.37,3.850826817079504,200,0.45,0.5
legacy,172,9,10,121,0.355,0.35,3.570950229649457,200,0.45,0.5
legacy,172,9,10,122,0.475,0.255,4.651819386713812,200,0.45,0.5
legacy,172,9,10,123,0.38,0.325,3.262271271103533,200,0.45,0.5
legacy,172,9,10,124,0.4,0.315,4.03831818815348,200,0.45,0.5
legacy,173,9,11,100,0.36,0.38,4.17690625903913,200,0.45,0.55
legacy,173,9,11,101,0.405,0.345,4.036139330634225,200,0.45,0.55
legacy,173,9,11,102,0.39,0.36,3.4981839728091315,200,0.45,0.55
legacy,173,9,11,103,0.375,0.315,3.7501129456359568,200,0.45,0.55
legacy,173,9,11,104,0.395,0.34,4.105330355569934,200,0.45,0.55
legacy,173,9,11,105,0.355,0.335,3.3331797270170362,200,0.45,0.55
legacy,173,9,11,106,0.38,0.34,3.8809554583948214,200,0.45,0.55
legacy,173,9,11,107,0.37,0.37,3.110112336098826,200,0.45,0.55
legacy,173,9,11,108,0.385,0.345,3.0624961091331913,200,0.45,0.55
legacy,173,9,11,109,0.39,0.33,3.038404860612951,200,0.45,0.55
legacy,173,9,11,110,0.365,0.36,4.24140736222896,200,0.45,0.55
legacy,173,9,11,111,0.385,0.325,4.23626830656143,200,0.45,0.55
legacy,173,9,11,112,0.4,0.345,3.398116967496774,200,0.45,0.55
legacy,173,9,11,113,0.43,0.31,3.4151822655213313,200,0.45,0.55
legacy,173,9,11,114,0.415,0.335,3.597462188152298,200,0.45,0.55
legacy,173,9,11,115,0.425,0.325,4.1587127391051855,200,0.45,0.55
legacy,173,9,11,116,0.37,0.36,3.636950200639142,200,0.45,0.55
legacy,173,9,11,117,0.405,0.365,4.300595240698491,200,0.45,0.55
legacy,173,9,11,118,0.415,0.345,3.4596667210463146,200,0.45,0.55
legacy,173,9,11,119,0.495,0.28,4.033410742937438,200,0.45,0.55
legacy,173,9,11,120,0.34,0.385,3.8591475943430336,200,0.45,0.55
legacy,173,9,11,121,0.355,0.36,3.6029114850867345,200,0.45,0.55
legacy,173,9,11,122,0.45,0.315,3.9433685743506,200,0.45,0.55
legacy,173,9,11,123,0.365,0.37,3.295634659309326,200,0.45,0.55
legacy,173,9,11,124,0.405,0.375,4.26519541705692,200,0.45,0.55
legacy,174,9,12,100,0.37,0.415,4.3700508701307035,200,0.45,0.6000000000000001
legacy,174,9,12,101,0.39,0.36,3.9671087638677993,200,0.45,0.6000000000000001
legacy,174,9,12,102,0.39,0.385,3.238285668632366,200,0.45,0.6000000000000001
legacy,174,9,12,103,0.355,0.355,3.5813834536585323,200,0.45,0.6000000000000001
legacy,174,9,12,104,0.395,0.35,3.780214355224307,200,0.45,0.6000000000000001
legacy,174,9,12,105,0.365,0.385,4.077062816098117,200,0.45,0.6000000000000001
legacy,174,9,12,106,0.415,0.345,3.3863309496343867,200,0.45,0.6000000000000001
legacy,174,9,12,107,0.365,0.39,3.6923274083590716,200,0.45,0.6000000000000001
legacy,174,9,12,108,0.41,0.365,3.049415712237264,200,0.45,0.6000000000000001
legacy,174,9,12,109,0.405,0.37,3.008524571834524,200,0.45,0.6000000000000001
legacy,174,9,12,110,0.34,0.415,4.0835753233894145,200,0.45,0.6000000000000001
legacy,174,9,12,111,0.375,0.37,4.010245267163734,200,0.45,0.6000000000000001
legacy,174,9,12,112,0.375,0.37,2.8456917017287418,200,0.45,0.6000000000000001
legacy,174,9,12,113,0.44,0.34,3.3825235334815558,200,0.45,0.6000000000000001
legacy,174,9,12,114,0.415,0.35,3.8764479920790382,200,0.45,0.6000000000000001
legacy,174,9,12,115,0.43,0.33,4.460304133164821,200,0.45,0.6000000000000001
legacy,174,9,12,116,0.355,0.385,3.2623350886695595,200,0.45,0.6000000000000001
legacy,174,9,12,117,0.4,0.395,3.962540625300313,200,0.45,0.6000000000000001
legacy,174,9,12,118,0.41,0.375,3.572763569842294,200,0.45,0.6000000000000001
legacy,174,9,12,119,0.49,0.32,4.790603618419217,200,0.45,0.6000000000000001
legacy,174,9,12,120,0.325,0.435,4.413866010171263,200,0.45,0.6000000000000001
legacy,174,9,12,121,0.37,0.4,4.01695058869435,200,0.45,0.6000000000000001
legacy,174,9,12,122,0.46,0.335,4.296165911843389,200,0.45,0.6000000000000001
legacy,174,9,12,123,0.36,0.375,3.5533009684025187,200,0.45,0.6000000000000001
legacy,174,9,12,124,0.425,0.38,4.260249142327076,200,0.45,0.6000000000000001
legacy,175,9,13,100,0.37,0.39,3.6942818016993133,200,0.45,0.65
legacy,175,9,13,101,0.395,0.38,4.224013358928261,200,0.45,0.65
legacy,175,9,13,102,0.375,0.375,3.878890220512377,200,0.45,0.65
legacy,175,9,13,103,0.365,0.395,3.5161927580554435,200,0.45,0.65
legacy,175,9,13,104,0.405,0.39,4.063720313482827,200,0.45,0.65
legacy,175,9,13,105,0.37,0.415,3.787069426394162,200,0.45,0.65
legacy,175,9,13,106,0.38,0.39,3.937136803427819,200,0.45,0.65
legacy,175,9,13,107,0.365,0.425,3.57097647686925,200,0.45,0.65
legacy,175,9,13,108,0.42,0.4,3.4150074732338656,200,0.45,0.65
legacy,175,9,13,109,0.4,0.4,3.2744761830944236,200,0.45,0.65
legacy,175,9,13,110,0.32,0.425,3.8381384175600077,200,0.45,0.65
legacy,175,9,13,111,0.38,0.4,4.112956165594688,200,0.45,0.65
legacy,175,9,13,112,0.395,0.375,3.2418037560633466,200,0.45,0.65
legacy,175,9,13,113,0.44,0.355,3.4485595056615397,200,0.45,0.65
legacy,175,9,13,114,0.395,0.36,3.8351793303422723,200,0.45,0.65
legacy,175,9,13,115,0.415,0.375,3.9348383729082625,200,0.45,0.65
legacy,175,9,13,116,0.36,0.42,3.4987528953353757,200,0.45,0.65
legacy,175,9,13,117,0.39,0.42,3.9797532482794122,200,0.45,0.65
legacy,175,9,13,118,0.405,0.415,3.4756081041709823,200,0.45,0.65
legacy,175,9,13,119,0.485,0.315,4.441627571283435,200,0.45,0.65
legacy,175,9,13,120,0.325,0.45,4.081582349754351,200,0.45,0.65
legacy,175,9,13,121,0.365,0.42,3.8810152642058915,200,0.45,0.65
legacy,175,9,13,122,0.445,0.35,4.441575870828298,200,0.45,0.65
legacy,175,9,13,123,0.375,0.41,3.715161299592755,200,0.45,0.65
legacy,175,9,13,124,0.395,0.4,4.415169557342698,200,0.45,0.65
legacy,176,9,14,100,0.375,0.425,3.8990107863687524,200,0.45,0.7000000000000001
legacy,176,9,14,101,0.395,0.42,4.455921849974328,200,0.45,0.7000000000000001
legacy,176,9,14,102,0.395,0.415,3.4408288707036276,200,0.45,0.7000000000000001
legacy,176,9,14,103,0.38,0.42,3.9929324471919823,200,0.45,0.7000000000000001
legacy,176,9,14,104,0.41,0.41,4.363752835092922,200,0.45,0.7000000000000001
legacy,176,9,14,105,0.365,0.42,3.636854396901785,200,0.45,0.7000000000000001
legacy,176,9,14,106,0.385,0.4,3.7529199585621957,200,0.45,0.7000000000000001
legacy,176,9,14,107,0.35,0.425,3.6201986782910422,200,0.45,0.7000000000000001
legacy,176,9,14,108,0.415,0.41,3.217681196940313,200,0.45,0.7000000000000001
legacy,176,9,14,109,0.4,0.42,3.3097290895368547,200,0.45,0.7000000000000001
legacy,176,9,14,110,0.315,0.49,3.9587471051372516,200,0.45,0.7000000000000001
legacy,176,9,14,111,0.395,0.435,3.7549826223387446,200,0.45,0.7000000000000001
legacy,176,9,14,112,0.4,0.41,3.4575081207075913,200,0.45,0.7000000000000001
legacy,176,9,14,113,0.44,0.39,4.037126565954504,200,0.45,0.7000000000000001
legacy,176,9,14,114,0.405,0.395,3.8625699352387204,200,0.45,0.7000000000000001
legacy,176,9,14,115,0.415,0.395,4.20896348646007,200,0.45,0.7000000000000001
legacy,176,9,14,116,0.36,0.45,3.2841636536556984,200,0.45,0.7000000000000001
legacy,176,9,14,117,0.405,0.44,3.9877219626752627,200,0.45,0.7000000000000001
legacy,176,9,14,118,0.41,0.415,3.936376069384869,200,0.45,0.7000000000000001
legacy,176,9,14,119,0.485,0.345,4.672876744609889,200,0.45,0.7000000000000001
legacy,176,9,14,120,0.315,0.475,4.180750794236672,200,0.45,0.7000000000000001
legacy,176,9,14,121,0.37,0.43,3.83622807582197,200,0.45,0.7000000000000001
legacy,176,9,14,122,0.44,0.365,4.61437354817561,200,0.45,0.7000000000000001
legacy,176,9,14,123,0.375,0.44,3.998861020814969,200,0.45,0.7000000000000001
legacy,176,9,14,124,0.395,0.41,3.9325232856077617,200,0.45,0.7000000000000001
legacy,177,9,15,100,0.37,0.445,3.8587302318502337,200,0.45,0.75
legacy,177,9,15,101,0.38,0.445,4.609705866218621,200,0.45,0.75
legacy,177,9,15,102,0.375,0.42,3.2313013930740784,200,0.45,0.75
legacy,177,9,15,103,0.37,0.45,3.6762375890868224,200,0.45,0.75
legacy,177,9,15,104,0.395,0.42,4.268845584603245,200,0.45,0.75
legacy,177,9,15,105,0.37,0.465,3.535800044073739,200,0.45,0.75
legacy,177,9,15,106,0.4,0.425,3.6835898187294167,200,0.45,0.75
legacy,177,9,15,107,0.36,0.46,2.6307010037664766,200,0.45,0.75
legacy,177,9,15,108,0.395,0.465,3.1765308633509957,200,0.45,0.75
legacy,177,9,15,109,0.395,0.435,3.5306446528642703,200,0.45,0.75
legacy,177,9,15,110,0.345,0.51,4.150608893646755,200,0.45,0.75
legacy,177,9,15,111,0.395,0.46,4.499046728515851,200,0.45,0.75
legacy,177,9,15,112,0.37,0.455,3.7854959334050164,200,0.45,0.75
legacy,177,9,15,113,0.435,0.42,3.269643880393373,200,0.45,0.75
legacy,177,9,15,114,0.415,0.42,3.742938987008706,200,0.45,0.75
legacy,177,9,15,115,0.405,0.43,4.450946339090824,200,0.45,0.75
legacy,177,9,15,116,0.355,0.48,3.848565593234206,200,0.45,0.75
legacy,177,9,15,117,0.415,0.46,4.239800991193253,200,0.45,0.75
legacy,177,9,15,118,0.425,0.42,3.3248651387049692,200,0.45,0.75
legacy,177,9,15,119,0.49,0.37,5.052211754695009,200,0.45,0.75
legacy,177,9,15,120,0.325,0.505,4.323991432904997,200,0.45,0.75
legacy,177,9,15,121,0.385,0.475,4.428997847841263,200,0.45,0.75
legacy,177,9,15,122,0.435,0.395,4.235517759696464,200,0.45,0.75
legacy,177,9,15,123,0.375,0.465,3.9153599743322776,200,0.45,0.75
legacy,177,9,15,124,0.405,0.45,4.18576280250341,200,0.45,0.75
legacy,178,9,16,100,0.37,0.47,4.602763169615294,200,0.45,0.8
legacy,178,9,16,101,0.385,0.475,4.675960763783354,200,0.45,0.8
legacy,178,9,16,102,0.385,0.46,3.953301061654472,200,0.45,0.8
legacy,178,9,16,103,0.37,0.48,3.8791388518125065,200,0.45,0.8
legacy,178,9,16,104,0.41,0.44,4.266146925978743,200,0.45,0.8
legacy,178,9,16,105,0.355,0.49,4.236392905668182,200,0.45,0.8
legacy,178,9,16,106,0.4,0.475,4.025474697210828,200,0.45,0.8
legacy,178,9,16,107,0.36,0.515,3.6778007572972498,200,0.45,0.8
legacy,178,9,16,108,0.395,0.45,3.347647449742618,200,0.45,0.8
legacy,178,9,16,109,0.405,0.465,3.501870985230921,200,0.45,0.8
legacy,178,9,16,110,0.325,0.52,4.437424662208824,200,0.45,0.8
legacy,178,9,16,111,0.39,0.47,4.306127513771951,200,0.45,0.8
legacy,178,9,16,112,0.38,0.465,3.76069338733497,200,0.45,0.8
legacy,178,9,16,113,0.42,0.435,3.4449746683496336,200,0.45,0.8
legacy,178,9,16,114,0.405,0.435,3.773382675749798,200,0.45,0.8
legacy,178,9,16,115,0.42,0.445,4.134726036398554,200,0.45,0.8
legacy,178,9,16,116,0.335,0.53,3.1848028624954905,200,0.45,0.8
legacy,178,9,16,117,0.425,0.47,4.779640936209681,200,0.45,0.8
legacy,178,9,16,118,0.42,0.44,3.2920976674457414,200,0.45,0.8
legacy,178,9,16,119,0.49,0.385,4.258637102580966,200,0.45,0.8
legacy,178,9,16,120,0.33,0.52,4.625375401342366,200,0.45,0.8
legacy,178,9,16,121,0.365,0.49,4.534705530656149,200,0.45,0.8
legacy,178,9,16,122,0.455,0.425,4.733168697738103,200,0.45,0.8
legacy,178,9,16,123,0.365,0.495,3.767658283199522,200,0.45,0.8
legacy,178,9,16,124,0.405,0.475,4.314934473285956,200,0.45,0.8
legacy,179,9,17,100,0.37,0.49,4.805906462050666,200,0.45,0.8500000000000001
legacy,179,9,17,101,0.39,0.49,4.800624771731663,200,0.45,0.8500000000000001
legacy,179,9,17,102,0.39,0.47,3.662348960631824,200,0.45,0.8500000000000001
legacy,179,9,17,103,0.36,0.51,4.33737633891636,200,0.45,0.8500000000000001
legacy,179,9,17,104,0.41,0.465,4.225889356401557,200,0.45,0.8500000000000001
legacy,179,9,17,105,0.365,0.515,4.20080032641842,200,0.45,0.8500000000000001
legacy,179,9,17,106,0.405,0.485,3.8674649155220067,200,0.45,0.8500000000000001
legacy,179,9,17,107,0.365,0.505,3.7096993199334802,200,0.45,0.8500000000000001
legacy,179,9,17,108,0.395,0.48,3.4050800345431997,200,0.45,0.8500000000000001
legacy,179,9,17,109,0.395,0.485,4.156851086983338,200,0.45,0.8500000000000001
legacy,179,9,17,110,0.335,0.56,3.919476738333359,200,0.45,0.8500000000000001
legacy,179,9,17,111,0.4,0.485,4.563410181453863,200,0.45,0.8500000000000001
legacy,179,9,17,112,0.385,0.5,4.078161561945049,200,0.45,0.8500000000000001
legacy,179,9,17,113,0.435,0.44,4.01923697642449,200,0.45,0.8500000000000001
legacy,179,9,17,114,0.41,0.465,4.058672991033983,200,0.45,0.8500000000000001
legacy,179,9,17,115,0.39,0.49,4.708076369354378,200,0.45,0.8500000000000001
legacy,179,9,17,116,0.335,0.545,3.797244469864879,200,0.45,0.8500000000000001
legacy,179,9,17,117,0.415,0.475,4.815488782121047,200,0.45,0.8500000000000001
legacy,179,9,17,118,0.41,0.47,3.8901585043944125,200,0.45,0.8500000000000001
legacy,179,9,17,119,0.475,0.41,4.631537901861095,200,0.45,0.8500000000000001
legacy,179,9,17,120,0.335,0.555,5.096846637744775,200,0.45,0.8500000000000001
legacy,179,9,17,121,0.37,0.52,4.430182572449357,200,0.45,0.8500000000000001
legacy,179,9,17,122,0.45,0.44,4.926160460216774,200,0.45,0.8500000000000001
legacy,179,9,17,123,0.37,0.53,3.4216792630837585,200,0.45,0.8500000000000001
legacy,179,9,17,124,0.395,0.495,4.966058485162514,200,0.45,0.8500000000000001
